시설번호,시설유형코드,시도명,시군구명,시군구코드,소재지도로명주소,소재지지번주소,위도,경도,상세위치,안전센터명,보호틀유무,설치연도,출수압력,관할기관명,관할기관전화번호,데이터기준일자,제공기관코드,제공기관명
토산7호,1,제주특별자치도,서귀포시,50130,제주특별자치도 서귀포시 표선면 토산중앙로 275,제주특별자치도 서귀포시 표선면 토산리 1369-1,33.3265914724,126.7662293519,토산1리사무소 앞,표선119안전센터,Y,2017,3.0,동부소방서,064-780-9182,2024-02-07,1661000,소방청
토산6호,1,제주특별자치도,서귀포시,50130,제주특별자치도 서귀포시 표선면 중산간동로 5468,제주특별자치도 서귀포시 표선면 1550-7,33.3328499098,126.768771363,토산1리 노인회관,표선119안전센터,Y,2011,2.0,동부소방서,064-780-9182,2024-02-07,1661000,소방청
토산5호,1,제주특별자치도,서귀포시,50130,제주특별자치도 서귀포시 표선면 토산중앙로46번길 1,제주특별자치도 서귀포시 표선면 토산리 519-3,33.3101358379,126.7768574147,토산초등학교 표지판 삼거리,표선119안전센터,Y,2006,3.5,동부소방서,064-780-9182,2024-02-07,1661000,소방청
토산4호,1,제주특별자치도,서귀포시,50130,제주특별자치도 서귀포시 표선면 일주동로 6414,제주특별자치도 서귀포시 표선면 토산리 71-1,33.3074900495,126.7864256202,샤인빌리조트 입구 삼거리,표선119안전센터,Y,2006,5.2,동부소방서,064-780-9182,2024-02-07,1661000,소방청
토산3호,1,제주특별자치도,서귀포시,50130,제주특별자치도 서귀포시 표선면 일주동로 6470,제주특별자치도 서귀포시 표선면 토산리 439-7,33.3076424283,126.7805287285,일주도로 토산초등학교 입구삼거리,표선119안전센터,Y,1995,3.8,동부소방서,064-780-9182,2024-02-07,1661000,소방청
토산2호,1,제주특별자치도,서귀포시,50130,제주특별자치도 서귀포시 표선면 토산중앙로 13,제주특별자치도 서귀포시 표선면 토산리 440-1,33.3083300395,126.7797294936,토산2리사무소 앞 삼거리,표선119안전센터,Y,1995,2.8,동부소방서,064-780-9182,2024-02-07,1661000,소방청
토산1호,1,제주특별자치도,서귀포시,50130,제주특별자치도 서귀포시 표선면 중산간동로 5522,제주특별자치도 서귀포시 표선면 토산리 1444-1,33.328802717,126.7694895,토산 중산간동로 5522 앞,표선119안전센터,Y,2018,3.5,동부소방서,064-780-9182,2024-02-07,1661000,소방청
세화10호,1,제주특별자치도,서귀포시,50130,제주특별자치도 서귀포시 표선면 세성로 302,제주특별자치도 서귀포시 표선면 세화리 1123-3,33.3321222273,126.7979944245,세화1리사무소 맞은편,표선119안전센터,Y,1980,2.8,동부소방서,064-780-9182,2024-02-07,1661000,소방청
세화9호,1,제주특별자치도,서귀포시,50130,제주특별자치도 서귀포시 표선면 세화리 757,제주특별자치도 서귀포시 표선면 세화리 757,33.3396458971,126.806201395,세화리 757 회전교차로 남동쪽 인근 도로상,표선119안전센터,Y,2018,4.0,동부소방서,064-780-9182,2024-02-07,1661000,소방청
세화8호,1,제주특별자치도,서귀포시,50130,제주특별자치도 서귀포시 표선면 가시로 309,제주특별자치도 서귀포시 표선면 세화리 2162-4,33.3418863114,126.7937800883,회전교차로에서 샤인빌파크 방향 도로,표선119안전센터,Y,2018,5.5,동부소방서,064-780-9182,2024-02-07,1661000,소방청
세화7호,1,제주특별자치도,서귀포시,50130,제주특별자치도 서귀포시 표선면 세성로 166,제주특별자치도 서귀포시 표선면 세화리 1368,33.3206418693,126.8012204332,세화리 낙원산업 북측 50m,표선119안전센터,Y,2013,4.1,동부소방서,064-780-9182,2024-02-07,1661000,소방청
세화6호,1,제주특별자치도,서귀포시,50130,제주특별자치도 서귀포시 표선면 세화강왓로 105,제주특별자치도 서귀포시 표선면 세화리 1811-1,33.3267718558,126.7959369041,구 화산초등학교에서 세화3리방면 서측,표선119안전센터,Y,2004,3.5,동부소방서,064-780-9182,2024-02-07,1661000,소방청
세화5호,1,제주특별자치도,서귀포시,50130,제주특별자치도 서귀포시 표선면 돈오름로22번길 32,제주특별자치도 서귀포시 표선면 세화리 1074-1,33.3302936138,126.7995377888,대진석유 앞,표선119안전센터,Y,2001,1.6,동부소방서,064-780-9182,2024-02-07,1661000,소방청
세화4호,1,제주특별자치도,서귀포시,50130,제주특별자치도 서귀포시 표선면 세화로 168,제주특별자치도 서귀포시 표선면 세화리 1652-3,33.3188495423,126.7901576441,세화3리사무소 앞,표선119안전센터,Y,2010,1.8,동부소방서,064-780-9182,2024-02-07,1661000,소방청
세화3호,1,제주특별자치도,서귀포시,50130,제주특별자치도 서귀포시 표선면 일주동로 6264,제주특별자치도 서귀포시 표선면 세화리 1505-1,33.3070851855,126.8023726602,세화2리 어촌계 복지회관 앞,표선119안전센터,Y,2010,4.0,동부소방서,064-780-9182,2024-02-07,1661000,소방청
세화2호,1,제주특별자치도,서귀포시,50130,제주특별자치도 서귀포시 표선면 일주동로 6216,제주특별자치도 서귀포시 표선면 129-6,33.3075671869,126.8076523785,일주도로 세화1리 입구 삼거리 서측,표선119안전센터,Y,2010,4.0,동부소방서,064-780-9182,2024-02-07,1661000,소방청
세화1호,1,제주특별자치도,서귀포시,50130,제주특별자치도 서귀포시 표선면 세성로 333번길 45,제주특별자치도 서귀포시 표선면1829-1,33.32970511,126.7952935923,세화1리사무소 남서측 100m,표선119안전센터,Y,1996,2.2,동부소방서,064-780-9182,2024-02-07,1661000,소방청
하천8호,1,제주특별자치도,서귀포시,50130,제주특별자치도 서귀포시 표선면 번영로 3428번길 16,제주특별자치도 서귀포시 표선면 하천리 1092,33.3432750923,126.8252340567,번영로 달산봉교차로 서남측,표선119안전센터,Y,2016,4.0,동부소방서,064-780-9182,2024-02-07,1661000,소방청
하천7호,1,제주특별자치도,서귀포시,50130,제주특별자치도 서귀포시 표선면 일주동로 5691,제주특별자치도 서귀포시 표선면 하천리 134-1,33.3373258797,126.842835069,하천리 SK LPG표선충전소 맞은편 인도,표선119안전센터,Y,2010,3.0,동부소방서,064-780-9182,2024-02-07,1661000,소방청
하천6호,1,제주특별자치도,서귀포시,50130,제주특별자치도 서귀포시 표선면 한마음초등로 399,제주특별자치도 서귀포시 표선면 하천리 1832-1,33.3545660283,126.813866043,표선생활체육관 앞,표선119안전센터,Y,2008,4.5,동부소방서,064-780-9182,2024-02-07,1661000,소방청
하천5호,1,제주특별자치도,서귀포시,50130,제주특별자치도 서귀포시 표선면 한마음초등로 507,제주특별자치도 서귀포시 표선면 가시리 945,33.3535868355,126.8253270129,번영로 하천교차로 동북측 갓길,표선119안전센터,Y,2003,3.0,동부소방서,064-780-9182,2024-02-07,1661000,소방청
하천4호,1,제주특별자치도,서귀포시,50130,제주특별자치도 서귀포시 표선면 하천로 74번길,제주특별자치도 서귀포시 표선면 하천리 499-1,33.3476342053,126.8402484722,하천 중동삼거리,표선119안전센터,Y,1998,3.0,동부소방서,064-780-9182,2024-02-07,1661000,소방청
하천3호,1,제주특별자치도,서귀포시,50130,제주특별자치도 서귀포시 표선면 하천로 105,제주특별자치도 서귀포시 표선면 하천리 598-4,33.3500048874,126.8393704027,하천상동 문화상회 맞은편,표선119안전센터,Y,1994,4.0,동부소방서,064-780-9182,2024-02-07,1661000,소방청
하천2호,1,제주특별자치도,서귀포시,50130,제주특별자치도 서귀포시 표선면 일주동로 5642,제주특별자치도 서귀포시 표선면 하천리 4-1,33.3414113,126.8454796414,,표선119안전센터,Y,2012,2.0,동부소방서,064-780-9182,2024-02-07,1661000,소방청
하천1호,1,제주특별자치도,서귀포시,50130,제주특별자치도 서귀포시 표선면 하천로99번길 53,제주특별자치도 서귀포시 표선면 하천리 725-1,33.3525906987,126.8387765898,상동동민회관에서 중동방향 50m,표선119안전센터,Y,2010,4.0,동부소방서,064-780-9182,2024-02-07,1661000,소방청
표선27호,1,제주특별자치도,서귀포시,50130,제주특별자치도 서귀포시 표선면 표선리 1860-3,제주특별자치도 서귀포시 표선면 표선리 1860-3,33.3373593543,126.82790601,표선리 1860-3 인근 도로상,표선119안전센터,Y,2020,6.0,동부소방서,064-780-9182,2024-02-07,1661000,소방청
표선26호,1,제주특별자치도,서귀포시,50130,제주특별자치도 서귀포시 표선면 돈오름로 136,제주특별자치도 서귀포시 표선면 표선리 2782,33.33165847,126.8122754907,표선리 2782 인근 도로상,표선119안전센터,Y,2020,3.5,동부소방서,064-780-9182,2024-02-07,1661000,소방청
표선25호,1,제주특별자치도,서귀포시,50130,제주특별자치도 서귀포시 표선면 표선동서로 193번길 23,제주특별자치도 서귀포시 표선면 표선리 1541-9,33.3220829828,126.8280803983,반석아파트 가동 앞,표선119안전센터,Y,2019,4.0,동부소방서,064-780-9182,2024-02-07,1661000,소방청
표선24호,1,제주특별자치도,서귀포시,50130,제주특별자치도 서귀포시 표선면 표선동서로 287,제주특별자치도 서귀포시 표선면 표선리 463-1,33.3288781385,126.83522477,표선동서로 287 건물 앞 인도상,표선119안전센터,Y,2019,3.0,동부소방서,064-780-9182,2024-02-07,1661000,소방청
표선23호,1,제주특별자치도,서귀포시,50130,제주특별자치도 서귀포시 표선면 표선중앙로 74,제주특별자치도 서귀포시 표선면 표선리 705,33.32667473,126.8310104497,표선면사무소 구정문 입구,표선119안전센터,Y,1997,3.5,동부소방서,064-780-9182,2024-02-07,1661000,소방청
표선22호,1,제주특별자치도,서귀포시,50130,제주특별자치도 서귀포시 표선면 표선중앙로 117번길 5,제주특별자치도 서귀포시 표선면 표선리 858-2,33.3261529042,126.8359260801,비치파크 모텔 동측,표선119안전센터,Y,2016,3.5,동부소방서,064-780-9182,2024-02-07,1661000,소방청
표선21호,1,제주특별자치도,서귀포시,50130,제주특별자치도 서귀포시 표선면 표선동서로 105,제주특별자치도 서귀포시 표선면 표선리 1408-2,33.3142856688,126.8265708013,주소지 맞은편 도로변,표선119안전센터,Y,2015,2.5,동부소방서,064-780-9182,2024-02-07,1661000,소방청
표선20호,1,제주특별자치도,서귀포시,50130,제주특별자치도 서귀포시 표선면 표선백사로 59,제주특별자치도 서귀포시 표선면 표선리 966-16,33.3217074323,126.8330891501,표선무지개 마을 입구 비석 옆,표선119안전센터,Y,2014,3.5,동부소방서,064-780-9182,2024-02-07,1661000,소방청
표선19호,1,제주특별자치도,서귀포시,50130,제주특별자치도 서귀포시 표선면 민속해안로 292,제주특별자치도 서귀포시 표선면 표선리 1311-6,33.3076604936,126.8295056049,해양수산연구원 맞은편 도로,표선119안전센터,Y,2012,2.5,동부소방서,064-780-9182,2024-02-07,1661000,소방청
표선18호,1,제주특별자치도,서귀포시,50130,제주특별자치도 서귀포시 표선면 표선당포로 14,제주특별자치도 서귀포시 표선면 표선리 45-17,33.3257153982,126.8443047629,당케포구 강해일 횟집 맞은편,표선119안전센터,Y,2011,3.5,동부소방서,064-780-9182,2024-02-07,1661000,소방청
표선17호,1,제주특별자치도,서귀포시,50130,제주특별자치도 서귀포시 표선면 가시로 16,제주특별자치도 서귀포시 표선면 표선리 2033,33.3304769699,126.8214406352,표선농협농자재유통센터 앞,표선119안전센터,Y,2007,6.0,동부소방서,064-780-9182,2024-02-07,1661000,소방청
표선16호,1,제주특별자치도,서귀포시,50130,제주특별자치도 서귀포시 표선면 민속해안로 593,제주특별자치도 서귀포시 표선면 표선리 40-71,33.3250009688,126.8421777802,표선면 공영주차장 앞,표선119안전센터,Y,2019,3.5,동부소방서,064-780-9182,2024-02-07,1661000,소방청
표선15호,1,제주특별자치도,서귀포시,50130,제주특별자치도 서귀포시 표선면 일주동로 6175,제주특별자치도 서귀포시 표선면 표선리 2925-4,33.3086628029,126.8116249893,한지동 삼거리 입구 비석 뒤,표선119안전센터,Y,1997,3.5,동부소방서,064-780-9182,2024-02-07,1661000,소방청
표선14호,1,제주특별자치도,서귀포시,50130,제주특별자치도 서귀포시 표선면 표선관정로 79,제주특별자치도 서귀포시 표선면 표선리 732,33.32547411,126.8293897367,CU 맞은편,표선119안전센터,Y,2003,4.0,동부소방서,064-780-9182,2024-02-07,1661000,소방청
표선13호,1,제주특별자치도,서귀포시,50130,제주특별자치도 서귀포시 표선면 표선백사로 103번길 19-1,제주특별자치도 서귀포시 표선면 표선리 801-4,33.3238625841,126.8344959467,해든빌 맞은편 건물 외벽,표선119안전센터,Y,2002,3.0,동부소방서,064-780-9182,2024-02-07,1661000,소방청
표선12호,1,제주특별자치도,서귀포시,50130,제주특별자치도 서귀포시 표선면 표선동서로 139,제주특별자치도 서귀포시 표선면 표선리 1461-1,33.3169735119,126.8281896582,남촌풀하우스 펜션 앞,표선119안전센터,Y,2000,3.5,동부소방서,064-780-9182,2024-02-07,1661000,소방청
표선11호,1,제주특별자치도,서귀포시,50130,제주특별자치도 서귀포시 표선면 표선중앙로 17,제주특별자치도 서귀포시 표선면 표선리 312,33.3311299451,126.8302633186,표선보건지소 앞,표선119안전센터,Y,1994,1.7,동부소방서,064-780-9182,2024-02-07,1661000,소방청
표선10호,1,제주특별자치도,서귀포시,50130,제주특별자치도 서귀포시 표선면 표선중앙로 96,제주특별자치도 서귀포시 표선면 표선리 634-1,33.3256599291,126.8341195435,더쉐프 가게 앞,표선119안전센터,Y,1998,3.5,동부소방서,064-780-9182,2024-02-07,1661000,소방청
표선9호,1,제주특별자치도,서귀포시,50130,제주특별자치도 서귀포시 표선면 표선동서로 193번길 43,제주특별자치도 서귀포시 표선면 표선리 1591-1,33.3235281576,126.827462165,뮤직앤아트 건물 맞은편,표선119안전센터,Y,1997,4.0,동부소방서,064-780-9182,2024-02-07,1661000,소방청
표선8호,1,제주특별자치도,서귀포시,50130,제주특별자치도 서귀포시 표선면 표선동서로 195,제주특별자치도 서귀포시 표선면 표선리 1007-2,33.32164612,126.8303240792,오일장 입구 서측 섭지향 앞,표선119안전센터,Y,1993,4.0,동부소방서,064-780-9182,2024-02-07,1661000,소방청
표선7호,1,제주특별자치도,서귀포시,50130,제주특별자치도 서귀포시 표선면 표선동서로 245,제주특별자치도 서귀포시 표선면 표선리 694-4,33.32583015,126.8323830501,표선우체국 앞,표선119안전센터,Y,1993,4.0,동부소방서,064-780-9182,2024-02-07,1661000,소방청
표선6호,1,제주특별자치도,서귀포시,50130,제주특별자치도 서귀포시 표선면 표선관정로 39-16,제주특별자치도 서귀포시 표선면 표선리 40-6,33.3271672192,126.827721998,제주민속촌 입구 삼거리 동측,표선119안전센터,Y,1993,3.5,동부소방서,064-780-9182,2024-02-07,1661000,소방청
표선5호,1,제주특별자치도,서귀포시,50130,제주특별자치도 서귀포시 표선면 표선중앙로 64,제주특별자치도 서귀포시 표선면 표선리 553-2,33.3272390227,126.8314323,고수목마 식당 북측,표선119안전센터,Y,1993,4.0,동부소방서,064-780-9182,2024-02-07,1661000,소방청
표선4호,1,제주특별자치도,서귀포시,50130,제주특별자치도 서귀포시 표선면 표선동서로 315,제주특별자치도 서귀포시 표선면 표선리 420-7,33.3308757592,126.8371159,표선 올림픽꽃동산 북측,표선119안전센터,Y,1980,2.5,동부소방서,064-780-9182,2024-02-07,1661000,소방청
표선3호,1,제주특별자치도,서귀포시,50130,제주특별자치도 서귀포시 표선면 표선관정로 39-16,제주특별자치도 서귀포시 표선면 표선리 1682-3,33.32719511,126.8277111,표선119센터 내,표선119안전센터,Y,1994,4.0,동부소방서,064-780-9182,2024-02-07,1661000,소방청
표선2호,1,제주특별자치도,서귀포시,50130,제주특별자치도 서귀포시 표선면 표선동서로 263,제주특별자치도 서귀포시 표선면 표선리 591-1,33.32719111,126.8336148778,리시온호텔 앞,표선119안전센터,Y,1980,4.0,동부소방서,064-780-9182,2024-02-07,1661000,소방청
표선1호,1,제주특별자치도,서귀포시,50130,제주특별자치도 서귀포시 표선면 표선동서로 217,제주특별자치도 서귀포시 표선면 표선리 777-8,33.3234770839,126.8313357,표선파출소 앞,표선119안전센터,Y,1980,4.0,동부소방서,064-780-9182,2024-02-07,1661000,소방청
가시 9호,1,제주특별자치도,서귀포시,50130,제주특별자치도 서귀포시 표선면 가시로 421번길 1,제주특별자치도 서귀포시 표선면 가시리 987-2,33.3466243961,126.7835771,가시리 역지동 버스정류소 맞은편,성읍119지역대,Y,2009,5.0,동부소방서,064-780-9182,2024-02-07,1661000,소방청
가시 8호,1,제주특별자치도,서귀포시,50130,제주특별자치도 서귀포시 표선면 가시로 539,제주특별자치도 서귀포시 표선면 가시리 2094-1,33.3519554623,126.7748441,가시리 체육공원 맞은편,성읍119지역대,Y,2007,5.0,동부소방서,064-780-9182,2024-02-07,1661000,소방청
가시 7호,1,제주특별자치도,서귀포시,50130,제주특별자치도 서귀포시 표선면 녹산로 5번길 120,제주특별자치도 서귀포시 표선면 가시리 2981-5,33.35853111,126.7556592707,가시리 안좌동 마을 입구,성읍119지역대,Y,2007,4.0,동부소방서,064-780-9182,2024-02-07,1661000,소방청
가시 6호,1,제주특별자치도,서귀포시,50130,제주특별자치도 서귀포시 표선면 원님로 657,제주특별자치도 서귀포시 표선면 가시리 2787-5,33.3549866826,126.7618097836,가시리 두리동~안좌동 사거리,성읍119지역대,Y,2006,5.0,동부소방서,064-780-9182,2024-02-07,1661000,소방청
가시 5호,1,제주특별자치도,서귀포시,50130,제주특별자치도 서귀포시 표선면 녹산로 14,제주특별자치도 서귀포시 표선면 가시리 987-2,33.3466243961,126.7835810656,가시리 역지동 버스정류소 옆,성읍119지역대,Y,2001,4.0,동부소방서,064-780-9182,2024-02-07,1661000,소방청
가시 4호,1,제주특별자치도,서귀포시,50130,제주특별자치도 서귀포시 표선면 원님로 652번길 36-2,제주특별자치도 서귀포시 표선면 가시리 2818-1,33.3516019115,126.7631351,가시리 두리동 신성작목반 옆 삼거리,성읍119지역대,Y,1998,4.0,동부소방서,064-780-9182,2024-02-07,1661000,소방청
가시 3호,1,제주특별자치도,서귀포시,50130,제주특별자치도 서귀포시 표선면 가시로 660,제주특별자치도 서귀포시 표선면 가시리 1686-3,33.36171211,126.7700612976,가시리1686-3,성읍119지역대,Y,2020,4.5,동부소방서,064-780-9182,2024-02-07,1661000,소방청
가시 2호,1,제주특별자치도,서귀포시,50130,제주특별자치도 서귀포시 표선면 가시로 565번길 3,제주특별자치도 서귀포시 표선면 가시리 1981-1,33.3537529479,126.7734457602,가시리 입구 삼거리,성읍119지역대,Y,1995,4.0,동부소방서,064-780-9182,2024-02-07,1661000,소방청
가시 1호,1,제주특별자치도,서귀포시,50130,제주특별자치도 서귀포시 표선면 중산간동로 5227,제주특별자치도 서귀포시 표선면 가시리 2009-1,33.3524233298,126.7719218121,표선농협가시지소 앞,성읍119지역대,Y,2018,4.0,동부소방서,064-780-9182,2024-02-07,1661000,소방청
성읍 급수탑,3,제주특별자치도,서귀포시,50130,제주특별자치도 서귀포시 표선면 성읍이리로 58번길 10-5,제주특별자치도 서귀포시 표선면 성읍리 2906,33.4134114264,126.7715778253,성읍2리사무소 북측사거리,성읍119지역대,N,2006,2.9,동부소방서,064-780-9182,2024-02-07,1661000,소방청
성읍 25호,1,제주특별자치도,서귀포시,50130,제주특별자치도 서귀포시 표선면 번영로 2570,제주특별자치도 서귀포시 표선면 성읍리 2425-1,33.4036435881,126.7803086234,성읍리 포니밸리 입구 교차로,성읍119지역대,Y,2017,3.0,동부소방서,064-780-9182,2024-02-07,1661000,소방청
성읍 24호,1,제주특별자치도,서귀포시,50130,제주특별자치도 서귀포시 표선면 중산간동로 4821,제주특별자치도 서귀포시 표선면 성읍리 1332-2,33.376821946,126.7906109796,성읍리 해경수련원 앞,성읍119지역대,Y,2012,4.0,동부소방서,064-780-9182,2024-02-07,1661000,소방청
성읍 23호,1,제주특별자치도,서귀포시,50130,제주특별자치도 서귀포시 표선면 서성일로 27번길 16-14,제주특별자치도 서귀포시 표선면 성읍리 1643-11,33.3953806737,126.7990027199,성읍리2차문화마을내,성읍119지역대,Y,2012,3.0,동부소방서,064-780-9182,2024-02-07,1661000,소방청
성읍 22호,1,제주특별자치도,서귀포시,50130,제주특별자치도 서귀포시 표선면 서성일로 27번갈 16-38,제주특별자치도 서귀포시 표선면 성읍리 1631-2,33.3945314754,126.7996936604,성읍리2차문화마을내,성읍119지역대,Y,2012,3.0,동부소방서,064-780-9182,2024-02-07,1661000,소방청
성읍 21호,1,제주특별자치도,서귀포시,50130,제주특별자치도 서귀포시 표선면 서성일로 27번길 16-24,제주특별자치도 서귀포시 표선면 성읍리 1643-4,33.3952889571,126.7977128719,성읍리2차문화마을내,성읍119지역대,Y,2012,3.0,동부소방서,064-780-9182,2024-02-07,1661000,소방청
성읍 20호,1,제주특별자치도,서귀포시,50130,제주특별자치도 서귀포시 표선면 성읍정의현로 136번길 9-7,제주특별자치도 서귀포시 표선면 성읍리 1633-10,33.394187837,126.7975625781,성읍리2차문화마을내,성읍119지역대,Y,2012,3.0,동부소방서,064-780-9182,2024-02-07,1661000,소방청
성읍 19호,1,제주특별자치도,서귀포시,50130,제주특별자치도 서귀포시 표선면 서성일로 27번길 13,제주특별자치도 서귀포시 표선면 성읍리 1641-4,33.3941302067,126.7994959475,성읍리2차문화마을내,성읍119지역대,Y,2012,3.0,동부소방서,064-780-9182,2024-02-07,1661000,소방청
성읍 18호,1,제주특별자치도,서귀포시,50130,제주특별자치도 서귀포시 표선면 서성일로 27번길 24,제주특별자치도 서귀포시 표선면 성읍리 1641-7,33.3945484018,126.7983981991,성읍리2차문화마을내,성읍119지역대,Y,2012,3.5,동부소방서,064-780-9182,2024-02-07,1661000,소방청
성읍 17호,1,제주특별자치도,서귀포시,50130,제주특별자치도 서귀포시 표선면 성읍정의현로 122번길 15,제주특별자치도 서귀포시 표선면 성읍리 1639-1,33.3937789988,126.7991442026,성읍리2차문화마을내,성읍119지역대,Y,2012,3.0,동부소방서,064-780-9182,2024-02-07,1661000,소방청
성읍 16호,1,제주특별자치도,서귀포시,50130,제주특별자치도 서귀포시 표선면 성읍정의현로 122번길 11,제주특별자치도 서귀포시 표선면 성읍리 1639-6,33.393374976,126.7991950048,성읍리2차문화마을내,성읍119지역대,Y,2012,3.0,동부소방서,064-780-9182,2024-02-07,1661000,소방청
성읍 15호,1,제주특별자치도,서귀포시,50130,제주특별자치도 서귀포시 표선면 성읍정의현로 136번길 5,제주특별자치도 서귀포시 표선면 성읍리 1633-6,33.3937917444,126.7978171,성읍리2차문화마을내,성읍119지역대,Y,2012,3.0,동부소방서,064-780-9182,2024-02-07,1661000,소방청
성읍 14호,1,제주특별자치도,서귀포시,50130,제주특별자치도 서귀포시 표선면 성읍정의현로 122번길 7-8,제주특별자치도 서귀포시 표선면 성읍리 1639-3,33.39351611,126.7987447858,성읍리2차문화마을내,성읍119지역대,Y,2012,3.0,동부소방서,064-780-9182,2024-02-07,1661000,소방청
성읍 13호,1,제주특별자치도,서귀포시,50130,제주특별자치도 서귀포시 표선면 성읍정의현로 122번길 1-8,제주특별자치도 서귀포시 표선면 성읍리 1635-5,33.39302911,126.7987175926,성읍리2차문화마을내,성읍119지역대,Y,2012,3.0,동부소방서,064-780-9182,2024-02-07,1661000,소방청
성읍 12호,1,제주특별자치도,서귀포시,50130,제주특별자치도 서귀포시 표선면 성읍서문로 75,제주특별자치도 서귀포시 표선면 성읍리 1382,33.3832867473,126.7945007035,성읍119지역대 내,성읍119지역대,Y,2004,3.5,동부소방서,064-780-9182,2024-02-07,1661000,소방청
성읍 11호,1,제주특별자치도,서귀포시,50130,제주특별자치도 서귀포시 표선면 성읍이리로 58번길 12,제주특별자치도 서귀포시 표선면 성읍리 2906-2,33.4131296102,126.7715611,성읍2리 사무소 가기 전 삼거리,성읍119지역대,Y,2000,5.5,동부소방서,064-780-9182,2024-02-07,1661000,소방청
성읍 10호,1,제주특별자치도,서귀포시,50130,제주특별자치도 서귀포시 표선면 성읍이리로 59,제주특별자치도 서귀포시 표선면 성읍리 2898-1,33.41317811,126.7729568149,성읍2리 (구)리사무소 앞 오거리,성읍119지역대,N,1996,4.0,동부소방서,064-780-9182,2024-02-07,1661000,소방청
성읍 9호,1,제주특별자치도,서귀포시,50130,제주특별자치도 서귀포시 표선면 서성일로 10번길 24-2,제주특별자치도 서귀포시 표선면 성읍리 3305-46,33.3921220284,126.8028581,성읍1리 문화마을 8블럭 우측 도로변,성읍119지역대,Y,1995,3.5,동부소방서,064-780-9182,2024-02-07,1661000,소방청
성읍 8호,1,제주특별자치도,서귀포시,50130,제주특별자치도 서귀포시 표선면 서성일로 10번길 14-2,제주특별자치도 서귀포시 표선면 성읍리 3305-34,33.3922496647,126.8019781,성읍1리 문화마을 7블럭 우측 도로변,성읍119지역대,Y,1995,3.5,동부소방서,064-780-9182,2024-02-07,1661000,소방청
성읍 7호,1,제주특별자치도,서귀포시,50130,제주특별자치도 서귀포시 표선면 서성일로 8,제주특별자치도 서귀포시 표선면 성읍리 3305-21,33.3925309808,126.8008611,성읍1리 문화마을 6블럭 우측 도로변(신협지소 옆),성읍119지역대,Y,1995,3.5,동부소방서,064-780-9182,2024-02-07,1661000,소방청
성읍 6호,1,제주특별자치도,서귀포시,50130,제주특별자치도 서귀포시 표선면 성읍정의현로 35,제주특별자치도 서귀포시 표선면 성읍리 852,33.38560311,126.8012971005,성읍1리 남문 입구,성읍119지역대,Y,1995,4.0,동부소방서,064-780-9182,2024-02-07,1661000,소방청
성읍 5호,1,제주특별자치도,서귀포시,50130,제주특별자치도 서귀포시 표선면 성읍정의현로 70,제주특별자치도 서귀포시 표선면 성읍리 578-3,33.3887815627,126.8014179144,성읍리 초가장(강서방) 앞 (관람초가),성읍119지역대,Y,1994,3.5,동부소방서,064-780-9182,2024-02-07,1661000,소방청
성읍 4호,1,제주특별자치도,서귀포시,50130,제주특별자치도 서귀포시 표선면 성읍서문로 8,제주특별자치도 서귀포시 표선면 성읍리 823-1,33.38672111,126.8004871,성읍1리 정의향교 앞,성읍119지역대,Y,1994,4.0,동부소방서,064-780-9182,2024-02-07,1661000,소방청
성읍 3호,1,제주특별자치도,서귀포시,50130,제주특별자치도 서귀포시 표선면 성읍정의현로 33,제주특별자치도 서귀포시 표선면 성읍리 676-1,33.3899385684,126.8006610934,성읍1리 성읍농협 앞 사거리(성읍정의현로 83),성읍119지역대,Y,1994,3.5,동부소방서,064-780-9182,2024-02-07,1661000,소방청
성읍 2호,1,제주특별자치도,서귀포시,50130,제주특별자치도 서귀포시 표선면 성읍서문로 27,제주특별자치도 서귀포시 표선면 성읍리 765-2,33.3858766372,126.7986754047,성읍1리 흑돼지 식당 옆,성읍119지역대,Y,2010,3.5,동부소방서,064-780-9182,2024-02-07,1661000,소방청
성읍 1호,1,제주특별자치도,서귀포시,50130,제주특별자치도 서귀포시 표선면 정의현로 34번길 24-15,제주특별자치도 서귀포시 표선면 성읍리 887-1,33.38761711,126.8024141016,성읍1리 객사화장실 뒤,성읍119지역대,Y,1994,3.5,동부소방서,064-780-9182,2024-02-07,1661000,소방청
월정3호,1,제주특별자치도,제주시,50110,제주특별자치도 제주시 월정3길 53-3,제주특별자치도 제주시 구좌읍 월정리 569-1,33.5559620382,126.7946973054,월정리 복지회관 옆,김녕119지역대,N,2022,5.0,동부소방서,064-780-9182,2024-02-07,1661000,소방청
월정2호,1,제주특별자치도,제주시,50110,,제주특별자치도 제주시 구좌읍 월정리 214-6,33.5517211166,126.7908498251,월정리 정류소 옆,김녕119지역대,N,1990,6.0,동부소방서,064-780-9182,2024-02-07,1661000,소방청
월정1호,1,제주특별자치도,제주시,50110,,제주특별자치도 제주시 구좌읍 월정리 432,33.5557475221,126.7923434316,입수동 사거리,김녕119지역대,Y,1990,2.0,동부소방서,064-780-9182,2024-02-07,1661000,소방청
동복2호,1,제주특별자치도,제주시,50110,제주특별자치도 제주시 구좌읍 동복로 50-1,제주특별자치도 제주시 구좌읍 동복리 1462,33.5527568728,126.7116634046,동복리사무소 앞 인도변,김녕119지역대,N,1990,2.5,동부소방서,064-780-9182,2024-02-07,1661000,소방청
동복1호,1,제주특별자치도,제주시,50110,제주특별자치도 제주시 구좌읍 동복남4길 3,제주특별자치도 제주시 구좌읍 동복리 1358-1,33.551096058,126.7128308888,동복우회도로 취락구조 입구,김녕119지역대,Y,1990,2.0,동부소방서,064-780-9182,2024-02-07,1661000,소방청
덕천3호,1,제주특별자치도,제주시,50110,제주특별자치도 제주시 구좌읍 월덕로 522,제주특별자치도 제주시 구좌읍 덕천리 311,33.5051146183,126.7714637811,덕천리 정수장 앞,김녕119지역대,Y,2004,3.0,동부소방서,064-780-9182,2024-02-07,1661000,소방청
덕천2호,1,제주특별자치도,제주시,50110,제주특별자치도 제주시 구좌읍 덕천길 20,제주특별자치도 제주시 구좌읍 덕천리 1187,33.4838627193,126.7466164,상덕천리 삼거리 앞,김녕119지역대,Y,1990,5.0,동부소방서,064-780-9182,2024-02-07,1661000,소방청
덕천1호,1,제주특별자치도,제주시,50110,제주특별자치도 제주시 구좌읍 월덕로 548,제주특별자치도 제주시 구좌읍 덕천리 282,33.5027349689,126.7710908,덕천리사무소 삼거리,김녕119지역대,N,2004,2.0,동부소방서,064-780-9182,2024-02-07,1661000,소방청
김녕17호,1,제주특별자치도,제주시,50110,제주특별자치도 제주시 구좌읍 김녕항1길 50-11 2,제주특별자치도 제주시 구좌읍 김녕리 4074-2 2,33.55801756,126.7398629,김녕해경출장소 앞,김녕119지역대,N,2020,5.0,동부소방서,064-780-9182,2024-02-07,1661000,소방청
김녕16호,1,제주특별자치도,제주시,50110,제주특별자치도 제주시 구좌읍 김녕항1길 50-11 1,제주특별자치도 제주시 구좌읍 김녕리 4074-2 1,33.55821448,126.740258,김녕수산문화복합센터 앞,김녕119지역대,N,2020,5.0,동부소방서,064-780-9182,2024-02-07,1661000,소방청
김녕15호,1,제주특별자치도,제주시,50110,제주특별자치도 제주시 구좌읍 김녕항3길 12-7,제주특별자치도 제주시 구좌읍 김녕리 3719,33.5571248857,126.7470836731,공터 앞,김녕119지역대,N,2017,2.0,동부소방서,064-780-9182,2024-02-07,1661000,소방청
김녕14호,1,제주특별자치도,제주시,50110,제주특별자치도 제주시 구좌읍 김녕로1길 87,제주특별자치도 제주시 구좌읍 김녕리 1277,33.5576327587,126.7523940955,청수동복지회관 앞,김녕119지역대,N,2017,2.0,동부소방서,064-780-9182,2024-02-07,1661000,소방청
김녕13호,1,제주특별자치도,제주시,50110,제주특별자치도 제주시 구좌읍 김녕항3길 18-23,제주특별자치도 제주시 구좌읍 김녕리 4028,33.5578593328,126.746295304,김녕금속공예벽화마을 사거리,김녕119지역대,N,2016,2.0,동부소방서,064-780-9182,2024-02-07,1661000,소방청
김녕12호,1,제주특별자치도,제주시,50110,제주특별자치도 제주시 구좌읍 김녕로1길 75,제주특별자치도 제주시 구좌읍 김녕리 1297-1,33.5577835822,126.7511734556,카페 청굴물 옆,김녕119지역대,N,2016,1.8,동부소방서,064-780-9182,2024-02-07,1661000,소방청
김녕11호,1,제주특별자치도,제주시,50110,제주특별자치도 제주시 구좌읍 김녕로 50-18,제주특별자치도 제주시 구좌읍 김녕리 3480,33.5540672938,126.7437058,남흘동 마을회관 앞,김녕119지역대,Y,2015,3.0,동부소방서,064-780-9182,2024-02-07,1661000,소방청
김녕10호,1,제주특별자치도,제주시,50110,제주특별자치도 제주시 구좌읍 김녕로 242,제주특별자치도 제주시 구좌읍 김녕리 352-3,33.55415758,126.7626787695,김녕119지역센터,김녕119지역대,Y,2015,5.0,동부소방서,064-780-9182,2024-02-07,1661000,소방청
김녕9호,1,제주특별자치도,제주시,50110,,제주특별자치도 제주시 구좌읍 김녕리 1771-1,33.55118508,126.752331057,김녕교회 옆 인도,김녕119지역대,Y,2014,5.0,동부소방서,064-780-9182,2024-02-07,1661000,소방청
김녕8호,1,제주특별자치도,제주시,50110,제주특별자치도 제주시 구좌읍 김녕로19길 54,제주특별자치도 제주시 구좌읍 김녕리 1406,33.5568352578,126.7495939365,김녕초 후문 우물공덕비 앞,김녕119지역대,N,2000,3.0,동부소방서,064-780-9182,2024-02-07,1661000,소방청
김녕7호,1,제주특별자치도,제주시,50110,제주특별자치도 제주시 구좌읍 김녕로 95,제주특별자치도 제주시 구좌읍 김녕리 2213,33.5543575557,126.7481415,신영월갈비 앞,김녕119지역대,Y,2010,1.8,동부소방서,064-780-9182,2024-02-07,1661000,소방청
김녕6호,1,제주특별자치도,제주시,50110,제주특별자치도 제주시 구좌읍 김녕로17길 11,제주특별자치도 제주시 구좌읍 김녕리 1213-6,33.55624024,126.7535196669,김녕어촌계 창고 앞,김녕119지역대,Y,2010,1.8,동부소방서,064-780-9182,2024-02-07,1661000,소방청
김녕5호,1,제주특별자치도,제주시,50110,,제주특별자치도 제주시 구좌읍 김녕리 2316,33.5537460091,126.7449381521,남흘동 입구 사거리,김녕119지역대,Y,2011,3.0,동부소방서,064-780-9182,2024-02-07,1661000,소방청
김녕4호,1,제주특별자치도,제주시,50110,제주특별자치도 제주시 구좌읍 김녕로 117,제주특별자치도 제주시 구좌읍 김녕리 1656,33.5548825125,126.74991347,김녕초등학교 앞,김녕119지역대,Y,1990,2.5,동부소방서,064-780-9182,2024-02-07,1661000,소방청
김녕3호,1,제주특별자치도,제주시,50110,제주특별자치도 제주시 구좌읍 김녕로1길 26,제주특별자치도 제주시 구좌읍 김녕리 2171,33.5556936249,126.7476667594,김녕농약사 옆,김녕119지역대,N,1990,2.0,동부소방서,064-780-9182,2024-02-07,1661000,소방청
김녕2호,1,제주특별자치도,제주시,50110,제주특별자치도 제주시 구좌읍 김녕로 173,제주특별자치도 제주시 구좌읍 김녕리 1202-1,33.5562401146,126.7561879634,바다노래연습장 맞은편,김녕119지역대,Y,1990,3.0,동부소방서,064-780-9182,2024-02-07,1661000,소방청
김녕1호,1,제주특별자치도,제주시,50110,제주특별자치도 제주시 구좌읍 일주동로 2045,제주특별자치도 제주시 구좌읍 김녕리 1811,33.5515776131,126.7487906295,김녕리사무소 앞,김녕119지역대,Y,2003,3.0,동부소방서,064-780-9182,2024-02-07,1661000,소방청
오봉1호,1,제주특별자치도,제주시,50110,제주특별자치도 제주시 우도면 우도로 274,제주특별자치도 제주시 우도면 연평리 1011-1,33.5163230402,126.951765298,오봉리사무소 앞,우도119지역대,Y,2016,0.45,동부소방서,064-780-9460,2024-02-07,1661000,소방청
조일4호,1,제주특별자치도,제주시,50110,제주특별자치도 제주시 우도면 우도해안길 810,제주특별자치도 제주시 우도면 연평리 1290-1,33.51348298,126.9574831902,썬비치식당 옆 가로등 4m,우도119지역대,Y,2015,0.41,동부소방서,064-780-9460,2024-02-07,1661000,소방청
조일3호,1,제주특별자치도,제주시,50110,,제주특별자치도 제주시 우도면 연평리 417-1,33.49910567,126.9604344289,우도저수지 입구 삼거리,우도119지역대,Y,2015,0.1,동부소방서,064-780-9460,2024-02-07,1661000,소방청
조일2호,1,제주특별자치도,제주시,50110,제주특별자치도 제주시 우도면 영일진사길 101,제주특별자치도 제주시 우도면 연평리 454-1,33.5014583381,126.9622933,동측 15m,우도119지역대,Y,2004,0.2,동부소방서,064-780-9460,2024-02-07,1661000,소방청
조일1호,1,제주특별자치도,제주시,50110,제주특별자치도 제주시 우도면 우도비양길 77,제주특별자치도 제주시 우도면 연평리 610-4,33.5094224713,126.9622284316,우도면사무소 관사 옆,우도119지역대,Y,2019,0.34,동부소방서,064-780-9460,2024-02-07,1661000,소방청
천진3호,1,제주특별자치도,제주시,50110,,제주특별자치도 제주시 우도면 연평리 2652-1,33.4949168402,126.9439233381,우도야놀자 남측,우도119지역대,Y,2023,0.2,동부소방서,064-780-9460,2024-02-07,1661000,소방청
천진2호,1,제주특별자치도,제주시,50110,제주특별자치도 제주시 우도면 우도로 109,제주특별자치도 제주시 우도면 연평리 1529-3,33.50215811,126.9535638385,차고지 옆,우도119지역대,Y,2014,0.2,동부소방서,064-780-9460,2024-02-07,1661000,소방청
천진1호,1,제주특별자치도,제주시,50110,제주특별자치도 제주시 우도면 우도로 27,제주특별자치도 제주시 우도면 연평리 1680-3,33.4951549125,126.9529607,북측 20m,우도119지역대,Y,1997,0.2,동부소방서,064-780-9460,2024-02-07,1661000,소방청
서광5호,1,제주특별자치도,제주시,50110,,제주특별자치도 제주시 우도면 연평리 1464-10,33.5061671066,126.9562343205,우도중학교 후문,우도119지역대,Y,2017,0.25,동부소방서,064-780-9460,2024-02-07,1661000,소방청
서광4호,1,제주특별자치도,제주시,50110,제주특별자치도 제주시 우도면 우도해안길 344,제주특별자치도 제주시 우도면 연평리 2396-2,33.5091291923,126.943731646,우도나라섬투어 북측,우도119지역대,Y,2016,0.1,동부소방서,064-780-9460,2024-02-07,1661000,소방청
서광3호,1,제주특별자치도,제주시,50110,제주특별자치도 제주시 우도면 우도로 201,제주특별자치도 제주시 우도면 연평리 1338-3,33.50995178,126.9528669847,우도샬롬요양시설 앞,우도119지역대,Y,2016,0.32,동부소방서,064-780-9460,2024-02-07,1661000,소방청
서광2호,1,제주특별자치도,제주시,50110,제주특별자치도 제주시 우도면 우목길 60,제주특별자치도 제주시 우도면 연평리 2254-12,33.5088763071,126.9487517706,앞 도로상,우도119지역대,Y,2015,0.38,동부소방서,064-780-9460,2024-02-07,1661000,소방청
서광1호,1,제주특별자치도,제주시,50110,제주특별자치도 제주시 우도면 우도로 163,제주특별자치도 제주시 우도면 연평리 1407,33.50793771,126.9537437948,서측 3m,우도119지역대,Y,2002,0.3,동부소방서,064-780-9460,2024-02-07,1661000,소방청
용암해수5호,1,제주특별자치도,제주시,50110,제주특별자치도 제주시 구좌읍 일주동로 2708-19,제주특별자치도 제주시 구좌읍 한동리4849-9,33.5413561609,126.8159500936,용암해수단지 입구 좌측,구좌119안전센터,Y,2013,5.0,동부소방서,064-780-9182,2024-02-07,1661000,소방청
용암해수4호,1,제주특별자치도,제주시,50110,제주특별자치도 제주시 구좌읍 일주동로 2708-28,제주특별자치도 제주시 구좌읍 한동리4849-22,33.5402347194,126.8168991788,용암해수단지 콧데 앞,구좌119안전센터,Y,2013,4.5,동부소방서,064-780-9182,2024-02-07,1661000,소방청
용암해수3호,1,제주특별자치도,제주시,50110,제주특별자치도 제주시 구좌읍 일주동로 2706-20,제주특별자치도 제주시 구좌읍 한동리4849-16,33.5403034545,126.8154035502,용암해수단지 제이크리에이션 인근,구좌119안전센터,Y,2013,4.5,동부소방서,064-780-9182,2024-02-07,1661000,소방청
용암해수2호,1,제주특별자치도,제주시,50110,제주특별자치도 제주시 구좌읍 일주동로 2706-27,제주특별자치도 제주시 구좌읍 한동리4849-18,33.5408120737,126.8138565884,용암해수단지 제주용암수 맞은편,구좌119안전센터,Y,2013,4.5,동부소방서,064-780-9182,2024-02-07,1661000,소방청
용암해수1호,1,제주특별자치도,제주시,50110,제주특별자치도 제주시 구좌읍 일주동로 2706-33,제주특별자치도 제주시 구좌읍 한동리4849-19,33.5418334777,126.8128896926,용암해수단지 현대바이오 입구,구좌119안전센터,Y,2013,4.5,동부소방서,064-780-9182,2024-02-07,1661000,소방청
행원6호,1,제주특별자치도,제주시,50110,,제주특별자치도 제주시 구좌읍 행원리1173,33.54642637,126.8040738,행원사거리,구좌119안전센터,Y,2015,2.0,동부소방서,064-780-9182,2024-02-07,1661000,소방청
행원5호,1,제주특별자치도,제주시,50110,제주특별자치도 제주시 구좌읍 행원로115,제주특별자치도 제주시 구좌읍 행원리726-1,33.5534905463,126.8075237265,행원리 서회선 정류소 앞,구좌119안전센터,Y,1990,3.0,동부소방서,064-780-9182,2024-02-07,1661000,소방청
행원4호,1,제주특별자치도,제주시,50110,제주특별자치도 제주시 구좌읍 행원로13길63,제주특별자치도 제주시 구좌읍 행원리542-6,33.5527468635,126.8172501046,행원농공단지 제주이야기체험장 앞,구좌119안전센터,Y,1990,2.0,동부소방서,064-780-9182,2024-02-07,1661000,소방청
행원3호,1,제주특별자치도,제주시,50110,제주특별자치도 제주시 구좌읍 행원로13길67,제주특별자치도 제주시 구좌읍 행원리542-7,33.5530345172,126.8168534445,행원농공단지 월자포장앞,구좌119안전센터,Y,1990,2.0,동부소방서,064-780-9182,2024-02-07,1661000,소방청
행원2호,1,제주특별자치도,제주시,50110,제주특별자치도 제주시 구좌읍 행원로13길83,제주특별자치도 제주시 구좌읍 행원리542-9,33.5544559384,126.8153137976,행원농공단지 한라판지 앞,구좌119안전센터,Y,1990,2.0,동부소방서,064-780-9182,2024-02-07,1661000,소방청
행원1호,1,제주특별자치도,제주시,50110,제주특별자치도 제주시 구좌읍 행원로13길99,제주특별자치도 제주시 구좌읍 행원리542-10,33.5549802856,126.8145764435,행원농공단지,구좌119안전센터,Y,1990,2.0,동부소방서,064-780-9182,2024-02-07,1661000,소방청
한동3호,1,제주특별자치도,제주시,50110,,제주특별자치도 제주시 구좌읍 한동리2766-2,33.5306499176,126.8172376,,구좌119안전센터,Y,2019,3.0,동부소방서,064-780-9182,2024-02-07,1661000,소방청
한동2호,1,제주특별자치도,제주시,50110,제주특별자치도 제주시 구좌읍 한동로1길2,제주특별자치도 제주시 구좌읍 한동리1184,33.53730299,126.828663783,한동리사무소 북측 사거리,구좌119안전센터,Y,1990,5.0,동부소방서,064-780-9182,2024-02-07,1661000,소방청
한동1호,1,제주특별자치도,제주시,50110,,제주특별자치도 제주시 구좌읍 한동리946-3,33.5343947567,126.8230683373,한동리 경로당삼거리 앞,구좌119안전센터,Y,1990,2.0,동부소방서,064-780-9182,2024-02-07,1661000,소방청
하도6호,1,제주특별자치도,제주시,50110,,제주특별자치도 제주시 구좌읍 하도리3327-2,33.5186075232,126.8700969489,일주도로에서 성산방향 이면도로 진입로 입구,구좌119안전센터,Y,2013,3.0,동부소방서,064-780-9182,2024-02-07,1661000,소방청
하도5호,1,제주특별자치도,제주시,50110,제주특별자치도 제주시 구좌읍 해맞이해안로 1678-1,제주특별자치도 제주시 구좌읍 하도리1946-2,33.5270503645,126.8816307777,하도리 서문동 포구 서측 50m,구좌119안전센터,Y,2011,4.0,동부소방서,064-780-9182,2024-02-07,1661000,소방청
하도4호,1,제주특별자치도,제주시,50110,제주특별자치도 제주시 구좌읍 문주란로11,제주특별자치도 제주시 구좌읍 하도리1488-5,33.5187813794,126.8834821416,CU편의점 사거리,구좌119안전센터,Y,1990,1.8,동부소방서,064-780-9182,2024-02-07,1661000,소방청
하도3호,1,제주특별자치도,제주시,50110,제주특별자치도 제주시 구좌읍 구좌로192,제주특별자치도 제주시 구좌읍 하도리3293-1,33.5197760505,126.8704366688,하도리 면수동 팽나무옆,구좌119안전센터,Y,1990,2.6,동부소방서,064-780-9182,2024-02-07,1661000,소방청
하도2호,1,제주특별자치도,제주시,50110,제주특별자치도 제주시 구좌읍 하도7길28,제주특별자치도 제주시 구좌읍 하도리1351,33.51693686,126.8868374434,하도리 동동 복지회관 앞,구좌119안전센터,Y,1990,2.0,동부소방서,064-780-9182,2024-02-07,1661000,소방청
하도1호,1,제주특별자치도,제주시,50110,제주특별자치도 제주시 구좌읍 문주란로3길2,제주특별자치도 제주시 구좌읍 하도리1500-2,33.5187696088,126.8850694118,하도리 문주란로3길 입구,구좌119안전센터,Y,1990,2.5,동부소방서,064-780-9182,2024-02-07,1661000,소방청
상도1호,1,제주특별자치도,제주시,50110,제주특별자치도 제주시 구좌읍 세종로 53,제주특별자치도 제주시 구좌읍 상도리1401,33.5149800578,126.8655975549,상도리 농협창고 옆,구좌119안전센터,Y,1990,2.0,동부소방서,064-780-9182,2024-02-07,1661000,소방청
평대4호,1,제주특별자치도,제주시,50110,제주특별자치도 제주시 구좌읍 비자림로 2266,제주특별자치도 제주시 구좌읍 평대리3344,33.495885351,126.8109968164,평대리 하음식당 맞은편,구좌119안전센터,Y,2020,2.5,동부소방서,064-780-9182,2024-02-07,1661000,소방청
평대3호,1,제주특별자치도,제주시,50110,,제주특별자치도 제주시 구좌읍 평대리2544-5,33.5079717752,126.8261303957,일수축산 입구 이면도로상,구좌119안전센터,Y,2018,5.0,동부소방서,064-780-9182,2024-02-07,1661000,소방청
평대2호,1,제주특별자치도,제주시,50110,제주특별자치도 제주시 구좌읍 평대12길 41,제주특별자치도 제주시 구좌읍 평대리240,33.5214988659,126.8469927919,피디스테이션 삼거리,구좌119안전센터,Y,1995,2.5,동부소방서,064-780-9182,2024-02-07,1661000,소방청
평대1호,1,제주특별자치도,제주시,50110,제주특별자치도 제주시 구좌읍 일주동로2982,제주특별자치도 제주시 구좌읍 평대리3344,33.5285396536,126.8396648142,평대초등학교 맞은편,구좌119안전센터,Y,1990,2.6,동부소방서,064-780-9182,2024-02-07,1661000,소방청
종달3호,1,제주특별자치도,제주시,50110,제주특별자치도 제주시 구좌읍 종달로1길5,제주특별자치도 제주시 구좌읍 종달로35,33.49518329,126.897030928,종달교회 삼거리,구좌119안전센터,Y,2012,3.0,동부소방서,064-780-9182,2024-02-07,1661000,소방청
종달2호,1,제주특별자치도,제주시,50110,제주특별자치도 제주시 구좌읍종달7길5,제주특별자치도 제주시 구좌읍 종달리1918,33.4927717471,126.8972231717,종달 초등학교앞 일주도로변,구좌119안전센터,Y,1990,4.0,동부소방서,064-780-9182,2024-02-07,1661000,소방청
종달1호,1,제주특별자치도,제주시,50110,제주특별자치도 제주시 구좌읍 종달논길 60,제주특별자치도 제주시 구좌읍 종달리799,33.4918498216,126.8992751,종달리 서동 정미소 옆,구좌119안전센터,Y,1990,2.0,동부소방서,064-780-9182,2024-02-07,1661000,소방청
송당4호,1,제주특별자치도,제주시,50110,제주특별자치도 제주시 구좌읍 비자림로1820,제주특별자치도 제주시 구좌읍 송당리1571-29,33.4707476497,126.7764504269,송당상동 사거리 버스정류소옆,구좌119안전센터,Y,1990,2.5,동부소방서,064-780-9182,2024-02-07,1661000,소방청
송당3호,1,제주특별자치도,제주시,50110,제주특별자치도 제주시 구좌읍중산간동로2240,제주특별자치도 제주시 구좌읍 송당리1358-6,33.4715791197,126.7822294826,제주이야기송당점,구좌119안전센터,Y,1990,2.0,동부소방서,064-780-9182,2024-02-07,1661000,소방청
송당2호,1,제주특별자치도,제주시,50110,제주특별자치도 제주시 구좌읍 송당6길16,제주특별자치도 제주시 구좌읍 송당리1483-1,33.4696302612,126.7855179804,송당리 신화아부오름가든 남측50m,구좌119안전센터,Y,2005,2.8,동부소방서,064-780-9182,2024-02-07,1661000,소방청
송당1호,1,제주특별자치도,제주시,50110,제주특별자치도 제주시 구좌읍 대천길2-2,제주특별자치도 제주시 구좌읍 송당리산126-4,33.4367551442,126.7370244101,송당리 대천동사거리 북측50m,구좌119안전센터,Y,1993,3.0,동부소방서,064-780-9182,2024-02-07,1661000,소방청
세화12호,1,제주특별자치도,제주시,50110,제주특별자치도 제주시 제주시 구좌읍 일주동로3116,제주특별자치도 제주시 구좌읍 세화리1561-7,33.5221392692,126.8518857962,구좌읍사무소 정문 앞 도로상,구좌119안전센터,Y,2022,3.0,동부소방서,064-780-9182,2024-02-07,1661000,소방청
세화11호,1,제주특별자치도,제주시,50110,제주특별자치도 제주시 구좌읍 일주동로 3151,제주특별자치도 제주시 구좌읍 세화리1227,33.5213696818,126.8558757054,CU편의점 동측 50m,구좌119안전센터,Y,1992,3.0,동부소방서,064-780-9182,2024-02-07,1661000,소방청
세화10호,1,제주특별자치도,제주시,50110,제주특별자치도 제주시 구좌읍 구좌로57-1,제주특별자치도 제주시 구좌읍 세화리1469-5,33.5228125184,126.8577527874,맥반석 식당 앞,구좌119안전센터,Y,2014,2.0,동부소방서,064-780-9182,2024-02-07,1661000,소방청
세화9호,1,제주특별자치도,제주시,50110,제주특별자치도 제주시 구좌읍 세화남1길48,제주특별자치도 제주시 구좌읍 세화리900-6,33.5160673786,126.85885978,세화 합전동 마을회관 남측사거리,구좌119안전센터,Y,2009,2.0,동부소방서,064-780-9182,2024-02-07,1661000,소방청
세화8호,1,제주특별자치도,제주시,50110,제주특별자치도 제주시 구좌읍 충렬로141-1,제주특별자치도 제주시 구좌읍 세화리1728-57,33.5112778145,126.8476803523,비자림리조트 입구,구좌119안전센터,Y,1990,2.0,동부소방서,064-780-9182,2024-02-07,1661000,소방청
세화7호,1,제주특별자치도,제주시,50110,제주특별자치도 제주시 구좌읍 구좌로1,제주특별자치도 제주시 구좌읍 평대리129-2,33.5238819774,126.8515892752,갓머리삼거리 좌측,구좌119안전센터,Y,1990,3.1,동부소방서,064-780-9182,2024-02-07,1661000,소방청
세화6호,1,제주특별자치도,제주시,50110,제주특별자치도 제주시 구좌읍 구좌로33,제주특별자치도 제주시 구좌읍 세화리1521-3,33.52353746,126.8551575,세화리 시장동 입구,구좌119안전센터,Y,1990,3.2,동부소방서,064-780-9182,2024-02-07,1661000,소방청
세화5호,1,제주특별자치도,제주시,50110,제주특별자치도 제주시 구좌읍 세평항로24,제주특별자치도 제주시 구좌읍 세화리3645-1,33.5254145397,126.8542664428,탐나는도새기 식당 앞,구좌119안전센터,Y,1990,2.7,동부소방서,064-780-9182,2024-02-07,1661000,소방청
세화4호,1,제주특별자치도,제주시,50110,제주특별자치도 제주시 구좌읍 세평항로44,제주특별자치도 제주시 구좌읍 세화리3642,33.52682818,126.8552384539,제주한잔세화 앞,구좌119안전센터,Y,1990,2.0,동부소방서,064-780-9182,2024-02-07,1661000,소방청
세화3호,1,제주특별자치도,제주시,50110,제주특별자치도 제주시 구좌읍 상도로 226,제주특별자치도 제주시 구좌읍 세화리378-1,33.4970783555,126.8549433647,동부양돈 입구,구좌119안전센터,Y,2007,4.0,동부소방서,064-780-9182,2024-02-07,1661000,소방청
세화2호,1,제주특별자치도,제주시,50110,제주특별자치도 제주시 구좌읍 세화8길13,제주특별자치도 제주시 구좌읍 세화리1316-1,33.52147055,126.8569846649,투다모아물류 남측 70m지점,구좌119안전센터,Y,1955,2.8,동부소방서,064-780-9182,2024-02-07,1661000,소방청
세화1호,1,제주특별자치도,제주시,50110,제주특별자치도 제주시 구좌읍 세화14길8,제주특별자치도 제주시 구좌읍 세화리1360,33.520306207,126.8600092,구좌119센터 차고옆,구좌119안전센터,Y,2017,3.0,동부소방서,064-780-9182,2024-02-07,1661000,소방청
하례9호,1,제주특별자치도,서귀포시,50130,제주특별자치도 서귀포시 남원읍 하례로 552,제주특별자치도 서귀포시 남원읍 하례리 1185-1,33.2955490214,126.6174060245,도로변,남원119안전센터,Y,2020,2.0,동부소방서,064-780-9182,2024-02-07,1661000,소방청
하례8호,1,제주특별자치도,서귀포시,50130,제주특별자치도 서귀포시 남원읍 중산간동로 7235-7,제주특별자치도 서귀포시 남원읍 하례리 1528-3,33.28424157,126.619944171,하례1리 중산간도로,남원119안전센터,Y,2003,6.0,동부소방서,064-780-9182,2024-02-07,1661000,소방청
하례7호,1,제주특별자치도,서귀포시,50130,제주특별자치도 서귀포시 남원읍 하례망장포로 34,제주특별자치도 서귀포시 남원읍 하례리 36-3,33.2620682297,126.6376366744,하례1리 망장포구 입구도로상,남원119안전센터,Y,2001,4.0,동부소방서,064-780-9182,2024-02-07,1661000,소방청
하례6호,1,제주특별자치도,서귀포시,50130,제주특별자치도 서귀포시 남원읍 하례돈야로 89,제주특별자치도 서귀포시 남원읍 하례리 1367-3,33.29764811,126.6094755833,하례 돈야로 89 하례2리 농협창고 앞,남원119안전센터,Y,2001,4.0,동부소방서,064-780-9182,2024-02-07,1661000,소방청
하례5호,1,제주특별자치도,서귀포시,50130,,제주특별자치도 서귀포시 남원읍 하례리 509-3,33.26675711,126.629031956,하례1리사무소동측 200미터 사거리,남원119안전센터,N,1998,4.0,동부소방서,064-780-9182,2024-02-07,1661000,소방청
하례4호,1,제주특별자치도,서귀포시,50130,제주특별자치도 서귀포시 남원읍 하신로 218,제주특별자치도 서귀포시 남원읍 신례리 428-1,33.2729573339,126.6311120256,하례1리 도토릿교 교량 옆,남원119안전센터,N,1994,6.0,동부소방서,064-780-9182,2024-02-07,1661000,소방청
하례3호,1,제주특별자치도,서귀포시,50130,제주특별자치도 서귀포시 남원읍 하례중앙로 110,제주특별자치도 서귀포시 남원읍 하례리 741-5,33.2698557595,126.6242882052,하례1리 삼거리 하천옆,남원119안전센터,Y,1991,4.0,동부소방서,064-780-9182,2024-02-07,1661000,소방청
하례2호,1,제주특별자치도,서귀포시,50130,제주특별자치도 서귀포시 남원읍 하례광장로 22,제주특별자치도 서귀포시 남원읍 하례리 1869-1,33.3006882526,126.6026832257,"5,16입구",남원119안전센터,Y,1989,3.0,동부소방서,064-780-9182,2024-02-07,1661000,소방청
하례1호,1,제주특별자치도,서귀포시,50130,제주특별자치도 서귀포시 남원읍 하례광장로 85,제주특별자치도 서귀포시 남원읍 하례리 1311-16,33.3013481352,126.6094473915,양마단지 버스정류소 옆,남원119안전센터,Y,1994,3.8,동부소방서,064-780-9182,2024-02-07,1661000,소방청
신례9호,1,제주특별자치도,서귀포시,50130,,제주특별자치도 서귀포시 남원읍 신례리 1495-1,33.294466284,126.6330322339,소남동산 교차로 남측 50m,남원119안전센터,Y,2019,6.0,동부소방서,064-780-9182,2024-02-07,1661000,소방청
신례8호,1,제주특별자치도,서귀포시,50130,제주특별자치도 서귀포시 남원읍 공천포로 69-1,제주특별자치도 서귀포시 남원읍 신례리 87-1,33.265088793,126.6407775663,공천포 쉼터 옆,남원119안전센터,N,2021,6.0,동부소방서,064-780-9182,2024-02-07,1661000,소방청
신례7호,1,제주특별자치도,서귀포시,50130,제주특별자치도 서귀포시 남원읍 신례로 96,제주특별자치도 서귀포시 남원읍 신례리 533-1,33.2768042363,126.6409077793,상위미사거리 북측 500미터지점,남원119안전센터,Y,2015,6.0,동부소방서,064-780-9182,2024-02-07,1661000,소방청
신례6호,1,제주특별자치도,서귀포시,50130,제주특별자치도 서귀포시 남원읍 일주동로 7826,제주특별자치도 서귀포시 남원읍 신례리 290-1,33.27115111,126.6466692298,위미농협주유소 동측 50미터,남원119안전센터,Y,2008,6.0,동부소방서,064-780-9182,2024-02-07,1661000,소방청
신례5호,1,제주특별자치도,서귀포시,50130,제주특별자치도 서귀포시 남원읍 일주동로 7908,제주특별자치도 서귀포시 남원읍 신례리 94-1,33.2669745575,126.64049766,신례2리 롯데칠성공장 앞,남원119안전센터,Y,2002,4.5,동부소방서,064-780-9182,2024-02-07,1661000,소방청
신례4호,1,제주특별자치도,서귀포시,50130,제주특별자치도 서귀포시 남원읍 신례로 310-1,제주특별자치도 서귀포시 남원읍 신례리 1005-6,33.290007174,126.6274980514,신례1리 사거리상회 앞,남원119안전센터,Y,2008,4.3,동부소방서,064-780-9182,2024-02-07,1661000,소방청
신례3호,1,제주특별자치도,서귀포시,50130,제주특별자치도 서귀포시 남원읍 중산간동로 7098,제주특별자치도 서귀포시 남원읍 신례리 839-6,33.2849735363,126.6329738315,신례초등학교 동측 사거리,남원119안전센터,Y,2020,4.0,동부소방서,064-780-9182,2024-02-07,1661000,소방청
신례2호,1,제주특별자치도,서귀포시,50130,제주특별자치도 서귀포시 남원읍 신례로 10,제주특별자치도 서귀포시 남원읍 신례리 36-1,33.2675283613,126.6422244717,롯데칠성공장 동측 도로변,남원119안전센터,Y,2013,3.0,동부소방서,064-780-9182,2024-02-07,1661000,소방청
신례1호,1,제주특별자치도,서귀포시,50130,제주특별자치도 서귀포시 남원읍 신례중앙로 44,제주특별자치도 서귀포시 남원읍 신례리 1086-1,33.2874741062,126.6269961,신례1리사무소 남측 50m,남원119안전센터,Y,2003,4.0,동부소방서,064-780-9182,2024-02-07,1661000,소방청
위미19호,1,제주특별자치도,서귀포시,50130,제주특별자치도 서귀포시 남원읍 태위로 397,제주특별자치도 서귀포시 남원읍 위미리 48-6,33.2752424381,126.6896333982,위미 원영자동차학원 입구 맞은편,남원119안전센터,Y,2013,4.3,동부소방서,064-780-9182,2024-02-07,1661000,소방청
위미18호,1,제주특별자치도,서귀포시,50130,,제주특별자치도 서귀포시 남원읍 위미리 3363-2,33.2830730435,126.6522303174,도로변,남원119안전센터,Y,2013,4.3,동부소방서,064-780-9182,2024-02-07,1661000,소방청
위미17호,1,제주특별자치도,서귀포시,50130,제주특별자치도 서귀포시 남원읍 남위남성로213번길 127,제주특별자치도 서귀포시 남원읍 위미리 290,33.2806256239,126.6894871436,위미3리교차로 동측 100m,남원119안전센터,Y,2012,4.5,동부소방서,064-780-9182,2024-02-07,1661000,소방청
위미16호,1,제주특별자치도,서귀포시,50130,,제주특별자치도 서귀포시 남원읍 위미리 1725-5,33.27232911,126.6679227935,위미포구 동측 100m,남원119안전센터,Y,2012,4.0,동부소방서,064-780-9182,2024-02-07,1661000,소방청
위미15호,1,제주특별자치도,서귀포시,50130,제주특별자치도 서귀포시 남원읍 위미항구로 226번길 16,제주특별자치도 서귀포시 남원읍 위미리 3521-5,33.2928818715,126.6534765699,도로변,남원119안전센터,Y,2008,4.0,동부소방서,064-780-9182,2024-02-07,1661000,소방청
위미14호,1,제주특별자치도,서귀포시,50130,제주특별자치도 서귀포시 남원읍 위미항구로 183,제주특별자치도 서귀포시 남원읍 위미리 3532-23,33.29076711,126.6546545985,도로변,남원119안전센터,Y,2008,6.0,동부소방서,064-780-9182,2024-02-07,1661000,소방청
위미13호,1,제주특별자치도,서귀포시,50130,제주특별자치도 서귀포시 남원읍 중산간동로 6778-1,제주특별자치도 서귀포시 남원읍 위미리 2208-16,33.2908385347,126.6658641,태웅농장 맞은편,남원119안전센터,Y,2008,6.0,동부소방서,064-780-9182,2024-02-07,1661000,소방청
위미12호,1,제주특별자치도,서귀포시,50130,제주특별자치도 서귀포시 남원읍 남위남성로334-1,제주특별자치도 서귀포시 남원읍 위미리 1142-1,33.2933037043,126.6766311,도로변,남원119안전센터,Y,2008,3.7,동부소방서,064-780-9182,2024-02-07,1661000,소방청
위미11호,1,제주특별자치도,서귀포시,50130,제주특별자치도 서귀포시 남원읍 남위남성로250,제주특별자치도 서귀포시 남원읍 위미리 458-4,33.291134826,126.6847158328,최남단체험놈장 앞,남원119안전센터,Y,2007,5.0,동부소방서,064-780-9182,2024-02-07,1661000,소방청
위미10호,1,제주특별자치도,서귀포시,50130,제주특별자치도 서귀포시 남원읍 태위로44번길 23,제주특별자치도 서귀포시 남원읍 위미리 3024,33.271301389,126.6539481,도로변,남원119안전센터,N,2015,3.5,동부소방서,064-780-9182,2024-02-07,1661000,소방청
위미9호,1,제주특별자치도,서귀포시,50130,제주특별자치도 서귀포시 남원읍 태위로 255,제주특별자치도 서귀포시 남원읍 위미리 939-1,33.2753724642,126.6744281,도로변,남원119안전센터,Y,2001,3.0,동부소방서,064-780-9182,2024-02-07,1661000,소방청
위미8호,1,제주특별자치도,서귀포시,50130,제주특별자치도 서귀포시 남원읍 남원체육관로 17-2,제주특별자치도 서귀포시 남원읍 위미리 220-5,33.27692711,126.6871135659,도로변,남원119안전센터,Y,1999,4.0,동부소방서,064-780-9182,2024-02-07,1661000,소방청
위미7호,1,제주특별자치도,서귀포시,50130,제주특별자치도 서귀포시 남원읍 태위로 139,제주특별자치도 서귀포시 남원읍 위미리 2853-7,33.2751440648,126.6622367214,위미우체국 앞,남원119안전센터,Y,1996,4.0,동부소방서,064-780-9182,2024-02-07,1661000,소방청
위미6호,1,제주특별자치도,서귀포시,50130,제주특별자치도 서귀포시 남원읍 중산간동로 6735,제주특별자치도 서귀포시 남원읍 위미리 1369-14,33.290384834,126.6705605061,맞은편 도로변,남원119안전센터,Y,1995,4.0,동부소방서,064-780-9182,2024-02-07,1661000,소방청
위미5호,1,제주특별자치도,서귀포시,50130,제주특별자치도 서귀포시 남원읍 위미항구로 154,제주특별자치도 서귀포시 남원읍 위미리 3472-3,33.2881653705,126.6554371,도로변,남원119안전센터,Y,1993,4.0,동부소방서,064-780-9182,2024-02-07,1661000,소방청
위미4호,1,제주특별자치도,서귀포시,50130,제주특별자치도 서귀포시 남원읍 태위로43번길 1,제주특별자치도 서귀포시 남원읍 위미리 4142-2,33.2731490138,126.652031969,도로변,남원119안전센터,Y,1994,3.5,동부소방서,064-780-9182,2024-02-07,1661000,소방청
위미3호,1,제주특별자치도,서귀포시,50130,제주특별자치도 서귀포시 남원읍 위미항구로 21,제주특별자치도 서귀포시 남원읍 위미리 3326-3,33.2764064991,126.656467777,가산빌라 앞,남원119안전센터,Y,1991,3.0,동부소방서,064-780-9182,2024-02-07,1661000,소방청
위미2호,1,제주특별자치도,서귀포시,50130,제주특별자치도 서귀포시 남원읍 위미대성로 107,제주특별자치도 서귀포시 남원읍 위미리 1406-3,33.2869156826,126.6724548048,위미2리 수원지 옆,남원119안전센터,Y,1994,3.5,동부소방서,064-780-9182,2024-02-07,1661000,소방청
위미1호,1,제주특별자치도,서귀포시,50130,제주특별자치도 서귀포시 남원읍 위미대원하로 27,제주특별자치도 서귀포시 남원읍 위미리 1916-9,33.27560811,126.6664791,신협 서측 도로변,남원119안전센터,Y,1995,4.0,동부소방서,064-780-9182,2024-02-07,1661000,소방청
한남2호,1,제주특별자치도,서귀포시,50130,제주특별자치도 서귀포시 남원읍 중산간동로 6396,제주특별자치도 서귀포시 남원읍 한남리 780,33.3132205302,126.693606618,도로변,남원119안전센터,Y,2018,4.0,동부소방서,064-780-9182,2024-02-07,1661000,소방청
한남1호,1,제주특별자치도,서귀포시,50130,제주특별자치도 서귀포시 남원읍 남한로 431,제주특별자치도 서귀포시 남원읍 한남리 359-2,33.3118525431,126.6951668628,한남리사무소 맞은편 인도상,남원119안전센터,N,1997,3.0,동부소방서,064-780-9182,2024-02-07,1661000,소방청
수망4호,1,제주특별자치도,서귀포시,50130,제주특별자치도 서귀포시 남원읍 태수로 563,제주특별자치도 서귀포시 남원읍 수망리 266-2,33.3277619602,126.7158410387,도로변,남원119안전센터,Y,2019,3.5,동부소방서,064-780-9182,2024-02-07,1661000,소방청
수망3호,1,제주특별자치도,서귀포시,50130,제주특별자치도 서귀포시 남원읍 중산간동로 6160-1,제주특별자치도 서귀포시 남원읍 수망리 326-1,33.327173735,126.7109221,도로변,남원119안전센터,Y,2022,3.5,동부소방서,064-780-9182,2024-02-07,1661000,소방청
수망2호,1,제주특별자치도,서귀포시,50130,제주특별자치도 서귀포시 남원읍 남조로 610,제주특별자치도 서귀포시 남원읍 수망리 443-1,33.3312710541,126.7111761,수망손칼국수 앞 도로상,남원119안전센터,Y,2001,3.0,동부소방서,064-780-9182,2024-02-07,1661000,소방청
수망1호,1,제주특별자치도,서귀포시,50130,제주특별자치도 서귀포시 남원읍 남조로 532,제주특별자치도 서귀포시 남원읍 수망리 217-1,33.3249065472,126.7139309567,맞은편 도로변,남원119안전센터,Y,1999,5.5,동부소방서,064-780-9182,2024-02-07,1661000,소방청
의귀3호,1,제주특별자치도,서귀포시,50130,제주특별자치도 서귀포시 남원읍 중산간동로 6271,제주특별자치도 서귀포시 남원읍 의귀리 1990,33.32145611,126.7011737745,웅남공장 서측 30m 도로상,남원119안전센터,Y,2009,3.0,동부소방서,064-780-9182,2024-02-07,1661000,소방청
의귀2호,1,제주특별자치도,서귀포시,50130,제주특별자치도 서귀포시 남원읍 남조로 381번길 12,제주특별자치도 서귀포시 남원읍 의귀리 1603-3,33.3126254625,126.7136036002,의귀어린이집 입구 앞,남원119안전센터,Y,1982,4.0,동부소방서,064-780-9182,2024-02-07,1661000,소방청
의귀1호,1,제주특별자치도,서귀포시,50130,제주특별자치도 서귀포시 남원읍 의귀리 934,제주특별자치도 서귀포시 남원읍 의귀리 934,33.3052618923,126.7180691802,남측 60m 도로상,남원119안전센터,Y,2009,3.0,동부소방서,064-780-9182,2024-02-07,1661000,소방청
신흥9호,1,제주특별자치도,서귀포시,50130,제주특별자치도 서귀포시 남원읍 태신로 398,제주특별자치도 서귀포시 남원읍 신흥리 1699-2,33.3193413848,126.7320204505,의귀농장 앞,남원119안전센터,Y,2020,2.0,동부소방서,064-780-9182,2024-02-07,1661000,소방청
신흥8호,1,제주특별자치도,서귀포시,50130,제주특별자치도 서귀포시 남원읍 신흥고수로 378,제주특별자치도 서귀포시 남원읍 신흥리 958,33.3287836188,126.7557899448,도로변,남원119안전센터,Y,2006,3.5,동부소방서,064-780-9182,2024-02-07,1661000,소방청
신흥7호,1,제주특별자치도,서귀포시,50130,제주특별자치도 서귀포시 남원읍 일주동로 6630,제주특별자치도 서귀포시 남원읍 신흥리 171-4,33.3004476207,126.7663466828,서측 20m 도로상,남원119안전센터,Y,2006,5.5,동부소방서,064-780-9182,2024-02-07,1661000,소방청
신흥6호,1,제주특별자치도,서귀포시,50130,제주특별자치도 서귀포시 남원읍 신흥로 86,제주특별자치도 서귀포시 남원읍 신흥리 554-1,33.3074377796,126.7628260905,방구동 입구,남원119안전센터,Y,2004,5.5,동부소방서,064-780-9182,2024-02-07,1661000,소방청
신흥5호,1,제주특별자치도,서귀포시,50130,제주특별자치도 서귀포시 남원읍 신흥고수로291,제주특별자치도 서귀포시 남원읍 신흥리 853,33.3220869475,126.7565145438,도로변,남원119안전센터,Y,2004,4.0,동부소방서,064-780-9182,2024-02-07,1661000,소방청
신흥4호,1,제주특별자치도,서귀포시,50130,제주특별자치도 서귀포시 남원읍 한신로531번길 22-1,제주특별자치도 서귀포시 남원읍 신흥리 1759-2,33.3204726102,126.745109716,신흥2리 게이트볼장 입구 동측삼거리,남원119안전센터,Y,2002,3.5,동부소방서,064-780-9182,2024-02-07,1661000,소방청
신흥3호,1,제주특별자치도,서귀포시,50130,제주특별자치도 서귀포시 남원읍 한신로545,제주특별자치도 서귀포시 남원읍 신흥리 1769-66,33.3191389415,126.7465288268,신흥2리 온천동 버스정류장,남원119안전센터,N,1998,4.0,동부소방서,064-780-9182,2024-02-07,1661000,소방청
신흥2호,1,제주특별자치도,서귀포시,50130,제주특별자치도 서귀포시 남원읍 신흥고수로362,제주특별자치도 서귀포시 남원읍 신흥리 947,33.3275728513,126.7558491723,신흥고수로362건물 앞 삼거리,남원119안전센터,Y,2016,3.0,동부소방서,064-780-9182,2024-02-07,1661000,소방청
신흥1호,1,제주특별자치도,서귀포시,50130,제주특별자치도 서귀포시 남원읍 신흥로34,제주특별자치도 서귀포시 남원읍 신흥리 2481-3,33.3041484986,126.7669311,신흥1리사무소 앞 삼거리,남원119안전센터,Y,1989,3.0,동부소방서,064-780-9182,2024-02-07,1661000,소방청
태흥6호,1,제주특별자치도,서귀포시,50130,,제주특별자치도 서귀포시 남원읍 태흥리 1710-6,33.285815814,126.7309591179,태흥리 가원교차로 남동측,남원119안전센터,Y,2014,5.0,동부소방서,064-780-9182,2024-02-07,1661000,소방청
태흥5호,1,제주특별자치도,서귀포시,50130,제주특별자치도 서귀포시 남원읍 태수로44,제주특별자치도 서귀포시 남원읍 태흥리 914-1,33.2885246758,126.7392011,금성동교차로,남원119안전센터,Y,2006,3.0,동부소방서,064-780-9182,2024-02-07,1661000,소방청
태흥4호,1,제주특별자치도,서귀포시,50130,제주특별자치도 서귀포시 남원읍 삼덕로3,제주특별자치도 서귀포시 남원읍 태흥리 119-3,33.293591806,126.7584735275,태흥3리 복지회관 서측 20m도로상,남원119안전센터,N,2003,3.0,동부소방서,064-780-9182,2024-02-07,1661000,소방청
태흥3호,1,제주특별자치도,서귀포시,50130,제주특별자치도 서귀포시 남원읍 태흥중동로10,제주특별자치도 서귀포시 남원읍 태흥리 1330-1,33.2844566171,126.7357646922,태흥중동로10건물 앞 도로상,남원119안전센터,Y,2022,3.0,동부소방서,064-780-9182,2024-02-07,1661000,소방청
태흥2호,1,제주특별자치도,서귀포시,50130,제주특별자치도 서귀포시 남원읍 태위로940번길2,제주특별자치도 서귀포시 남원읍 태흥리 493-4,33.2863769993,126.7455291132,태위로940번길2 앞 사거리,남원119안전센터,Y,1994,4.0,동부소방서,064-780-9182,2024-02-07,1661000,소방청
태흥1호,1,제주특별자치도,서귀포시,50130,제주특별자치도 서귀포시 남원읍 일주동로6880,제주특별자치도 서귀포시 남원읍 태흥리 587-1,33.2892872406,126.7443206331,뒷못동교차로 북서측,남원119안전센터,Y,2011,4.0,동부소방서,064-780-9182,2024-02-07,1661000,소방청
남원13호,1,제주특별자치도,서귀포시,50130,,제주특별자치도 서귀포시 남원읍 남원리 614-6,33.3046745593,126.7006135189,도로변,남원119안전센터,Y,2020,4.0,동부소방서,064-780-9182,2024-02-07,1661000,소방청
남원12호,1,제주특별자치도,서귀포시,50130,제주특별자치도 서귀포시 남원읍 남한로140번길 7-3,제주특별자치도 서귀포시 남원읍 남원리 314-1,33.2901251532,126.7122441,도로변,남원119안전센터,Y,2018,5.0,동부소방서,064-780-9182,2024-02-07,1661000,소방청
남원11호,1,제주특별자치도,서귀포시,50130,제주특별자치도 서귀포시 남원읍 남조로58,제주특별자치도 서귀포시 남원읍 남원리 227-5,33.2846734556,126.7210715516,남원농협주유소 북측 100m지점 도로상,남원119안전센터,Y,2008,4.0,동부소방서,064-780-9182,2024-02-07,1661000,소방청
남원10호,1,제주특별자치도,서귀포시,50130,제주특별자치도 서귀포시 남원읍 태위로673,제주특별자치도 서귀포시 남원읍 남원리 105,33.279101838,126.7182611,CU편의점 앞,남원119안전센터,Y,2005,4.0,동부소방서,064-780-9182,2024-02-07,1661000,소방청
남원9호,1,제주특별자치도,서귀포시,50130,제주특별자치도 서귀포시 남원읍 남한로36,제주특별자치도 서귀포시 남원읍 남원리 171-1,33.282255022,126.7175236635,남원중학교-남원교회 사이 도로상,남원119안전센터,N,2002,4.5,동부소방서,064-780-9182,2024-02-07,1661000,소방청
남원8호,1,제주특별자치도,서귀포시,50130,제주특별자치도 서귀포시 남원읍 남한로 173,제주특별자치도 서귀포시 남원읍 남원리 1014-1,33.2929075671,126.7099771,남원2리사무소,남원119안전센터,Y,1998,3.0,동부소방서,064-780-9182,2024-02-07,1661000,소방청
남원7호,1,제주특별자치도,서귀포시,50130,제주특별자치도 서귀포시 남원읍 남한로276,제주특별자치도 서귀포시 남원읍 남원리 727-1,33.30085211,126.7048627905,남한로276건물 앞 버스장류장,남원119안전센터,Y,1996,3.0,동부소방서,064-780-9182,2024-02-07,1661000,소방청
남원6호,1,제주특별자치도,서귀포시,50130,제주특별자치도 서귀포시 남원읍 남원체육관로221번길23,제주특별자치도 서귀포시 남원읍 남원리 1499-3,33.28149307,126.7084324272,남원119센터 내,남원119안전센터,Y,1994,3.5,동부소방서,064-780-9182,2024-02-07,1661000,소방청
남원5호,1,제주특별자치도,서귀포시,50130,제주특별자치도 서귀포시 남원읍 태위로605,제주특별자치도 서귀포시 남원읍 남원리 1333-1,33.2772238684,126.7116517389,남원새마을금고주유소 앞 사거리,남원119안전센터,Y,1995,4.0,동부소방서,064-780-9182,2024-02-07,1661000,소방청
남원4호,1,제주특별자치도,서귀포시,50130,제주특별자치도 서귀포시 남원읍 남원체육관로221번길16,제주특별자치도 서귀포시 남원읍 남원리 1500,33.2809667094,126.7090917812,남원청소년문화의집앞 도로상,남원119안전센터,Y,2016,3.0,동부소방서,064-780-9182,2024-02-07,1661000,소방청
남원3호,1,제주특별자치도,서귀포시,50130,제주특별자치도 서귀포시 남원읍 남한로76,제주특별자치도 서귀포시 남원읍 남원리 1214-16,33.2851178885,126.7149251,남한로76건물 앞 삼거리,남원119안전센터,Y,1994,3.0,동부소방서,064-780-9182,2024-02-07,1661000,소방청
남원2호,1,제주특별자치도,서귀포시,50130,제주특별자치도 서귀포시 남원읍 남조로 15,제주특별자치도 서귀포시 남원읍 남원리 207-2,33.2810899992,126.7205446064,남원석유건물 맞은편 버스정류장,남원119안전센터,Y,1994,4.3,동부소방서,064-780-9182,2024-02-07,1661000,소방청
남원1호,1,제주특별자치도,서귀포시,50130,제주특별자치도 서귀포시 남원읍 태위로 695,제주특별자치도 서귀포시 남원읍 205-1,33.2798959047,126.7206770108,남원읍사무소 동쪽 도로상,남원119안전센터,Y,1989,3.0,동부소방서,064-780-9182,2024-02-07,1661000,소방청
와산4호,1,제주특별자치도,제주시,50110,제주특별자치도 제주시 조천읍 중산간동로 890,제주특별자치도 제주시 조천읍 와산리 1508,33.4908571875,126.6762435312,와산 유성화학입구동측 100ｍ,조천119안전센터,Y,2011,3.3,동부소방서,064-780-9182,2024-02-07,1661000,소방청
와산3호,1,제주특별자치도,제주시,50110,제주특별자치도 제주시 조천읍 미래로 241,제주특별자치도 제주시 조천읍 와산리 1303-6,33.4683278964,126.6786082724,번영로 길섶나그네 사거리 서측 20m,조천119안전센터,Y,2010,3.0,동부소방서,064-780-9182,2024-02-07,1661000,소방청
와산2호,1,제주특별자치도,제주시,50110,제주특별자치도 제주시 조천읍 중산간동로 947,제주특별자치도 제주시 조천읍 와산리 966-3,33.4915591074,126.6818926777,와산리사무소 남측 200m 삼거리,조천119안전센터,Y,2003,3.2,동부소방서,064-780-9182,2024-02-07,1661000,소방청
와산1호,1,제주특별자치도,제주시,50110,제주특별자치도 제주시 조천읍 중산간동로 948,제주특별자치도 제주시 조천읍 와산리 978-4,33.4916289034,126.6826358689,,조천119안전센터,N,2011,5.0,동부소방서,064-780-9182,2024-02-07,1661000,소방청
선흘9호,1,제주특별자치도,제주시,50110,,제주특별자치도 제주시 조천읍 선흘리 626-3,33.487790773,126.7092011276,선흘리 626-3 맞은편 도로,조천119안전센터,Y,2018,5.1,동부소방서,064-780-9182,2024-02-07,1661000,소방청
선흘8호,1,제주특별자치도,제주시,50110,,제주특별자치도 제주시 조천읍 선흘리 2013-1,33.4801080768,126.7018754694,선흘리 캐릭원도 앞,조천119안전센터,Y,2013,5.2,동부소방서,064-780-9182,2024-02-07,1661000,소방청
선흘7호,1,제주특별자치도,제주시,50110,제주특별자치도 제주시 조천읍 중산간동로 1311,제주특별자치도 제주시 조천읍 선흘리 1279,33.5092726601,126.7070915783,선흘리 함덕농협 남측 100m,조천119안전센터,Y,2011,2.1,동부소방서,064-780-9182,2024-02-07,1661000,소방청
선흘6호,1,제주특별자치도,제주시,50110,제주특별자치도 제주시 조천읍 중산간동로 1242,제주특별자치도 제주시 조천읍 선흘리 2497-3,33.5110149444,126.7011794272,선흘리 회전교차로 삼거리,조천119안전센터,Y,2010,3.0,동부소방서,064-780-9182,2024-02-07,1661000,소방청
선흘5호,1,제주특별자치도,제주시,50110,제주특별자치도 제주시 조천읍 와선로 254,제주특별자치도 제주시 조천읍 선흘리 2040-1,33.4849605606,126.6995962199,선흘2리 방주할머니식당 입구,조천119안전센터,Y,2004,6.1,동부소방서,064-780-9182,2024-02-07,1661000,소방청
선흘4호,1,제주특별자치도,제주시,50110,제주특별자치도 제주시 조천읍 우진오름길 1,제주특별자치도 제주시 조천읍 선흘리 1854-5,33.45559511,126.7060154039,거문오름 맞은편 길 서측 400m,조천119안전센터,Y,2016,5.0,동부소방서,064-780-9182,2024-02-07,1661000,소방청
선흘3호,1,제주특별자치도,제주시,50110,제주특별자치도 제주시 조천읍 선진길 88,제주특별자치도 제주시 조천읍 선흘리 469-8,33.45806311,126.7109921676,선흘2리 거문오름관리사무소서남쪽,조천119안전센터,Y,1995,6.0,동부소방서,064-780-9182,2024-02-07,1661000,소방청
선흘2호,1,제주특별자치도,제주시,50110,제주특별자치도 제주시 조천읍 북선로 305,제주특별자치도 제주시 조천읍 선흘리 3386-1,33.5147788996,126.6934491,선흘리낙선동버스정류소,조천119안전센터,Y,1993,2.4,동부소방서,064-780-9182,2024-02-07,1661000,소방청
선흘1호,1,제주특별자치도,제주시,50110,제주특별자치도 제주시 조천읍 중산간동로1285,제주특별자치도 제주시 조천읍 중산간동로 1285,33.5114500797,126.7059370123,,조천119안전센터,N,2013,2.9,동부소방서,064-780-9182,2024-02-07,1661000,소방청
조천12호,1,제주특별자치도,제주시,50110,,제주특별자치도 제주시 조천읍 조천리 1546-7,33.53177511,126.6438574342,조천리 1546-7,조천119안전센터,Y,2020,3.4,동부소방서,064-780-9182,2024-02-07,1661000,소방청
조천11호,1,제주특별자치도,제주시,50110,제주특별자치도 제주시 조천읍 신북로329,제주특별자치도 제주시 조천읍 조천리 833-2,33.5410310248,126.6458721467,조천119센터,조천119안전센터,Y,2020,3.2,동부소방서,064-780-9182,2024-02-07,1661000,소방청
조천10호,1,제주특별자치도,제주시,50110,제주특별자치도 제주시 조천읍 신북로 171-1,제주특별자치도 제주시 조천읍 조천리 3104-11,33.53511111,126.6316644801,,조천119안전센터,Y,2017,4.5,동부소방서,064-780-9182,2024-02-07,1661000,소방청
조천9호,1,제주특별자치도,제주시,50110,제주특별자치도 제주시 조천읍 조와로 192,제주특별자치도 제주시 조천읍 조천리 3438,33.5186799392,126.6346181196,신안동 사거리,조천119안전센터,Y,2008,4.0,동부소방서,064-780-9182,2024-02-07,1661000,소방청
조천8호,1,제주특별자치도,제주시,50110,제주특별자치도 제주시 조천읍 조와로 5-1,제주특별자치도 제주시 조천읍 조천리 2244,33.53479611,126.6361836149,조천 동성카센터 맞은편,조천119안전센터,Y,1998,5.3,동부소방서,064-780-9182,2024-02-07,1661000,소방청
조천7호,1,제주특별자치도,제주시,50110,제주특별자치도 제주시 조천읍 남조로 2955,제주특별자치도 제주시 조천읍 조천리 1515-3,33.5236951025,126.6450834861,조천리 양천동입구 삼거리,조천119안전센터,Y,2008,4.7,동부소방서,064-780-9182,2024-02-07,1661000,소방청
조천6호,1,제주특별자치도,제주시,50110,제주특별자치도 제주시 조천읍 남조로 3112,제주특별자치도 제주시 조천읍 조천리 1332-1,33.53670311,126.6407759122,조천 해양맨션 진입로 남측 200m,조천119안전센터,Y,1998,4.2,동부소방서,064-780-9182,2024-02-07,1661000,소방청
조천5호,1,제주특별자치도,제주시,50110,제주특별자치도 제주시 조천읍 조함해안로 1,제주특별자치도 제주시 조천읍 조천리 2601-2,33.5382478748,126.6392102168,조천리사무소 사거리 북측,조천119안전센터,Y,1992,5.0,동부소방서,064-780-9182,2024-02-07,1661000,소방청
조천4호,1,제주특별자치도,제주시,50110,제주특별자치도 제주시 조천읍 조함해안로 27,제주특별자치도 제주시 조천읍 조천리 2673-2,33.5392900299,126.6370161,조천포구 입구,조천119안전센터,Y,2011,4.0,동부소방서,064-780-9182,2024-02-07,1661000,소방청
조천3호,1,제주특별자치도,제주시,50110,제주특별자치도 제주시 조천읍 조함해안로 33-6,제주특별자치도 제주시 조천읍 조천리 2692,33.5400334388,126.6365149352,조천리 연북정 앞,조천119안전센터,N,2008,5.0,동부소방서,064-780-9182,2024-02-07,1661000,소방청
조천2호,1,제주특별자치도,제주시,50110,제주특별자치도 제주시 조천읍 조천북1길 1,제주특별자치도 제주시 조천읍 조천리 2707-1,33.54117111,126.6365551,조천하동 포구옆,조천119안전센터,Y,2008,6.0,동부소방서,064-780-9182,2024-02-07,1661000,소방청
조천1호,1,제주특별자치도,제주시,50110,제주특별자치도 제주시 조천읍 신북로 337,제주특별자치도 제주시 조천읍 조천리 833-5,33.5410795156,126.6468772319,조천119센터,조천119안전센터,Y,2006,2.7,동부소방서,064-780-9182,2024-02-07,1661000,소방청
대흘6호,1,제주특별자치도,제주시,50110,,제주특별자치도 제주시 조천읍 대흘리 1776-5,33.4999876274,126.6591741762,대흘리 1776-5,조천119안전센터,Y,2020,3.0,동부소방서,064-780-9182,2024-02-07,1661000,소방청
대흘5호,1,제주특별자치도,제주시,50110,,제주특별자치도 제주시 조천읍 대흘리 1680-6,33.49884511,126.6589491,대흘리 1680-6,조천119안전센터,Y,2020,3.0,동부소방서,064-780-9182,2024-02-07,1661000,소방청
대흘4호,1,제주특별자치도,제주시,50110,제주특별자치도 제주시 조천읍 함와로 310,제주특별자치도 제주시 조천읍 대흘리 110-16,33.5128918908,126.6763361,대흘리 110-16,조천119안전센터,Y,2017,3.0,동부소방서,064-780-9182,2024-02-07,1661000,소방청
대흘3호,1,제주특별자치도,제주시,50110,제주특별자치도 제주시 조천읍 곱은달길 49,제주특별자치도 제주시 조천읍 대흘리 118-1,33.5120921218,126.6732349718,대흘2리 입구 삼거리,조천119안전센터,Y,1992,3.0,동부소방서,064-780-9182,2024-02-07,1661000,소방청
대흘2호,1,제주특별자치도,제주시,50110,제주특별자치도 제주시 조천읍 중산간동로 636,제주특별자치도 제주시 조천읍 대흘리 2302-2,33.4982210485,126.6533963392,대흘리삼일교회 북측삼거리,조천119안전센터,Y,1992,3.5,동부소방서,064-780-9182,2024-02-07,1661000,소방청
대흘1호,1,제주특별자치도,제주시,50110,제주특별자치도 제주시 조천읍 중산간동로 647,제주특별자치도 제주시 조천읍 대흘리 2237-7,33.49875111,126.6546049402,대흘1리복지회관 동측 50m,조천119안전센터,Y,1995,2.0,동부소방서,064-780-9182,2024-02-07,1661000,소방청
와흘10호,1,제주특별자치도,제주시,50110,,제주특별자치도 제주시 조천읍 와흘리 2974,33.4692711405,126.6390071,와흘리 2974,조천119안전센터,Y,2020,3.0,동부소방서,064-780-9182,2024-02-07,1661000,소방청
와흘9호,1,제주특별자치도,제주시,50110,,제주특별자치도 제주시 조천읍 와흘리 1764,33.5007702731,126.630675587,가온산업,조천119안전센터,Y,2020,3.0,동부소방서,064-780-9182,2024-02-07,1661000,소방청
와흘8호,1,제주특별자치도,제주시,50110,,제주특별자치도 제주시 조천읍 와흘리 1037,33.49451711,126.6356682717,와흘리 1037,조천119안전센터,Y,2020,3.0,동부소방서,064-780-9182,2024-02-07,1661000,소방청
와흘7호,1,제주특별자치도,제주시,50110,,제주특별자치도 제주시 조천읍 와흘리 산 12-9,33.468823745,126.6597976557,남조로 교차로,조천119안전센터,Y,2020,3.0,동부소방서,064-780-9182,2024-02-07,1661000,소방청
와흘6호,1,제주특별자치도,제주시,50110,제주특별자치도 제주시 조천읍 와흘전 2길,제주특별자치도 제주시 조천읍 와흘리 2847,33.4739314458,126.6391705948,와흘리 전원마을(와흘전 2길)입구,조천119안전센터,Y,2010,3.0,동부소방서,064-780-9182,2024-02-07,1661000,소방청
와흘5호,1,제주특별자치도,제주시,50110,제주특별자치도 제주시 조천읍 남조로 2113,제주특별자치도 제주시 조천읍 교래리 786-4,33.4543487222,126.6613084801,와흘리 이기풍선교원 우회도로상,조천119안전센터,Y,2012,3.0,동부소방서,064-780-9182,2024-02-07,1661000,소방청
와흘4호,1,제주특별자치도,제주시,50110,제주특별자치도 제주시 조천읍 남조로2349,제주특별자치도 제주시 조천읍 와흘리 127-1,33.4741055941,126.6567332363,와흘리 고평동 항아리 식당(앞,조천119안전센터,Y,2008,3.0,동부소방서,064-780-9182,2024-02-07,1661000,소방청
와흘3호,1,제주특별자치도,제주시,50110,제주특별자치도 제주시 조천읍 와흘로 255,제주특별자치도 제주시 조천읍 와흘리 720,33.4825362434,126.6409351892,와흘 상동 제주비료(와흘로 255)입구,조천119안전센터,Y,2000,9.5,동부소방서,064-780-9182,2024-02-07,1661000,소방청
와흘2호,1,제주특별자치도,제주시,50110,제주특별자치도 제주시 조천읍 중산간동로448,제주특별자치도 제주시 조천읍 와흘리 1661-2,33.5030716993,126.63458858,,조천119안전센터,Y,1992,3.5,동부소방서,064-780-9182,2024-02-07,1661000,소방청
와흘1호,1,제주특별자치도,제주시,50110,제주특별자치도 제주시 조천읍 조와로365,제주특별자치도 제주시 조천읍 와흘리 1436-4,33.50406511,126.6358820074,와흘회전교차로 북측 100m,조천119안전센터,Y,2013,3.0,동부소방서,064-780-9182,2024-02-07,1661000,소방청
신흥1호,1,제주특별자치도,제주시,50110,제주특별자치도 제주시 조천읍 신흥로 40,제주특별자치도 제주시 조천읍 신흥리 144-1,33.5470703693,126.6523109699,신흥리복지회관 서북측 20m,조천119안전센터,Y,1992,3.0,동부소방서,064-780-9182,2024-02-07,1661000,소방청
북촌6호,1,제주특별자치도,제주시,50110,제주특별자치도 제주시 조천읍 북촌7길 22,제주특별자치도 제주시 조천읍 북촌리 1271-4,33.5496962299,126.6933852998,북촌리 1271-4,조천119안전센터,Y,2023,6.5,동부소방서,064-780-9182,2024-02-07,1661000,소방청
북촌5호,1,제주특별자치도,제주시,50110,제주특별자치도 제주시 조천읍 북촌3길 3,제주특별자치도 제주시 조천읍 북촌리 1599,33.54601111,126.6886563871,조천읍 북촌리 1599,조천119안전센터,Y,2020,3.0,동부소방서,064-780-9182,2024-02-07,1661000,소방청
북촌4호,1,제주특별자치도,제주시,50110,제주특별자치도 제주시 조천읍 일주동로 1487,제주특별자치도 제주시 조천읍 북촌리 1259-1,33.5477463874,126.6928051,북촌농협 앞,조천119안전센터,Y,2019,2.7,동부소방서,064-780-9182,2024-02-07,1661000,소방청
북촌3호,1,제주특별자치도,제주시,50110,제주특별자치도 제주시 조천읍 북흘로 144,제주특별자치도 제주시 조천읍 북촌리 65,33.5368281226,126.7005577164,열방대학교 부설 기독학교 입구 도로,조천119안전센터,Y,2014,3.0,동부소방서,064-780-9182,2024-02-07,1661000,소방청
북촌2호,1,제주특별자치도,제주시,50110,제주특별자치도 제주시 조천읍 북촌 9길 1-8,제주특별자치도 제주시 조천읍 북촌리 622,33.5482104407,126.6947861,북촌초등학교 동측 100ｍ,조천119안전센터,Y,2008,3.0,동부소방서,064-780-9182,2024-02-07,1661000,소방청
북촌1호,1,제주특별자치도,제주시,50110,제주특별자치도 제주시 조천읍 북촌11길8,제주특별자치도 제주시 조천읍 북촌리 508-1,33.54940611,126.696034126,북촌리사무소 앞 골목100ｍ,조천119안전센터,N,2017,3.0,동부소방서,064-780-9182,2024-02-07,1661000,소방청
신촌15호,1,제주특별자치도,제주시,50110,,제주특별자치도 제주시 조천읍 신촌리 1577-6,33.5254702549,126.6238322922,인수물 사거리 인근,조천119안전센터,Y,2020,3.0,동부소방서,064-780-9182,2024-02-07,1661000,소방청
신촌14호,1,제주특별자치도,제주시,50110,,제주특별자치도 제주시 조천읍 신촌리 3166-2,33.5272494306,126.6116272278,신촌리 3166-2,조천119안전센터,Y,2020,3.0,동부소방서,064-780-9182,2024-02-07,1661000,소방청
신촌13호,1,제주특별자치도,제주시,50110,제주특별자치도 제주시 조천읍 신와로 67,제주특별자치도 제주시 조천읍 신촌리 2759-10,33.5223940448,126.617005832,,조천119안전센터,Y,2017,3.0,동부소방서,064-780-9182,2024-02-07,1661000,소방청
신촌12호,1,제주특별자치도,제주시,50110,제주특별자치도 제주시 조천읍 일주동로 762,제주특별자치도 제주시 조천읍 신촌리 1732-2,33.5306798226,126.6225732111,신촌사거리 소담채 일반음식점 맞은편,조천119안전센터,Y,2015,5.0,동부소방서,064-780-9182,2024-02-07,1661000,소방청
신촌11호,1,제주특별자치도,제주시,50110,제주특별자치도 제주시 조천읍 신촌5길 1,제주특별자치도 제주시 조천읍 신촌리 1832-1,33.53411311,126.6205168114,신촌복지회관 동측 너나드리미용실 동측,조천119안전센터,Y,2013,3.0,동부소방서,064-780-9182,2024-02-07,1661000,소방청
신촌10호,1,제주특별자치도,제주시,50110,제주특별자치도 제주시 조천읍 신조로 39,제주특별자치도 제주시 조천읍 신촌리 1407-3,33.5179837985,126.6240360441,신촌 동수동공업사옆,조천119안전센터,Y,1995,4.0,동부소방서,064-780-9182,2024-02-07,1661000,소방청
신촌9호,1,제주특별자치도,제주시,50110,제주특별자치도 제주시 조천읍 신촌2길 13,제주특별자치도 제주시 조천읍 신촌리 2586-3,33.5318619161,126.6187810935,신촌덕인당 빵집 앞,조천119안전센터,N,1992,3.0,동부소방서,064-780-9182,2024-02-07,1661000,소방청
신촌8호,1,제주특별자치도,제주시,50110,제주특별자치도 제주시 조천읍 신북로51,제주특별자치도 제주시 조천읍 신촌리 1828,33.5344733804,126.619515273,신촌초등교 입구 서남측 코너,조천119안전센터,Y,2012,6.6,동부소방서,064-780-9182,2024-02-07,1661000,소방청
신촌7호,1,제주특별자치도,제주시,50110,제주특별자치도 제주시 조천읍 신촌북1길27,제주특별자치도 제주시 조천읍 신촌리 2321-5,33.5362538686,126.6173289632,신촌 지역아동센터 북측 10m,조천119안전센터,Y,2016,6.5,동부소방서,064-780-9182,2024-02-07,1661000,소방청
신촌6호,1,제주특별자치도,제주시,50110,제주특별자치도 제주시 조천읍 신촌 북3길 25,제주특별자치도 제주시 조천읍 신촌리 2356-1,33.5367520926,126.6163979757,,조천119안전센터,Y,2009,5.5,동부소방서,064-780-9182,2024-02-07,1661000,소방청
신촌5호,1,제주특별자치도,제주시,50110,제주특별자치도 제주시 조천읍 신촌 북3길 1,제주특별자치도 제주시 조천읍 신촌리 2202-1,33.53729411,126.6188861265,,조천119안전센터,Y,2005,4.8,동부소방서,064-780-9182,2024-02-07,1661000,소방청
신촌4호,1,제주특별자치도,제주시,50110,제주특별자치도 제주시 조천읍 신촌5길 40-20,제주특별자치도 제주시 조천읍 신촌리 2113-1,33.53663511,126.6214022231,,조천119안전센터,Y,2009,3.0,동부소방서,064-780-9182,2024-02-07,1661000,소방청
신촌3호,1,제주특별자치도,제주시,50110,제주특별자치도 제주시 조천읍 신북로 51,제주특별자치도 제주시 조천읍 신촌리 1828,33.5344733804,126.619515273,조천읍 신촌북1길2(맞은편),조천119안전센터,Y,2005,5.5,동부소방서,064-780-9182,2024-02-07,1661000,소방청
신촌2호,1,제주특별자치도,제주시,50110,제주특별자치도 제주시 조천읍 신촌5길 19,제주특별자치도 제주시 조천읍 신촌리 2168-1,33.53582911,126.6208961,조천읍 신촌5길 19(신촌향사 북측 50m,조천119안전센터,Y,1992,2.0,동부소방서,064-780-9182,2024-02-07,1661000,소방청
신촌1호,1,제주특별자치도,제주시,50110,제주특별자치도 제주시 조천읍 신촌9길26,제주특별자치도 제주시 조천읍 신촌리 1935-1,33.53656611,126.6234799535,태흥빌라 남측 100m,조천119안전센터,Y,2000,2.0,동부소방서,064-780-9182,2024-02-07,1661000,소방청
교래3호,1,제주특별자치도,제주시,50110,제주특별자치도 제주시 조천읍 비자림로606,제주특별자치도 제주시 조천읍 교래리 산56-4,33.4342518991,126.6749133442,교래리 미니미니랜드 앞,조천119안전센터,Y,2012,1.0,동부소방서,064-780-9182,2024-02-07,1661000,소방청
교래2호,1,제주특별자치도,제주시,50110,제주특별자치도 제주시 조천읍 남조로1767,제주특별자치도 제주시 조천읍 교래리 207,33.4253992282,126.6744153932,,조천119안전센터,Y,2003,2.0,동부소방서,064-780-9182,2024-02-07,1661000,소방청
교래1호,1,제주특별자치도,제주시,50110,제주특별자치도 제주시 조천읍 비자림로 645,제주특별자치도 제주시 조천읍 교래리 491,33.4361385474,126.6759941529,비자림로 645(교래손칼국수남측 30m 앞),조천119안전센터,Y,1992,3.5,동부소방서,064-780-9182,2024-02-07,1661000,소방청
함덕22호,1,제주특별자치도,제주시,50110,제주특별자치도 제주시 조천읍 조함해안로 430-1,제주특별자치도 제주시 조천읍 함덕리 3129-3,33.5452401213,126.660854089,함덕 싱싱촘맛집 옆,조천119안전센터,Y,2023,2.5,동부소방서,064-780-9182,2024-02-07,1661000,소방청
함덕21호,1,제주특별자치도,제주시,50110,제주특별자치도 제주시 조천읍 함덕 16길 69,제주특별자치도 제주시 조천읍 함덕리 1230-1,33.5424765828,126.6623731,함덕리 우체국골목 삼거리,조천119안전센터,Y,1990,3.5,동부소방서,064-780-9182,2024-02-07,1661000,소방청
함덕20호,1,제주특별자치도,제주시,50110,제주특별자치도 제주시 조천읍 신북로 544,제주특별자치도 제주시 조천읍 함덕리 1002-101,33.5411404863,126.6677023105,함덕해수욕장 입구,조천119안전센터,Y,2019,4.5,동부소방서,064-780-9182,2024-02-07,1661000,소방청
함덕19호,1,제주특별자치도,제주시,50110,제주특별자치도 제주시 조천읍 함덕남12길 19,제주특별자치도 제주시 조천읍 함덕리 290-133,33.5335901518,126.6742733247,태영빌라 서남측 입구,조천119안전센터,Y,2018,3.5,동부소방서,064-780-9182,2024-02-07,1661000,소방청
함덕18호,1,제주특별자치도,제주시,50110,제주특별자치도 제주시 조천읍 함덕16길 15-13,제주특별자치도 제주시 조천읍 함덕리 972-7,33.5402526599,126.6679606602,함덕오일시장 서남측 주차장,조천119안전센터,Y,2016,3.5,동부소방서,064-780-9182,2024-02-07,1661000,소방청
함덕17호,1,제주특별자치도,제주시,50110,제주특별자치도 제주시 조천읍 함선로 2,제주특별자치도 제주시 조천읍 대흘리 2010,33.5182936141,126.6595580437,,조천119안전센터,Y,2008,6.0,동부소방서,064-780-9182,2024-02-07,1661000,소방청
함덕16호,1,제주특별자치도,제주시,50110,제주특별자치도 제주시 조천읍 함대로2,제주특별자치도 제주시 조천읍 함덕리 3037-1,33.543600041,126.6578082726,함덕리우리주유소 사거리 서측,조천119안전센터,Y,2008,4.0,동부소방서,064-780-9182,2024-02-07,1661000,소방청
함덕15호,1,제주특별자치도,제주시,50110,제주특별자치도 제주시 조천읍 일주동로 1122,제주특별자치도 제주시 조천읍 함덕리 2776-2,33.5367014459,126.6607678251,함덕자동차공업사 입구,조천119안전센터,Y,2008,3.5,동부소방서,064-780-9182,2024-02-07,1661000,소방청
함덕14호,1,제주특별자치도,제주시,50110,제주특별자치도 제주시 조천읍 함덕 서1길 22,제주특별자치도 제주시 조천읍 함덕리 2951-4,33.5416425722,126.65973042,함덕리88 취락구조 삼거리,조천119안전센터,Y,1992,3.5,동부소방서,064-780-9182,2024-02-07,1661000,소방청
함덕13호,1,제주특별자치도,제주시,50110,제주특별자치도 제주시 조천읍 함덕 8길 47,제주특별자치도 제주시 조천읍 함덕리 1136,33.53922611,126.6634741,함덕 구)맹호제재소 앞,조천119안전센터,Y,2013,5.0,동부소방서,064-780-9182,2024-02-07,1661000,소방청
함덕12호,1,제주특별자치도,제주시,50110,제주특별자치도 제주시 조천읍 함덕6길 19-12,제주특별자치도 제주시 조천읍 함덕리 2886-3,33.5421226695,126.6616056216,함덕은하어린이집 인근,조천119안전센터,N,2016,3.0,동부소방서,064-780-9182,2024-02-07,1661000,소방청
함덕10호,1,제주특별자치도,제주시,50110,제주특별자치도 제주시 조천읍 함덕12길 14,제주특별자치도 제주시 조천읍 함덕리 1187-2,33.5410379349,126.6642446662,함덕리사무소 남측 100m,조천119안전센터,Y,1992,4.5,동부소방서,064-780-9182,2024-02-07,1661000,소방청
함덕9호,1,제주특별자치도,제주시,50110,제주특별자치도 제주시 조천읍 신북로 515,제주특별자치도 제주시 조천읍 함덕리 1252,33.5421739418,126.6649772612,함덕리 함덕파출소 앞,조천119안전센터,Y,2008,4.6,동부소방서,064-780-9182,2024-02-07,1661000,소방청
함덕8호,1,제주특별자치도,제주시,50110,제주특별자치도 제주시 조천읍 함와로 155,제주특별자치도 제주시 조천읍 함덕리 65-2,33.5265795062,126.6775703026,함덕리 백록레미콘 앞,조천119안전센터,Y,2008,4.8,동부소방서,064-780-9182,2024-02-07,1661000,소방청
함덕7호,1,제주특별자치도,제주시,50110,제주특별자치도 제주시 조천읍 함와로 58,제주특별자치도 제주시 조천읍 함덕리 72-54,33.5348614067,126.6754438706,하나로마트 주유소 남측 100m,조천119안전센터,Y,1992,3.5,동부소방서,064-780-9182,2024-02-07,1661000,소방청
함덕6호,1,제주특별자치도,제주시,50110,제주특별자치도 제주시 조천읍 함와로 17,제주특별자치도 제주시 조천읍 함덕리 4157-1,33.5384543365,126.6747184649,함덕지구 광명@ 서측 200m,조천119안전센터,Y,2008,4.0,동부소방서,064-780-9182,2024-02-07,1661000,소방청
함덕5호,1,제주특별자치도,제주시,50110,제주특별자치도 제주시 조천읍 함덕 30길 26,제주특별자치도 제주시 조천읍 함덕리 4163,33.538083382,126.6766658631,함덕 광명@ 서측 30m,조천119안전센터,Y,2008,4.0,동부소방서,064-780-9182,2024-02-07,1661000,소방청
함덕4호,1,제주특별자치도,제주시,50110,제주특별자치도 제주시 조천읍 함덕 30길27,제주특별자치도 제주시 조천읍 함덕리 4168,33.5380180446,126.6770221477,함덕 광명@ 북측 20m,조천119안전센터,Y,2008,4.0,동부소방서,064-780-9182,2024-02-07,1661000,소방청
함덕3호,1,제주특별자치도,제주시,50110,제주특별자치도 제주시 조천읍 함와로 4,제주특별자치도 제주시 조천읍 함덕리 4150,33.53962511,126.6740588118,박명숙 동태탕 앞,조천119안전센터,Y,2008,4.0,동부소방서,064-780-9182,2024-02-07,1661000,소방청
함덕2호,1,제주특별자치도,제주시,50110,제주특별자치도 제주시 조천읍 함덕로 2,제주특별자치도 제주시 조천읍 ?덕리 4150,33.5403377118,126.6742526461,함덕주유소 동측 건너편,조천119안전센터,Y,2008,4.2,동부소방서,064-780-9182,2024-02-07,1661000,소방청
함덕1호,1,제주특별자치도,제주시,50110,제주특별자치도 제주시 조천읍 함덕27길18-1,제주특별자치도 제주시 조천읍 함덕리 273-1,33.5417979806,126.6740315098,함덕주유소 북측 대월회관 동측,조천119안전센터,Y,2011,3.5,동부소방서,064-780-9182,2024-02-07,1661000,소방청
삼달5호,1,제주특별자치도,서귀포시,65200,제주특별자치도 서귀포시 성산읍 일주동로 5252,제주특별자치도 서귀포시 성산읍 삼달리 29-2,33.369408427,126.8687191562,삼달교차로 꽃밭,성산119안전센터,Y,1999,2.0,제주동부소방서,064-780-9182,2024-02-07,1661000,소방청
삼달4호,1,제주특별자치도,서귀포시,65200,,제주특별자치도 서귀포시 성산읍 삼달리 1069-1,33.3778234826,126.8418311,회전교차로,성산119안전센터,Y,2016,2.3,제주동부소방서,064-780-9182,2024-02-07,1661000,소방청
삼달3호,1,제주특별자치도,서귀포시,65200,제주특별자치도 서귀포시 성산읍 삼달로 165,제주특별자치도 서귀포시 성산읍 삼달리 446-8,33.37312041,126.8518842961,버스정류소 옆,성산119안전센터,Y,2003,2.3,제주동부소방서,064-780-9182,2024-02-07,1661000,소방청
삼달2호,1,제주특별자치도,서귀포시,65200,제주특별자치도 서귀포시 성산읍 삼달로 193번길 86,제주특별자치도 서귀포시 성산읍 삼달리 1221-1,33.3713221358,126.8421024589,버스정류소 맞은편,성산119안전센터,Y,2001,2.3,제주동부소방서,064-780-9182,2024-02-07,1661000,소방청
삼달1호,1,제주특별자치도,서귀포시,65200,제주특별자치도 서귀포시 성산읍 삼달로 209,제주특별자치도 서귀포시 성산읍 삼달리 724-1,33.3740984664,126.8472648147,삼달1리 마을회관 앞,성산119안전센터,Y,1995,2.3,제주동부소방서,064-780-9182,2024-02-07,1661000,소방청
신산4호,1,제주특별자치도,서귀포시,65200,,제주특별자치도 서귀포시 성산읍 신산리 517-2,33.3814329645,126.8795248865,옥사진관 옆,성산119안전센터,Y,2022,2.2,제주동부소방서,064-780-9182,2024-02-07,1661000,소방청
신산3호,1,제주특별자치도,서귀포시,65200,제주특별자치도 서귀포시 성산읍 일주동로 5153,제주특별자치도 서귀포시 성산읍 신산리 1154-8,33.3771058949,126.8743440135,신산리 희진주유소 맞은편,성산119안전센터,Y,2006,2.2,제주동부소방서,064-780-9182,2024-02-07,1661000,소방청
신산2호,1,제주특별자치도,서귀포시,65200,제주특별자치도 서귀포시 성산읍 일주동로 5122,제주특별자치도 서귀포시 성산읍 신산리 1047-3,33.3799476171,126.8754097735,신산리 신산경찰파출소 옆,성산119안전센터,Y,1996,2.0,제주동부소방서,064-780-9182,2024-02-07,1661000,소방청
신산1호,1,제주특별자치도,서귀포시,65200,제주특별자치도 서귀포시 성산읍 일주동로 5099,제주특별자치도 서귀포시 성산읍 신산리 1036-1,33.3815828932,126.8769246,신산리 신산초등학교 앞 인근,성산119안전센터,Y,1992,2.0,제주동부소방서,064-780-9182,2024-02-07,1661000,소방청
신천3호,1,제주특별자치도,서귀포시,65200,제주특별자치도 서귀포시 성산읍 신천로 47번길 1,제주특별자치도 서귀포시 성산읍 신천리 301,33.3429272079,126.8532792828,신천리 어촌계에서 바닷가 방면 30m,성산119안전센터,Y,2009,3.5,제주동부소방서,064-780-9182,2024-02-07,1661000,소방청
신천2호,1,제주특별자치도,서귀포시,65200,제주특별자치도 서귀포시 성산읍 풍천로 2,제주특별자치도 서귀포시 성산읍 신천리 511,33.3468495375,126.8516742896,신천리 풍천초등학교 입구,성산119안전센터,Y,2000,2.1,제주동부소방서,064-780-9182,2024-02-07,1661000,소방청
신천1호,1,제주특별자치도,서귀포시,65200,제주특별자치도 서귀포시 성산읍 일주동로 5099,제주특별자치도 서귀포시 성산읍 신천리 892-2,33.3815828932,126.8769525421,신천리 버스정류장 맞은편,성산119안전센터,Y,1990,2.2,제주동부소방서,064-780-9182,2024-02-07,1661000,소방청
시흥4호,1,제주특별자치도,서귀포시,65200,제주특별자치도 서귀포시 성산읍 시흥상동로 77번길 32,제주특별자치도 서귀포시 성산읍 시흥리 625-1,33.47343381,126.8960923539,도로변,성산119안전센터,Y,2019,5.0,제주동부소방서,064-780-9182,2024-02-07,1661000,소방청
시흥3호,1,제주특별자치도,서귀포시,65200,제주특별자치도 서귀포시 성산읍 시흥하동로 49,제주특별자치도 서귀포시 성산읍 시흥리 119,33.4735907494,126.9055708,시흥리 마을놀이터 동측50m지점,성산119안전센터,Y,2006,5.0,제주동부소방서,064-780-9182,2024-02-07,1661000,소방청
시흥2호,1,제주특별자치도,서귀포시,65200,제주특별자치도 서귀포시 성산읍 시흥하동로 57번길 23,제주특별자치도 서귀포시 성산읍 시흥리 835-5,33.47412411,126.9027470591,시흥리 어촌계 사무실 앞,성산119안전센터,Y,1993,2.2,제주동부소방서,064-780-9182,2024-02-07,1661000,소방청
시흥1호,1,제주특별자치도,서귀포시,65200,제주특별자치도 서귀포시 성산읍 시흥상동로 54,제주특별자치도 서귀포시 성산읍 시흥리 764-2,33.4740674892,126.8987750014,시흥리사무소 앞,성산119안전센터,Y,1992,2.2,제주동부소방서,064-780-9182,2024-02-07,1661000,소방청
고성17호,1,제주특별자치도,서귀포시,65200,제주특별자치도 서귀포시 성산읍 일주동로 4495,제주특별자치도 서귀포시 성산읍 고성리 1914-7,33.4276679693,126.9076017,성산 LPG충전소 옆,성산119안전센터,Y,2010,2.1,제주동부소방서,064-780-9182,2024-02-07,1661000,소방청
고성16호,1,제주특별자치도,서귀포시,65200,제주특별자치도 서귀포시 성산읍 일주동로 4330,제주특별자치도 서귀포시 성산읍 고성리 1023-2,33.4426418276,126.9110600945,성산읍사무소 내,성산119안전센터,Y,1989,2.1,제주동부소방서,064-780-9182,2024-02-07,1661000,소방청
고성15호,1,제주특별자치도,서귀포시,65200,제주특별자치도 서귀포시 성산읍 고성오조로 93,제주특별자치도 서귀포시 성산읍 고성리 1180-34,33.4518623235,126.9128147254,고성리 오일시장 입구,성산119안전센터,N,2017,3.5,제주동부소방서,064-780-9182,2024-02-07,1661000,소방청
고성14호,1,제주특별자치도,서귀포시,65200,,제주특별자치도 서귀포시 성산읍 고성리 352-4,33.44909511,126.9195511,일출로 농협마트 사거리 교차로 앞,성산119안전센터,Y,2009,3.0,제주동부소방서,064-780-9182,2024-02-07,1661000,소방청
고성13호,1,제주특별자치도,서귀포시,65200,제주특별자치도 서귀포시 성산읍 일출로 34,제주특별자치도 서귀포시 성산읍 고성리 329-8,33.44769311,126.9165815701,골든튤립호텔 앞,성산119안전센터,Y,2009,3.5,제주동부소방서,064-780-9182,2024-02-07,1661000,소방청
고성12호,1,제주특별자치도,서귀포시,65200,제주특별자치도 서귀포시 성산읍 산성효자로 40,제주특별자치도 서귀포시 성산읍 고성리 1330,33.45068611,126.9080990604,제주돌체펜션 앞,성산119안전센터,Y,2005,4.0,제주동부소방서,064-780-9182,2024-02-07,1661000,소방청
고성11호,1,제주특별자치도,서귀포시,65200,제주특별자치도 서귀포시 성산읍 일주동로 4304,제주특별자치도 서귀포시 성산읍 고성리 1012-1,33.4444132117,126.9125626651,고성리사무소 입구,성산119안전센터,Y,2001,2.0,제주동부소방서,064-780-9182,2024-02-07,1661000,소방청
고성10호,1,제주특별자치도,서귀포시,65200,제주특별자치도 서귀포시 성산읍 고성오조로 113,제주특별자치도 서귀포시 성산읍 오조리 1035-8,33.4537563991,126.9130308527,고성리 오성주유소 옆,성산119안전센터,Y,2000,2.0,제주동부소방서,064-780-9182,2024-02-07,1661000,소방청
고성9호,1,제주특별자치도,서귀포시,65200,,제주특별자치도 서귀포시 성산읍 오조리 998-1,33.455301408,126.9113961,코델리아s호텔 앞,성산119안전센터,Y,2022,2.5,제주동부소방서,064-780-9182,2024-02-07,1661000,소방청
고성8호,1,제주특별자치도,서귀포시,65200,제주특별자치도 서귀포시 성산읍 산성효자로 111번길 2,제주특별자치도 서귀포시 성산읍 고성리 2169-1,33.4470977141,126.9020853,큰 마을나무 앞,성산119안전센터,Y,1997,2.0,제주동부소방서,064-780-9182,2024-02-07,1661000,소방청
고성7호,1,제주특별자치도,서귀포시,65200,제주특별자치도 서귀포시 성산읍 고성오조로 64,제주특별자치도 서귀포시 성산읍 고성리 313-6,33.4494999632,126.9150828228,고성리 제일약국 앞,성산119안전센터,Y,1995,2.1,제주동부소방서,064-780-9182,2024-02-07,1661000,소방청
고성6호,1,제주특별자치도,서귀포시,65200,제주특별자치도 서귀포시 성산읍 고성오조로 38,제주특별자치도 서귀포시 성산읍 고성리 338-3,33.4468666095,126.9151901434,고성리 동남주유소 앞 회전교차로 인근,성산119안전센터,Y,1994,2.0,제주동부소방서,064-780-9182,2024-02-07,1661000,소방청
고성5호,1,제주특별자치도,서귀포시,65200,,제주특별자치도 서귀포시 성산읍 고성리 1106-25,33.4469569542,126.911558561,고성리 KT 옆,성산119안전센터,Y,1994,2.1,제주동부소방서,064-780-9182,2024-02-07,1661000,소방청
고성4호,1,제주특별자치도,서귀포시,65200,,제주특별자치도 서귀포시 성산읍 고성리 2184-1,33.446042297,126.903406017,진우파크빌에서 수산방향 100m,성산119안전센터,Y,1993,2.3,제주동부소방서,064-780-9182,2024-02-07,1661000,소방청
고성3호,1,제주특별자치도,서귀포시,65200,제주특별자치도 서귀포시 성산읍 동류암로 36,제주특별자치도 서귀포시 성산읍 고성리 298-33,33.4491361841,126.9164284,고성리 제주룩스호텔 입구,성산119안전센터,Y,1993,2.2,제주동부소방서,064-780-9182,2024-02-07,1661000,소방청
고성2호,1,제주특별자치도,서귀포시,65200,제주특별자치도 서귀포시 성산읍 고성중앙로 89,제주특별자치도 서귀포시 성산읍 고성리 1135-8,33.4500597812,126.911610195,고성리 홍마트 옆,성산119안전센터,Y,1990,2.1,제주동부소방서,064-780-9182,2024-02-07,1661000,소방청
고성1호,1,제주특별자치도,서귀포시,65200,제주특별자치도 서귀포시 성산읍 산성효자로 66,제주특별자치도 서귀포시 성산읍 고성리 1553-1,33.4488939216,126.9063477192,,성산119안전센터,Y,1980,2.1,제주동부소방서,064-780-9182,2024-02-07,1661000,소방청
신풍3호,1,제주특별자치도,서귀포시,65200,제주특별자치도 서귀포시 성산읍일주동로 5335,제주특별자치도 서귀포시 성산읍 신풍리 73-1,33.362886382,126.8655409892,성산랜드 공인중개사 앞,성산119안전센터,Y,2005,2.1,제주동부소방서,064-780-9182,2024-02-07,1661000,소방청
신풍2호,1,제주특별자치도,서귀포시,65200,제주특별자치도 서귀포시 성산읍 삼달신풍로 2,제주특별자치도 서귀포시 성산읍 신풍리 654-1,33.3646934055,126.8357070059,남산선과장 남측 삼거리,성산119안전센터,Y,1999,2.2,제주동부소방서,064-780-9182,2024-02-07,1661000,소방청
신풍1호,1,제주특별자치도,서귀포시,65200,제주특별자치도 서귀포시 성산읍 풍천로 227,제주특별자치도 서귀포시 성산읍 신풍리 724,33.3612009813,126.835443774,신풍리사무소 앞 놀이터,성산119안전센터,Y,2002,2.1,제주동부소방서,064-780-9182,2024-02-07,1661000,소방청
난산6호,1,제주특별자치도,서귀포시,65200,제주특별자치도 서귀포시 성산읍 서성일로 241,제주특별자치도 서귀포시 성산읍 난산리 2968-16,33.40631721,126.8182082493,모구리식당 맞은편 버스정류장 인근,성산119안전센터,Y,2020,2.5,제주동부소방서,064-780-9182,2024-02-07,1661000,소방청
난산5호,1,제주특별자치도,서귀포시,65200,제주특별자치도 서귀포시 성산읍 난산리 2636-2 도로상,제주특별자치도 서귀포시 성산읍 난산리 2636-2,33.4204329854,126.8438378649,형제국수 맞은편,성산119안전센터,Y,2017,3.5,제주동부소방서,064-780-9182,2024-02-07,1661000,소방청
난산4호,1,제주특별자치도,서귀포시,65200,,제주특별자치도 서귀포시 성산읍 난산리 1492,33.4027617189,126.8648066613,난산사거리,성산119안전센터,Y,2014,3.5,제주동부소방서,064-780-9182,2024-02-07,1661000,소방청
난산3호,1,제주특별자치도,서귀포시,65200,,제주특별자치도 서귀포시 성산읍 난산리 2803-3,33.4125498567,126.8334855156,명예승마장 맞은편 삼거리,성산119안전센터,Y,2013,5.0,제주동부소방서,064-780-9182,2024-02-07,1661000,소방청
난산2호,1,제주특별자치도,서귀포시,65200,제주특별자치도 서귀포시 성산읍 난산로 39,제주특별자치도 서귀포시 성산읍 난산리 1075-1,33.4011787385,126.8707916192,난산리사무소 옆,성산119안전센터,Y,1995,2.1,제주동부소방서,064-780-9182,2024-02-07,1661000,소방청
난산1호,1,제주특별자치도,서귀포시,65200,제주특별자치도 서귀포시 성산읍 난산로 6-1,제주특별자치도 서귀포시 성산읍 난산리 335-4,33.40118511,126.8741846334,난산리 노인복지회관 옆,성산119안전센터,Y,1989,2.2,제주동부소방서,064-780-9182,2024-02-07,1661000,소방청
온평7호,1,제주특별자치도,서귀포시,65200,제주특별자치도 서귀포시 성산읍 난산온평로 121번길 19,제주특별자치도 서귀포시 성산읍 온평리 2461-2,33.4029597449,126.8871983432,야자수회관 입구,성산119안전센터,Y,2018,3.5,제주동부소방서,064-780-9182,2024-02-07,1661000,소방청
온평6호,1,제주특별자치도,서귀포시,65200,제주특별자치도 서귀포시 성산읍 난고로 187,제주특별자치도 서귀포시 성산읍 온평리 1850-5,33.4237746851,126.8962358833,포시즌펜션 맞은편,성산119안전센터,Y,2018,3.5,제주동부소방서,064-780-9182,2024-02-07,1661000,소방청
온평5호,1,제주특별자치도,서귀포시,65200,제주특별자치도 서귀포시 성산읍 난산온평로 37,제주특별자치도 서귀포시 성산읍 온평리 1543-3,33.4067290584,126.8932226815,삼성어린이집 앞 도로상,성산119안전센터,Y,2017,3.5,제주동부소방서,064-780-9182,2024-02-07,1661000,소방청
온평4호,1,제주특별자치도,서귀포시,65200,제주특별자치도 서귀포시 성산읍 온평관전로 5-6,제주특별자치도 서귀포시 성산읍 온평리 595-3,33.4120752348,126.8996411336,상동교차로 인근,성산119안전센터,Y,2009,3.5,제주동부소방서,064-780-9182,2024-02-07,1661000,소방청
온평3호,1,제주특별자치도,서귀포시,65200,제주특별자치도 서귀포시 성산읍 온평상하로 91,제주특별자치도 서귀포시 성산읍 온평리 980-1,33.40390811,126.9023622677,온평리 해안도로 북측50m,성산119안전센터,Y,2006,5.0,제주동부소방서,064-780-9182,2024-02-07,1661000,소방청
온평2호,1,제주특별자치도,서귀포시,65200,제주특별자치도 서귀포시 성산읍 온평동로 39-34,제주특별자치도 서귀포시 성산읍 온평리 873-1,33.4073381022,126.8994371,온평리 애향탑 인근,성산119안전센터,Y,1995,2.1,제주동부소방서,064-780-9182,2024-02-07,1661000,소방청
온평1호,1,제주특별자치도,서귀포시,65200,,제주특별자치도 서귀포시 성산읍 온평리 1639-2,33.4096938897,126.8982761,온평초등학교 북동측 200m 지점,성산119안전센터,Y,2010,2.2,제주동부소방서,064-780-9182,2024-02-07,1661000,소방청
신양4호,1,제주특별자치도,서귀포시,65200,제주특별자치도 서귀포시 성산읍 신양로 5,제주특별자치도 서귀포시 성산읍 고성리 895-1,33.4351527784,126.9104584341,섭지향식당 앞,성산119안전센터,Y,2015,3.0,제주동부소방서,064-780-9182,2024-02-07,1661000,소방청
신양3호,1,제주특별자치도,서귀포시,65200,제주특별자치도 서귀포시 성산읍 섭지코지로 88,제주특별자치도 서귀포시 성산읍 고성리 186-2,33.4351402005,126.9234519553,아쿠아플라넷 입구 공중화장실 앞,성산119안전센터,Y,2011,3.0,제주동부소방서,064-780-9182,2024-02-07,1661000,소방청
신양2호,1,제주특별자치도,서귀포시,65200,제주특별자치도 서귀포시 성산읍 섭지코지로26번길28,제주특별자치도 서귀포시 성산읍 고성리 510-3,33.4367966018,126.9192610204,"신양리구,리사무소 앞 사거리",성산119안전센터,Y,1994,2.1,제주동부소방서,064-780-9182,2024-02-07,1661000,소방청
신양1호,1,제주특별자치도,서귀포시,65200,제주특별자치도 서귀포시 성산읍 신양로 80,제주특별자치도 서귀포시 성산읍 고성리 555-3,33.4360660589,126.9182126689,섭지아라빌 앞,성산119안전센터,Y,2010,2.0,제주동부소방서,064-780-9182,2024-02-07,1661000,소방청
오조6호,1,제주특별자치도,서귀포시,65200,제주특별자치도 서귀포시 성산읍 일주동로 4120번길 7,제주특별자치도 서귀포시 성산읍 오조리 933,33.46023811,126.9096489742,성산119센터 차고지 앞,성산119안전센터,Y,2008,2.5,제주동부소방서,064-780-9182,2024-02-07,1661000,소방청
오조5호,1,제주특별자치도,서귀포시,65200,제주특별자치도 서귀포시 성산읍 한도로 141-4,제주특별자치도 서귀포시 성산읍 오조리 2-4,33.4691845027,126.9233212383,성산읍 열린문화쉼터 주차장 내,성산119안전센터,Y,2012,4.5,제주동부소방서,064-780-9182,2024-02-07,1661000,소방청
오조4호,1,제주특별자치도,서귀포시,65200,제주특별자치도 서귀포시 성산읍 일주동로 4120번길 7,제주특별자치도 서귀포시 성산읍 오조리 933,33.4602889421,126.9096489742,오조리 동부소방서 내 구조대 측,성산119안전센터,N,2008,3.8,제주동부소방서,064-780-9182,2024-02-07,1661000,소방청
오조3호,1,제주특별자치도,서귀포시,65200,,제주특별자치도 서귀포시 성산읍 오조리 447-2,33.468163885,126.9064825344,성산생활체육관 입구 도로상,성산119안전센터,Y,2007,4.0,제주동부소방서,064-780-9182,2024-02-07,1661000,소방청
오조2호,1,제주특별자치도,서귀포시,65200,,제주특별자치도 서귀포시 성산읍 오조리 362-1,33.4689304954,126.9173535725,오조리 성산고등학교 버스정류장 옆,성산119안전센터,Y,1996,4.0,제주동부소방서,064-780-9182,2024-02-07,1661000,소방청
오조1호,1,제주특별자치도,서귀포시,65200,제주특별자치도 서귀포시 성산읍 오조로 85,제주특별자치도 서귀포시 성산읍 오조리 155-3,33.4614858174,126.9149771,오조리사무소 옆 큰나무,성산119안전센터,Y,2013,5.0,제주동부소방서,064-780-9182,2024-02-07,1661000,소방청
수산12호,1,제주특별자치도,서귀포시,65200,,제주특별자치도 서귀포시 성산읍 수산리 3043-2,33.4483915887,126.8513611205,별하타운 맞은편,성산119안전센터,N,2020,3.5,제주동부소방서,064-780-9182,2024-02-07,1661000,소방청
수산11호,1,제주특별자치도,서귀포시,65200,제주특별자치도 서귀포시 성산읍 서성일로 615,제주특별자치도 서귀포시 성산읍 수산리 3251,33.4279726047,126.8510165683,그린나래펜션 맞은편 입구,성산119안전센터,Y,2013,6.5,제주동부소방서,064-780-9182,2024-02-07,1661000,소방청
수산10호,1,제주특별자치도,서귀포시,65200,제주특별자치도 서귀포시 성산읍 금백조로 96,제주특별자치도 서귀포시 성산읍 수산리 2462-1,33.4392908584,126.8628501145,금백조로가든 협동감귤작목반 맞은편도로,성산119안전센터,Y,2009,3.5,제주동부소방서,064-780-9182,2024-02-07,1661000,소방청
수산9호,1,제주특별자치도,서귀포시,65200,제주특별자치도 서귀포시 성산읍 수산서남로 86,제주특별자치도 서귀포시 성산읍 수산리 1553-1,33.4479097268,126.8765826683,도로변,성산119안전센터,N,2009,4.5,제주동부소방서,064-780-9182,2024-02-07,1661000,소방청
수산8호,1,제주특별자치도,서귀포시,65200,제주특별자치도 서귀포시 성산읍 수송로 23,제주특별자치도 서귀포시 성산읍 수산리 2443-1,33.44109111,126.8614855221,버스정류장 앞,성산119안전센터,Y,2009,5.0,제주동부소방서,064-780-9182,2024-02-07,1661000,소방청
수산7호,1,제주특별자치도,서귀포시,65200,제주특별자치도 서귀포시 성산읍 금백조로 72,제주특별자치도 서귀포시 성산읍 수산리 2411-4,33.4397784084,126.8651966663,매일농수산 옆,성산119안전센터,Y,2005,4.0,제주동부소방서,064-780-9182,2024-02-07,1661000,소방청
수산6호,1,제주특별자치도,서귀포시,65200,제주특별자치도 서귀포시 성산읍 수산서남로 79번길150,제주특별자치도 서귀포시 성산읍 수산리 2380-2,33.4421310135,126.8638201098,수산2리사무소 앞,성산119안전센터,Y,2010,3.0,제주동부소방서,064-780-9182,2024-02-07,1661000,소방청
수산5호,1,제주특별자치도,서귀포시,65200,,제주특별자치도 서귀포시 성산읍 수산리 56-3,33.4447077592,126.8960811,정성자동차공업사 맞은편 인도,성산119안전센터,N,2019,4.5,제주동부소방서,064-780-9182,2024-02-07,1661000,소방청
수산4호,1,제주특별자치도,서귀포시,65200,,제주특별자치도 서귀포시 성산읍 수산리 796-6,33.441653409,126.8834187342,수산1리 수산사거리,성산119안전센터,N,2004,4.5,제주동부소방서,064-780-9182,2024-02-07,1661000,소방청
수산3호,1,제주특별자치도,서귀포시,65200,제주특별자치도 서귀포시 성산읍 수시로 9,제주특별자치도 서귀포시 성산읍 수산리 580,33.4471349429,126.8848955289,수산초등학교 정문앞,성산119안전센터,Y,1994,4.5,제주동부소방서,064-780-9182,2024-02-07,1661000,소방청
수산2호,1,제주특별자치도,서귀포시,65200,제주특별자치도 서귀포시 성산읍 수산서남로 17,제주특별자치도 서귀포시 성산읍 수산리 703-1,33.4458803117,126.8829278463,수산1리 노인회관 앞,성산119안전센터,Y,1993,5.0,제주동부소방서,064-780-9182,2024-02-07,1661000,소방청
수산1호,1,제주특별자치도,서귀포시,65200,제주특별자치도 서귀포시 성산읍 서성일로 1023,제주특별자치도 서귀포시 성산읍 수산리 248-4,33.4435240702,126.8879381679,가본가든 앞,성산119안전센터,Y,1990,5.0,제주동부소방서,064-780-9182,2024-02-07,1661000,소방청
성산9호,1,제주특별자치도,서귀포시,65200,제주특별자치도 서귀포시 성산읍 성산등용로 112-7,제주특별자치도 서귀포시 성산읍 성산리 347-9,33.47196411,126.9331047941,성산포항 공영주차장 앞,성산119안전센터,Y,2018,3.0,제주동부소방서,064-780-9182,2024-02-07,1661000,소방청
성산8호,1,제주특별자치도,서귀포시,65200,제주특별자치도 서귀포시 성산읍 성산등용로91,제주특별자치도 서귀포시 성산읍 성산리 347-5,33.46978311,126.9294142226,성산리 성산항입구 갈매기슈퍼앞,성산119안전센터,Y,2004,3.0,제주동부소방서,064-780-9182,2024-02-07,1661000,소방청
성산7호,1,제주특별자치도,서귀포시,65200,제주특별자치도 서귀포시 성산읍 성산중앙로53,제주특별자치도 서귀포시 성산읍 성산리 227-2,33.4643912812,126.9343168897,성산경찰파출소 옆,성산119안전센터,Y,2003,4.0,제주동부소방서,064-780-9182,2024-02-07,1661000,소방청
성산6호,1,제주특별자치도,서귀포시,65200,제주특별자치도 서귀포시 성산읍 한도로 237,제주특별자치도 서귀포시 성산읍 성산리 263-1,33.466905414,126.9329611549,KBS송신소 맞은편,성산119안전센터,Y,2002,2.5,제주동부소방서,064-780-9182,2024-02-07,1661000,소방청
성산5호,1,제주특별자치도,서귀포시,65200,제주특별자치도 서귀포시 성산읍 성산등용로107-4,제주특별자치도 서귀포시 성산읍 성산리 347-5,33.4717848633,126.9300841088,성산리 성산항 해경파출소 동측50m,성산119안전센터,Y,2001,3.0,제주동부소방서,064-780-9182,2024-02-07,1661000,소방청
성산4호,1,제주특별자치도,서귀포시,65200,제주특별자치도 서귀포시 성산읍 일출로288,제주특별자치도 서귀포시 성산읍 성산리 108-2,33.4631130044,126.9352213416,성산일출봉 입구 한성식당 앞,성산119안전센터,Y,2018,3.0,제주동부소방서,064-780-9182,2024-02-07,1661000,소방청
성산3호,1,제주특별자치도,서귀포시,65200,제주특별자치도 서귀포시 성산읍 한도로201,제주특별자치도 서귀포시 성산읍 성산리 364,33.4687620349,126.9294376265,일탈흑돼지식당 앞,성산119안전센터,N,1999,3.5,제주동부소방서,064-780-9182,2024-02-07,1661000,소방청
성산2호,1,제주특별자치도,서귀포시,65200,제주특별자치도 서귀포시 성산읍 성산중앙로31,제주특별자치도 서귀포시 성산읍 성산중앙로 31,33.4629826721,126.9325912269,성산리 성산킹마트 앞,성산119안전센터,Y,1990,3.0,제주동부소방서,064-780-9182,2024-02-07,1661000,소방청
성산1호,1,제주특별자치도,서귀포시,65200,제주특별자치도 서귀포시 성산읍 일출로236,제주특별자치도 서귀포시 성산읍 성산리 399-12,33.4601108618,126.9312723095,성산리 성산포 뚝배기식당 옆,성산119안전센터,N,1984,4.5,제주동부소방서,064-780-9182,2024-02-07,1661000,소방청
영교1-1,1,제주특별자치도,서귀포시,50130,제주특별자치도 서귀포시 대정읍 에듀시티로238,제주특별자치도 서귀포시 대정읍 보성리산1-16,33.2789362501,126.2732747617,영교센터 앞,영어교육도시119안전센터,Y,2017,4.5,서부소방서,064-795-0183,2024-02-07,1661000,소방청
영교85,1,제주특별자치도,서귀포시,50130,제주특별자치도 서귀포시 대정읍 신평리 1507,제주특별자치도 서귀포시 대정읍 신평리 1507,33.2776532849,126.2665921826,영교센터 서측450M,영어교육도시119안전센터,Y,2012,5.6,서부소방서,064-795-0183,2024-02-07,1661000,소방청
영교84,1,제주특별자치도,서귀포시,50130,제주특별자치도 서귀포시 대정읍 신평리 1507,제주특별자치도 서귀포시 대정읍 신평리 1507,33.27768281,126.2665531,영교센터 서측400M,영어교육도시119안전센터,Y,2012,5.6,서부소방서,064-795-0183,2024-02-07,1661000,소방청
영교83,1,제주특별자치도,서귀포시,50130,제주특별자치도 서귀포시 대정읍 일주서로 22,제주특별자치도 서귀포시 대정읍 보성리 2548,33.2458941248,126.2742290532,영교센터 서측300M,영어교육도시119안전센터,Y,2012,5.6,서부소방서,064-795-0183,2024-02-07,1661000,소방청
영교82,1,제주특별자치도,서귀포시,50130,제주특별자치도 서귀포시 대정읍 일주서로 22,제주특별자치도 서귀포시 대정읍 보성리 2548,33.2458941248,126.2742290532,영교센터 서측250M,영어교육도시119안전센터,Y,2012,5.6,서부소방서,064-795-0183,2024-02-07,1661000,소방청
영교81,1,제주특별자치도,서귀포시,50130,제주특별자치도 서귀포시 대정읍 일주서로 22,제주특별자치도 서귀포시 대정읍 보성리 2548,33.2458941248,126.2742290532,영교센터 서측200M,영어교육도시119안전센터,Y,2012,5.6,서부소방서,064-795-0183,2024-02-07,1661000,소방청
영교80,1,제주특별자치도,서귀포시,50130,제주특별자치도 서귀포시 대정읍 보성리 2527,제주특별자치도 서귀포시 대정읍 보성리 2527,33.279931103,126.2704300127,영교센터 서측100M,영어교육도시119안전센터,Y,2012,5.6,서부소방서,064-795-0183,2024-02-07,1661000,소방청
영교79,1,제주특별자치도,서귀포시,50130,제주특별자치도 서귀포시 대정읍 에듀시티로 228번길 22,제주특별자치도 서귀포시 대정읍 보성리 2519,33.2802756775,126.2711495493,영교센터 서측200M,영어교육도시119안전센터,Y,2012,5.6,서부소방서,064-795-0183,2024-02-07,1661000,소방청
영교78,1,제주특별자치도,서귀포시,50130,제주특별자치도 서귀포시 대정읍 보성리 2527,제주특별자치도 서귀포시 대정읍 보성리 2527,33.279931103,126.2704300127,영교센터 북측50M,영어교육도시119안전센터,Y,2012,5.6,서부소방서,064-795-0183,2024-02-07,1661000,소방청
영교77,1,제주특별자치도,서귀포시,50130,제주특별자치도 서귀포시 대정읍 보성리 2508,제주특별자치도 서귀포시 대정읍 보성리 2508,33.2831304563,126.2706662725,어린이놀이터 북측 250M,영어교육도시119안전센터,Y,2012,5.6,서부소방서,064-795-0183,2024-02-07,1661000,소방청
영교76,1,제주특별자치도,서귀포시,50130,제주특별자치도 서귀포시 대정읍 보성리 2508,제주특별자치도 서귀포시 대정읍 보성리 2508,33.2831304563,126.2706662725,어린이놀이터 북측 200M,영어교육도시119안전센터,Y,2012,5.6,서부소방서,064-795-0183,2024-02-07,1661000,소방청
영교75,1,제주특별자치도,서귀포시,50130,제주특별자치도 서귀포시 대정읍 보성리 2508,제주특별자치도 서귀포시 대정읍 보성리 2508,33.2831304563,126.2706662725,어린이놀이터 북측 100M,영어교육도시119안전센터,Y,2012,5.6,서부소방서,064-795-0183,2024-02-07,1661000,소방청
영교74,1,제주특별자치도,서귀포시,50130,제주특별자치도 서귀포시 대정읍 보성리 2478,제주특별자치도 서귀포시 대정읍 보성리 2478,33.2819595669,126.2772844842,남영에듀클레스와 119센터 중간,영어교육도시119안전센터,Y,2012,4.2,서부소방서,064-795-0183,2024-02-07,1661000,소방청
영교73,1,제주특별자치도,서귀포시,50130,제주특별자치도 서귀포시 대정읍 보성리 2478,제주특별자치도 서귀포시 대정읍 보성리 2478,33.2819595669,126.2772844842,남영에듀클레스 서측 입구,영어교육도시119안전센터,Y,2012,4.2,서부소방서,064-795-0183,2024-02-07,1661000,소방청
영교72,1,제주특별자치도,서귀포시,50130,제주특별자치도 서귀포시 대정읍 보성리 2478,제주특별자치도 서귀포시 대정읍 보성리 2478,33.2819595669,126.2772844842,이노에듀타운 서측 입구,영어교육도시119안전센터,Y,2012,4.2,서부소방서,064-795-0183,2024-02-07,1661000,소방청
영교71,1,제주특별자치도,서귀포시,50130,제주특별자치도 서귀포시 대정읍 구억리 1173,제주특별자치도 서귀포시 대정읍 구억리 1173,33.2831042983,126.2796528746,국제교회 앞 삼거리,영어교육도시119안전센터,Y,2012,4.2,서부소방서,064-795-0183,2024-02-07,1661000,소방청
영교70,1,제주특별자치도,서귀포시,50130,제주특별자치도 서귀포시 대정읍 보성리 2447,제주특별자치도 서귀포시 대정읍 보성리 2447,33.2820289249,126.2753676635,곶자왈도립공원 앞 취락지역 내,영어교육도시119안전센터,Y,2012,4.0,서부소방서,064-795-0183,2024-02-07,1661000,소방청
영교69,1,제주특별자치도,서귀포시,50130,제주특별자치도 서귀포시 대정읍 보성리 2454,제주특별자치도 서귀포시 대정읍 보성리 2454,33.2817615582,126.2745245678,,영어교육도시119안전센터,Y,2012,4.0,서부소방서,064-795-0183,2024-02-07,1661000,소방청
영교68,1,제주특별자치도,서귀포시,50130,제주특별자치도 서귀포시 대정읍 보성리 2478,제주특별자치도 서귀포시 대정읍 보성리 2478,33.2819595669,126.2772844842,곶자왈도리공원 앞 취락지역 동측,영어교육도시119안전센터,Y,2012,4.6,서부소방서,064-795-0183,2024-02-07,1661000,소방청
영교67,1,제주특별자치도,서귀포시,50130,제주특별자치도 서귀포시 대정읍 보성리 2487,제주특별자치도 서귀포시 대정읍 보성리 2487,33.2823680454,126.2715181612,국제교회 교차로 서측 100M,영어교육도시119안전센터,Y,2012,4.6,서부소방서,064-795-0183,2024-02-07,1661000,소방청
영교66,1,제주특별자치도,서귀포시,50130,제주특별자치도 서귀포시 대정읍 보성리 2478,제주특별자치도 서귀포시 대정읍 보성리 2478,33.2819595669,126.2772844842,국제교회 앞,영어교육도시119안전센터,Y,2012,4.6,서부소방서,064-795-0183,2024-02-07,1661000,소방청
영교65,1,제주특별자치도,서귀포시,50130,제주특별자치도 서귀포시 대정읍 구억리 1173,제주특별자치도 서귀포시 대정읍 구억리 1173,33.2831042983,126.2796528746,영어교육센터 남측 근린공원,영어교육도시119안전센터,Y,2012,4.0,서부소방서,064-795-0183,2024-02-07,1661000,소방청
영교64,1,제주특별자치도,서귀포시,50130,제주특별자치도 서귀포시 대정읍 구억리 1164,제주특별자치도 서귀포시 대정읍 구억리 1164,33.2848550428,126.2827364346,영어교육센터 동측 테마거리,영어교육도시119안전센터,Y,2012,4.5,서부소방서,064-795-0183,2024-02-07,1661000,소방청
영교63,1,제주특별자치도,서귀포시,50130,제주특별자치도 서귀포시 대정읍 구억리 1161,제주특별자치도 서귀포시 대정읍 구억리 1161,33.2850004906,126.2830838088,테마거리,영어교육도시119안전센터,Y,2012,4.5,서부소방서,064-795-0183,2024-02-07,1661000,소방청
영교62,1,제주특별자치도,서귀포시,50130,제주특별자치도 서귀포시 대정읍 구억리 1151,제주특별자치도 서귀포시 대정읍 구억리 1151,33.2855235369,126.283094106,테마거리와 KIS운동장 사리,영어교육도시119안전센터,Y,2012,4.5,서부소방서,064-795-0183,2024-02-07,1661000,소방청
영교61,1,제주특별자치도,서귀포시,50130,제주특별자치도 서귀포시 대정읍 구억리 1141,제주특별자치도 서귀포시 대정읍 구억리 1141,33.2870503607,126.2842971132,테마거리와 KIS고교 사이,영어교육도시119안전센터,Y,2012,4.5,서부소방서,064-795-0183,2024-02-07,1661000,소방청
영교60,1,제주특별자치도,서귀포시,50130,제주특별자치도 서귀포시 대정읍 구억리 1131,제주특별자치도 서귀포시 대정읍 구억리 1131,33.2877199563,126.2849951861,KIS초중교 정문 앞,영어교육도시119안전센터,Y,2012,6.5,서부소방서,064-795-0183,2024-02-07,1661000,소방청
영교59,1,제주특별자치도,서귀포시,50130,제주특별자치도 서귀포시 대정읍 구억리 1131,제주특별자치도 서귀포시 대정읍 구억리 1131,33.2877199563,126.2849951861,KIS고교 정문 앞,영어교육도시119안전센터,Y,2012,7.0,서부소방서,064-795-0183,2024-02-07,1661000,소방청
영교58,1,제주특별자치도,서귀포시,50130,제주특별자치도 서귀포시 대정읍 에듀시티로 50번길 39,제주특별자치도 서귀포시 대정읍 보성리2396,33.2929844191,126.2816436928,,영어교육도시119안전센터,Y,2012,7.0,서부소방서,064-795-0183,2024-02-07,1661000,소방청
영교57,1,제주특별자치도,서귀포시,50130,제주특별자치도 서귀포시 대정읍 보성리 2391,제주특별자치도 서귀포시 대정읍 보성리 2391,33.2918336259,126.2817310593,,영어교육도시119안전센터,Y,2012,6.0,서부소방서,064-795-0183,2024-02-07,1661000,소방청
영교56,1,제주특별자치도,서귀포시,50130,제주특별자치도 서귀포시 대정읍 에듀시티로 50번길 62,제주특별자치도 서귀포시 대정읍 보성리2400,33.2917405928,126.2818516373,,영어교육도시119안전센터,Y,2012,6.3,서부소방서,064-795-0183,2024-02-07,1661000,소방청
영교55,1,제주특별자치도,서귀포시,50130,제주특별자치도 서귀포시 대정읍 에듀시티로 50번길 7,제주특별자치도 서귀포시 대정읍 보성리2402-9,33.2907991338,126.283116377,,영어교육도시119안전센터,Y,2012,6.5,서부소방서,064-795-0183,2024-02-07,1661000,소방청
영교54,1,제주특별자치도,서귀포시,50130,제주특별자치도 서귀포시 대정읍 구억리 1185,제주특별자치도 서귀포시 대정읍 구억리 1185,33.2883002661,126.2879327266,해동그린앤골드 입구 삼거리,영어교육도시119안전센터,Y,2012,5.0,서부소방서,064-795-0183,2024-02-07,1661000,소방청
영교53,1,제주특별자치도,서귀포시,50130,제주특별자치도 서귀포시 대정읍 구억리 1185,제주특별자치도 서귀포시 대정읍 구억리 1185,33.2883002661,126.2879327266,,영어교육도시119안전센터,Y,2012,6.0,서부소방서,064-795-0183,2024-02-07,1661000,소방청
영교52,1,제주특별자치도,서귀포시,50130,제주특별자치도 서귀포시 대정읍 구억리 1185,제주특별자치도 서귀포시 대정읍 구억리 1185,33.2883002661,126.2879327266,해동그린앤골드 앞,영어교육도시119안전센터,Y,2012,6.0,서부소방서,064-795-0183,2024-02-07,1661000,소방청
영교51,1,제주특별자치도,서귀포시,50130,제주특별자치도 서귀포시 대정읍 보성리 2479,제주특별자치도 서귀포시 대정읍 보성리 2479,33.2850259901,126.2785904627,BHA 3번게이트 맞은편,영어교육도시119안전센터,Y,2012,6.5,서부소방서,064-795-0183,2024-02-07,1661000,소방청
영교50,1,제주특별자치도,서귀포시,50130,제주특별자치도 서귀포시 대정읍 구억리 1185,제주특별자치도 서귀포시 대정읍 구억리 1185,33.2883002661,126.2879327266,BHA 3번게이트 앞,영어교육도시119안전센터,Y,2012,6.2,서부소방서,064-795-0183,2024-02-07,1661000,소방청
영교49,1,제주특별자치도,서귀포시,50130,제주특별자치도 서귀포시 대정읍 구억리 1185,제주특별자치도 서귀포시 대정읍 구억리 1185,33.2883002661,126.2879327266,,영어교육도시119안전센터,Y,2012,6.4,서부소방서,064-795-0183,2024-02-07,1661000,소방청
영교48,1,제주특별자치도,서귀포시,50130,제주특별자치도 서귀포시 대정읍 구억리 1185,제주특별자치도 서귀포시 대정읍 구억리 1185,33.2883002661,126.2879327266,KIS초중교운동장서측,영어교육도시119안전센터,Y,2012,7.2,서부소방서,064-795-0183,2024-02-07,1661000,소방청
영교47,1,제주특별자치도,서귀포시,50130,제주특별자치도 서귀포시 대정읍 보성리 2479,제주특별자치도 서귀포시 대정읍 보성리 2479,33.2850259901,126.2785904627,,영어교육도시119안전센터,Y,2012,7.0,서부소방서,064-795-0183,2024-02-07,1661000,소방청
영교46,1,제주특별자치도,서귀포시,50130,제주특별자치도 서귀포시 대정읍 구억리 1231,제주특별자치도 서귀포시 대정읍 구억리 1231,33.28845711,126.2830611,KIS초중교 입구 삼거리,영어교육도시119안전센터,Y,2012,7.0,서부소방서,064-795-0183,2024-02-07,1661000,소방청
영교45,1,제주특별자치도,서귀포시,50130,제주특별자치도 서귀포시 대정읍 보성리 2479,제주특별자치도 서귀포시 대정읍 보성리 2479,33.2850259901,126.2785904627,한신더휴 앞,영어교육도시119안전센터,Y,2012,8.0,서부소방서,064-795-0183,2024-02-07,1661000,소방청
영교44,1,제주특별자치도,서귀포시,50130,제주특별자치도 서귀포시 대정읍 구억리 1161,제주특별자치도 서귀포시 대정읍 구억리 1161,33.2850004906,126.2830838088,한신더휴 사거리,영어교육도시119안전센터,Y,2012,8.0,서부소방서,064-795-0183,2024-02-07,1661000,소방청
영교43,1,제주특별자치도,서귀포시,50130,제주특별자치도 서귀포시 대정읍 보성리 2479,제주특별자치도 서귀포시 대정읍 보성리 2479,33.2850259901,126.2785904627,영어교육센터 북측 대형안테나 앞,영어교육도시119안전센터,Y,2012,8.2,서부소방서,064-795-0183,2024-02-07,1661000,소방청
영교42,1,제주특별자치도,서귀포시,50130,제주특별자치도 서귀포시 대정읍 구억리 1173,제주특별자치도 서귀포시 대정읍 구억리 1173,33.2831042983,126.2796528746,영어교육센터 앞,영어교육도시119안전센터,Y,2012,8.1,서부소방서,064-795-0183,2024-02-07,1661000,소방청
영교41,1,제주특별자치도,서귀포시,50130,제주특별자치도 서귀포시 대정읍 구억리 2479,제주특별자치도 서귀포시 대정읍 구억리 2479,33.28523011,126.2787721,영어교육센터 삼정G에듀 사이,영어교육도시119안전센터,Y,2012,8.5,서부소방서,064-795-0183,2024-02-07,1661000,소방청
영교40,1,제주특별자치도,서귀포시,50130,제주특별자치도 서귀포시 대정읍 구억리 2479,제주특별자치도 서귀포시 대정읍 구억리 2479,33.28453811,126.2771301,삼정G에듀 입구,영어교육도시119안전센터,Y,2012,9.0,서부소방서,064-795-0183,2024-02-07,1661000,소방청
영교39,1,제주특별자치도,서귀포시,50130,제주특별자치도 서귀포시 대정읍 구억리 2479,제주특별자치도 서귀포시 대정읍 구억리 2479,33.28410511,126.2773371,삼정G에듀 삼거리 맞은편,영어교육도시119안전센터,Y,2012,4.0,서부소방서,064-795-0183,2024-02-07,1661000,소방청
영교38,1,제주특별자치도,서귀포시,50130,제주특별자치도 서귀포시 대정읍 구억리 2479,제주특별자치도 서귀포시 대정읍 구억리 2479,33.28373411,126.2758291,삼정G에듀 앞,영어교육도시119안전센터,Y,2012,4.3,서부소방서,064-795-0183,2024-02-07,1661000,소방청
영교37,1,제주특별자치도,서귀포시,50130,제주특별자치도 서귀포시 대정읍 구억리 2479,제주특별자치도 서귀포시 대정읍 구억리 2479,33.28297511,126.2744101,곶자왈도립공원 입구,영어교육도시119안전센터,Y,2012,4.5,서부소방서,064-795-0183,2024-02-07,1661000,소방청
영교36,1,제주특별자치도,서귀포시,50130,제주특별자치도 서귀포시 대정읍 구억리 2479,제주특별자치도 서귀포시 대정읍 구억리 2479,33.28269611,126.2752791,,영어교육도시119안전센터,Y,2012,4.5,서부소방서,064-795-0183,2024-02-07,1661000,소방청
영교35,1,제주특별자치도,서귀포시,50130,제주특별자치도 서귀포시 대정읍 구억리 2479,제주특별자치도 서귀포시 대정읍 구억리 2479,33.28231011,126.2728381,곶자왈도립공원 남측 100M,영어교육도시119안전센터,Y,2012,4.5,서부소방서,064-795-0183,2024-02-07,1661000,소방청
영교34,1,제주특별자치도,서귀포시,50130,제주특별자치도 서귀포시 대정읍 구억리 2479,제주특별자치도 서귀포시 대정읍 구억리 2479,33.28232511,126.2735591,곶자왈도립공원 동남측 150M,영어교육도시119안전센터,Y,2012,4.5,서부소방서,064-795-0183,2024-02-07,1661000,소방청
영교33,1,제주특별자치도,서귀포시,50130,제주특별자치도 서귀포시 대정읍 구억리 2479,제주특별자치도 서귀포시 대정읍 구억리 2479,33.28162911,126.2721161,어린이놀이터 북측50M,영어교육도시119안전센터,Y,2012,5.8,서부소방서,064-795-0183,2024-02-07,1661000,소방청
영교32,1,제주특별자치도,서귀포시,50130,제주특별자치도 서귀포시 대정읍 구억리 2478,제주특별자치도 서귀포시 대정읍 구억리 2478,33.28005211,126.2730601,119센터 북측 50M,영어교육도시119안전센터,Y,2012,5.2,서부소방서,064-795-0183,2024-02-07,1661000,소방청
영교31,1,제주특별자치도,서귀포시,50130,제주특별자치도 서귀포시 대정읍 구억리 2478,제주특별자치도 서귀포시 대정읍 구억리 2478,33.27922311,126.2741011,119센터 동측 50M,영어교육도시119안전센터,Y,2012,5.2,서부소방서,064-795-0183,2024-02-07,1661000,소방청
영교30,1,제주특별자치도,서귀포시,50130,제주특별자치도 서귀포시 대정읍 구억리 2478,제주특별자치도 서귀포시 대정읍 구억리 2478,33.27834811,126.2749091,허창기 축사 앞,영어교육도시119안전센터,Y,2012,5.0,서부소방서,064-795-0183,2024-02-07,1661000,소방청
영교29,1,제주특별자치도,서귀포시,50130,제주특별자치도 서귀포시 대정읍 구억리 2479,제주특별자치도 서귀포시 대정읍 구억리 2479,33.27902411,126.2759691,남영에듀클레스 서측 50M,영어교육도시119안전센터,Y,2012,5.0,서부소방서,064-795-0183,2024-02-07,1661000,소방청
영교28,1,제주특별자치도,서귀포시,50130,제주특별자치도 서귀포시 대정읍 구억리 2779,제주특별자치도 서귀포시 대정읍 구억리 2779,33.27973211,126.2774901,이노에듀타운 앞,영어교육도시119안전센터,Y,2012,4.3,서부소방서,064-795-0183,2024-02-07,1661000,소방청
영교27,1,제주특별자치도,서귀포시,50130,제주특별자치도 서귀포시 대정읍 구억리 2479,제주특별자치도 서귀포시 대정읍 구억리 2479,33.28047611,126.2788571,이노에듀타운-회전교차로 사이,영어교육도시119안전센터,Y,2012,5.0,서부소방서,064-795-0183,2024-02-07,1661000,소방청
영교26,1,제주특별자치도,서귀포시,50130,제주특별자치도 서귀포시 대정읍 구억리 1185,제주특별자치도 서귀포시 대정읍 구억리 1185,33.2883002661,126.2879327266,구억리방면 회전교차로 앞,영어교육도시119안전센터,Y,2012,5.0,서부소방서,064-795-0183,2024-02-07,1661000,소방청
영교25,1,제주특별자치도,서귀포시,50130,제주특별자치도 서귀포시 대정읍 구억리 1175,제주특별자치도 서귀포시 대정읍 구억리 1175,33.2827604927,126.2802080512,근린공원 동측 입구 삼거리,영어교육도시119안전센터,Y,2012,3.5,서부소방서,064-795-0183,2024-02-07,1661000,소방청
영교24,1,제주특별자치도,서귀포시,50130,제주특별자치도 서귀포시 대정읍 구억리 1185,제주특별자치도 서귀포시 대정읍 구억리 1185,33.2883002661,126.2879327266,SJA기숙사동 앞,영어교육도시119안전센터,Y,2012,7.0,서부소방서,064-795-0183,2024-02-07,1661000,소방청
영교23,1,제주특별자치도,서귀포시,50130,제주특별자치도 서귀포시 대정읍 구억리 1161,제주특별자치도 서귀포시 대정읍 구억리 1161,33.2850004906,126.2830838088,SJA본동 기숙사동사이,영어교육도시119안전센터,Y,2012,7.6,서부소방서,064-795-0183,2024-02-07,1661000,소방청
영교22,1,제주특별자치도,서귀포시,50130,제주특별자치도 서귀포시 대정읍 구억리 1185,제주특별자치도 서귀포시 대정읍 구억리 1185,33.2883002661,126.2879327266,SJA본동 동측,영어교육도시119안전센터,Y,2012,7.5,서부소방서,064-795-0183,2024-02-07,1661000,소방청
영교21,1,제주특별자치도,서귀포시,50130,제주특별자치도 서귀포시 대정읍 구억리 1185,제주특별자치도 서귀포시 대정읍 구억리 1185,33.2883002661,126.2879327266,KIS고교 SJA본동사이,영어교육도시119안전센터,Y,2012,7.6,서부소방서,064-795-0183,2024-02-07,1661000,소방청
영교20,1,제주특별자치도,서귀포시,50130,제주특별자치도 서귀포시 대정읍 구억리 1131,제주특별자치도 서귀포시 대정읍 구억리 1131,33.2877199563,126.2849951861,KIS고교경비실입구동측20m,영어교육도시119안전센터,Y,2012,7.5,서부소방서,064-795-0183,2024-02-07,1661000,소방청
영교19,1,제주특별자치도,서귀포시,50130,제주특별자치도 서귀포시 대정읍 구억리 1185,제주특별자치도 서귀포시 대정읍 구억리 1185,33.2883002661,126.2879327266,KIS고교와 BHA사이,영어교육도시119안전센터,Y,2012,7.0,서부소방서,064-795-0183,2024-02-07,1661000,소방청
영교18,1,제주특별자치도,서귀포시,50130,제주특별자치도 서귀포시 대정읍 구억리 1185,제주특별자치도 서귀포시 대정읍 구억리 1185,33.2883002661,126.2879327266,BHA 2번게이트 입구,영어교육도시119안전센터,Y,2012,7.0,서부소방서,064-795-0183,2024-02-07,1661000,소방청
영교17,1,제주특별자치도,서귀포시,50130,제주특별자치도 서귀포시 대정읍 구억리 1185,제주특별자치도 서귀포시 대정읍 구억리 1185,33.2883002661,126.2879327266,BHA 2번게이트북측150m,영어교육도시119안전센터,Y,2012,6.7,서부소방서,064-795-0183,2024-02-07,1661000,소방청
영교16,1,제주특별자치도,서귀포시,50130,제주특별자치도 서귀포시 대정읍 구억리 1185,제주특별자치도 서귀포시 대정읍 구억리 1185,33.2883002661,126.2879327266,BHA 2번게이트 육교사리,영어교육도시119안전센터,Y,2012,6.7,서부소방서,064-795-0183,2024-02-07,1661000,소방청
영교15,1,제주특별자치도,서귀포시,50130,제주특별자치도 서귀포시 대정읍 구억리 1185,제주특별자치도 서귀포시 대정읍 구억리 1185,33.2883002661,126.2879327266,BHA동측육교아래,영어교육도시119안전센터,Y,2012,7.6,서부소방서,064-795-0183,2024-02-07,1661000,소방청
영교14,1,제주특별자치도,서귀포시,50130,제주특별자치도 서귀포시 대정읍 구억리 1185,제주특별자치도 서귀포시 대정읍 구억리 1185,33.2883002661,126.2879327266,해동그린앤골드 입구 삼거리,영어교육도시119안전센터,Y,2012,5.0,서부소방서,064-795-0183,2024-02-07,1661000,소방청
영교13,1,제주특별자치도,서귀포시,50130,제주특별자치도 서귀포시 대정읍 구억리 1185,제주특별자치도 서귀포시 대정읍 구억리 1185,33.2883002661,126.2879327266,NLCS 입구삼거리 남측50m,영어교육도시119안전센터,Y,2012,4.6,서부소방서,064-795-0183,2024-02-07,1661000,소방청
영교12,1,제주특별자치도,서귀포시,50130,제주특별자치도 서귀포시 대정읍 구억리 1097,제주특별자치도 서귀포시 대정읍 구억리 1097,33.2954282163,126.2925612944,,영어교육도시119안전센터,Y,2012,3.9,서부소방서,064-795-0183,2024-02-07,1661000,소방청
영교11,1,제주특별자치도,서귀포시,50130,제주특별자치도 서귀포시 대정읍 구억리 1080,제주특별자치도 서귀포시 대정읍 구억리 1080,33.2955116664,126.2927494896,,영어교육도시119안전센터,Y,2012,3.8,서부소방서,064-795-0183,2024-02-07,1661000,소방청
영교10,1,제주특별자치도,서귀포시,50130,제주특별자치도 서귀포시 대정읍 구억리 1080,제주특별자치도 서귀포시 대정읍 구억리 1080,33.2955116664,126.2927494896,,영어교육도시119안전센터,Y,2012,3.6,서부소방서,064-795-0183,2024-02-07,1661000,소방청
영교9,1,제주특별자치도,서귀포시,50130,제주특별자치도 서귀포시 대정읍 구억리 1079,제주특별자치도 서귀포시 대정읍 구억리 1079,33.2961232738,126.2875675199,NLCS경비실 맞은편,영어교육도시119안전센터,Y,2012,3.7,서부소방서,064-795-0183,2024-02-07,1661000,소방청
영교8,1,제주특별자치도,서귀포시,50130,제주특별자치도 서귀포시 대정읍 구억리 1063,제주특별자치도 서귀포시 대정읍 구억리 1063,33.2957901501,126.2892236188,캐논스상가 후면 람떼테 앞,영어교육도시119안전센터,Y,2012,4.2,서부소방서,064-795-0183,2024-02-07,1661000,소방청
영교7,1,제주특별자치도,서귀포시,50130,제주특별자치도 서귀포시 대정읍 구억리 1079,제주특별자치도 서귀포시 대정읍 구억리 1079,33.2961232738,126.2875675199,캐논스상가 입구,영어교육도시119안전센터,Y,2012,3.8,서부소방서,064-795-0183,2024-02-07,1661000,소방청
영교6,1,제주특별자치도,서귀포시,50130,제주특별자치도 서귀포시 대정읍 구억리 1079,제주특별자치도 서귀포시 대정읍 구억리 1079,33.2961232738,126.2875675199,NLCS입구 서측문 입구,영어교육도시119안전센터,Y,2012,3.8,서부소방서,064-795-0183,2024-02-07,1661000,소방청
영교5,1,제주특별자치도,서귀포시,50130,제주특별자치도 서귀포시 대정읍 구억리 1079,제주특별자치도 서귀포시 대정읍 구억리 1079,33.29610211,126.2875675199,NLCS입구 삼거리 모델하스 건너편,영어교육도시119안전센터,Y,2012,3.8,서부소방서,064-795-0183,2024-02-07,1661000,소방청
영교4,1,제주특별자치도,서귀포시,50130,제주특별자치도 서귀포시 대정읍 구억리 1110,제주특별자치도 서귀포시 대정읍 구억리 1110,33.2965796213,126.2846339773,NLCS입구 삼거리 모델하스 앞,영어교육도시119안전센터,Y,2012,4.0,서부소방서,064-795-0183,2024-02-07,1661000,소방청
영교3,1,제주특별자치도,서귀포시,50130,제주특별자치도 서귀포시 대정읍 구억리 1107,제주특별자치도 서귀포시 대정읍 구억리 1107,33.2969147193,126.284020725,NLCS입구 삼거리 북측 150m,영어교육도시119안전센터,Y,2012,4.0,서부소방서,064-795-0183,2024-02-07,1661000,소방청
영교2,1,제주특별자치도,서귀포시,50130,제주특별자치도 서귀포시 대정읍 글로벌에듀로104,제주특별자치도 서귀포시 대정읍 구억리 산 1-2,33.3019598214,126.2803364469,영어교육도시 입구 남측 200m,영어교육도시119안전센터,Y,2012,4.2,서부소방서,064-795-0183,2024-02-07,1661000,소방청
영교1,1,제주특별자치도,서귀포시,50130,제주특별자치도 서귀포시 대정읍 글로벌에듀로104,제주특별자치도 서귀포시 대정읍 구억리 산 1-2,33.3019598214,126.2803364469,영어교육도시 입구 남측 100m,영어교육도시119안전센터,Y,2012,4.5,서부소방서,064-795-0183,2024-02-07,1661000,소방청
서광서리1-3,1,제주특별자치도,서귀포시,50130,제주특별자치도 서귀포시 안덕면 서광리 산 51-20,제주특별자치도 서귀포시 안덕면 서광리 산 51-20,33.2966909424,126.2996282213,서광서리 3교차로 입구,영어교육도시119안전센터,Y,2019,4.0,서부소방서,064-795-0183,2024-02-07,1661000,소방청
서광서리1-2,1,제주특별자치도,서귀포시,50130,제주특별자치도 서귀포시 안덕면 중산간서로 2138,제주특별자치도 서귀포시 안덕면 서광리2050-6,33.2829778872,126.2976167669,서광서리 버스정류소 앞,영어교육도시119안전센터,Y,1995,4.4,서부소방서,064-795-0183,2024-02-07,1661000,소방청
서광서리1-1,1,제주특별자치도,서귀포시,50130,제주특별자치도 서귀포시 안덕면 중산간서로 2084,제주특별자치도 서귀포시 안덕면 서광리1903-2,33.2861634844,126.3020201,서광서리 오거리식당 앞,영어교육도시119안전센터,Y,2001,5.2,서부소방서,064-795-0183,2024-02-07,1661000,소방청
청수1-5,1,제주특별자치도,제주시,50110,,제주특별자치도 제주시 한경면 청수리 956-5,33.29051091,126.2499432348,월광동 정류장 50m지점,영어교육도시119안전센터,Y,2014,2.7,서부소방서,064-795-0183,2024-02-07,1661000,소방청
청수1-4,1,제주특별자치도,제주시,50110,제주특별자치도 제주시 한경면 청수동 3길1,제주특별자치도 제주시 한경면 청수리1505-1,33.320129554,126.2462328955,우리집 펜션 앞,영어교육도시119안전센터,Y,2018,3.7,서부소방서,064-795-0183,2024-02-07,1661000,소방청
청수1-3,1,제주특별자치도,제주시,50110,,제주특별자치도 제주시 한경면 청수리197-4,33.3093148994,126.2589812,평화동 버스정류소 앞,영어교육도시119안전센터,Y,2004,2.8,서부소방서,064-795-0183,2024-02-07,1661000,소방청
청수1-2,1,제주특별자치도,제주시,50110,제주특별자치도 제주시 한경면 청수로179,제주특별자치도 제주시 한경면 청수리 747-1,33.3077492137,126.2536083669,평화동 마을회관 옆,영어교육도시119안전센터,Y,1996,2.7,서부소방서,064-795-0183,2024-02-07,1661000,소방청
청수1-1,1,제주특별자치도,제주시,50110,제주특별자치도 제주시 한경면 중산간서로3510,,33.3216525541,126.2456269748,청수사거리,영어교육도시119안전센터,Y,1995,2.7,서부소방서,064-795-0183,2024-02-07,1661000,소방청
신평1-3,1,제주특별자치도,서귀포시,50130,,제주특별자치도 서귀포시 대정읍 신평리 1073-1,33.26962471,126.2507744,홍관농장 입구,영어교육도시119안전센터,Y,2017,3.0,서부소방서,064-795-0183,2024-02-07,1661000,소방청
신평1-2,1,제주특별자치도,서귀포시,50130,제주특별자치도 서귀포시 대정읍 추사로270번길 55,제주특별자치도 서귀포시 대정읍 신평리610-3,33.2679625621,126.2619886311,신평리사무소에서 구억리 방면 1km지점,영어교육도시119안전센터,Y,2003,3.0,서부소방서,064-795-0183,2024-02-07,1661000,소방청
신평1-1,1,제주특별자치도,서귀포시,50130,제주특별자치도 서귀포시 대정읍 중산간서로 2599,제주특별자치도 서귀포시 대정읍 신평리 370-4,33.2658355568,126.2598767674,신평리 보건소 맞은편,영어교육도시119안전센터,Y,1974,4.5,서부소방서,064-795-0183,2024-02-07,1661000,소방청
구억1-3,1,제주특별자치도,서귀포시,50130,제주특별자치도 서귀포시 대정읍 구억리 222-3,제주특별자치도 서귀포시 대정읍 구억리 222-3,33.2806524938,126.288535017,아트팰리스 1차 맞은편,영어교육도시119안전센터,Y,2022,5.0,서부소방서,064-795-0183,2024-02-07,1661000,소방청
구억1-2,1,제주특별자치도,서귀포시,50130,제주특별자치도 서귀포시 대정읍 구억리791,제주특별자치도 서귀포시 대정읍 구억리791,33.2796881199,126.2847475598,,영어교육도시119안전센터,Y,1995,3.0,서부소방서,064-795-0183,2024-02-07,1661000,소방청
구억1-1,1,제주특별자치도,서귀포시,50130,제주특별자치도 서귀포시 대정읍 중산간서로2380,제주특별자치도 서귀포시 대정읍 구억리975-9,33.27283711,126.2791541667,구)구억리 마을회관 입구,영어교육도시119안전센터,Y,2014,2.5,서부소방서,064-795-0183,2024-02-07,1661000,소방청
인성1,1,제주특별자치도,서귀포시,50130,제주특별자치도 서귀포시 대정읍 인성로 19,제주특별자치도 서귀포시 대정읍 인성리155-2,33.24700611,126.2831352458,인성리사무소 동측 50m,영어교육도시119안전센터,Y,2002,2.0,서부소방서,064-795-0183,2024-02-07,1661000,소방청
안성3,1,제주특별자치도,서귀포시,50130,제주특별자치도 서귀포시 대정읍 추사로52,제주특별자치도 서귀포시 대정읍 안성리1667,33.2499114983,126.2773980572,보성식당 동측 30m,영어교육도시119안전센터,Y,2016,3.5,서부소방서,064-795-0183,2024-02-07,1661000,소방청
안성2,1,제주특별자치도,서귀포시,50130,제주특별자치도 서귀포시 대정읍 추사로12-14,제주특별자치도 서귀포시 대정읍 안성리1606-1,33.2499707664,126.2811373849,안성리사무소 서측 20m,영어교육도시119안전센터,Y,1995,3.5,서부소방서,064-795-0183,2024-02-07,1661000,소방청
안성1,1,제주특별자치도,서귀포시,50130,제주특별자치도 서귀포시 대정읍 일주서로 2214,제주특별자치도 서귀포시 대정읍 안성리1589,33.2494532821,126.2813160998,안성리 일주도로 봉평매밀 맞은편,영어교육도시119안전센터,Y,1998,3.5,서부소방서,064-795-0183,2024-02-07,1661000,소방청
보성1,1,제주특별자치도,서귀포시,50130,제주특별자치도 서귀포시 대정읍 추사로93-1,제주특별자치도 서귀포시 대정읍 보성리1586-5,33.2513833823,126.2736686028,보성리사무소 앞,영어교육도시119안전센터,Y,1995,3.5,서부소방서,064-795-0183,2024-02-07,1661000,소방청
사계8호,1,제주특별자치도,서귀포시,50130,제주특별자치도 서귀포시 안덕면 사계북로41번길 125,제주특별자치도 서귀포시 안덕면 사계리1246-1,33.24416211,126.2964084531,먼농장 남서측350m,안덕119안전센터,Y,2017,6.0,서부소방서,064-795-0182,2024-02-07,1661000,소방청
사계7호,1,제주특별자치도,서귀포시,50130,제주특별자치도 서귀포시 안덕면 산방로 232,제주특별자치도 서귀포시 안덕면 사계리192-6,33.2365447553,126.3106197801,산방산 주차장에서 덕수방면 150m,안덕119안전센터,Y,2007,6.0,서부소방서,064-795-0182,2024-02-07,1661000,소방청
사계6호,1,제주특별자치도,서귀포시,50130,제주특별자치도 서귀포시 안덕면 산방로382,제주특별자치도 서귀포시 안덕면 사계리 2819-3,33.2315375199,126.2961425646,안덕농협 사계지소 앞,안덕119안전센터,Y,2000,6.0,서부소방서,064-795-0182,2024-02-07,1661000,소방청
사계5호,1,제주특별자치도,서귀포시,50130,제주특별자치도 서귀포시 안덕면 사계남로 153,제주특별자치도 서귀포시 안덕면 사계리2147-22,33.2286946903,126.3062162775,사계 용해부락 해녀촌 식당앞,안덕119안전센터,Y,2000,6.0,서부소방서,064-795-0182,2024-02-07,1661000,소방청
사계4호,1,제주특별자치도,서귀포시,50130,제주특별자치도 서귀포시 안덕면 사계북로 44,제주특별자치도 서귀포시 안덕면 사계리 3227-3,33.2337124292,126.2930001166,향교마을 사계리 비석 맞은편,안덕119안전센터,Y,2022,4.0,서부소방서,064-795-0182,2024-02-07,1661000,소방청
사계3호,1,제주특별자치도,서귀포시,50130,제주특별자치도 서귀포시 안덕면 산방로 368,제주특별자치도 서귀포시 안덕면 사게리 2842-4,33.23146411,126.2975814004,사계리 저건약국 앞,안덕119안전센터,Y,1999,5.0,서부소방서,064-795-0182,2024-02-07,1661000,소방청
사계2호,1,제주특별자치도,서귀포시,50130,제주특별자치도 서귀포시 안덕면 산방로 272,제주특별자치도 서귀포시 안덕면 사계리1924-2,33.2345368228,126.3068337138,사계 용해부락 입구 GS슈퍼 앞,안덕119안전센터,Y,1994,6.0,서부소방서,064-795-0182,2024-02-07,1661000,소방청
사계1호,1,제주특별자치도,서귀포시,50130,제주특별자치도 서귀포시 안덕면 사계신항로17번길15,제주특별자치도 서귀포시 안덕면 사계리 3588-6,33.2501925376,126.3222384198,사계취락구조 조각공원광고탑 앞,안덕119안전센터,Y,1992,3.0,서부소방서,064-795-0182,2024-02-07,1661000,소방청
덕수 5호,1,제주특별자치도,서귀포시,50130,제주특별자치도 서귀포시 안덕면 덕수리 735-14,제주특별자치도 서귀포시 안덕면 덕수리735-14,33.2507750874,126.308274287,대덕가든 서북측,안덕119안전센터,Y,2017,3.0,서부소방서,064-795-0182,2024-02-07,1661000,소방청
덕수4호,1,제주특별자치도,서귀포시,50130,제주특별자치도 서귀포시 안덕면 덕수리 2124-1,제주특별자치도 서귀포시 안덕면 덕수리 2144-6,33.2587443359,126.3044546831,덕수교회맞은편,안덕119안전센터,Y,2004,3.0,서부소방서,064-795-0182,2024-02-07,1661000,소방청
덕수3호,1,제주특별자치도,서귀포시,50130,제주특별자치도 서귀포시 안덕면 덕수서로 22,제주특별자치도 서귀포시 안덕면 덕수리2421-3,33.2523258669,126.3042980519,덕수초등학교 북측50m,안덕119안전센터,Y,1996,3.0,서부소방서,064-795-0182,2024-02-07,1661000,소방청
덕수2호,1,제주특별자치도,서귀포시,50130,제주특별자치도 서귀포시 안덕면 덕수서로 47,제주특별자치도 서귀포시 안덕면 덕수리3004,33.254599332,126.3045159053,덕수 서부락 삼거리 슈퍼 앞,안덕119안전센터,Y,1990,2.5,서부소방서,064-795-0182,2024-02-07,1661000,소방청
덕수1호,1,제주특별자치도,서귀포시,50130,제주특별자치도 서귀포시 안덕면 덕수회관로 67,제주특별자치도 서귀포시 안덕면 덕수리763-4,33.2542609342,126.3095762669,덕수동부락 삼거리,안덕119안전센터,Y,1993,2.5,서부소방서,064-795-0182,2024-02-07,1661000,소방청
서광 3호,1,제주특별자치도,서귀포시,50130,제주특별자치도 서귀포시 안덕면 중산간서로 1882,제주특별자치도 서귀포시 안덕면 서광리 716-4,33.2892347025,126.3220060896,서광주유소 서측 120m,안덕119안전센터,Y,2004,4.0,서부소방서,064-795-0182,2024-02-07,1661000,소방청
서광 2호,1,제주특별자치도,서귀포시,50130,제주특별자치도 서귀포시 안덕면 중산간서로 1814,제주특별자치도 서귀포시 안덕면 서광리 283-2,33.2871810168,126.3287339137,서광동리 보건지소 맞은편,안덕119안전센터,Y,2001,4.0,서부소방서,064-795-0182,2024-02-07,1661000,소방청
서광 1호,1,제주특별자치도,서귀포시,50130,제주특별자치도 서귀포시 안덕면 중산간서로 1789,제주특별자치도 서귀포시 안덕면 서광리 75-6,33.2860451391,126.3311202028,서광동리 경로당 앞,안덕119안전센터,Y,1997,6.0,서부소방서,064-795-0182,2024-02-07,1661000,소방청
동광 8호,1,제주특별자치도,서귀포시,50130,제주특별자치도 서귀포시 안덕면 신화역사로 443,제주특별자치도 서귀포시 안덕면 동광리 1390-8,33.3099501649,126.3341931,마마뜰 노블레스 서측,안덕119안전센터,Y,2019,6.0,서부소방서,064-795-0182,2024-02-07,1661000,소방청
동광 7호,1,제주특별자치도,서귀포시,50130,제주특별자치도 서귀포시 안덕면 동광로 214,제주특별자치도 서귀포시 안덕면 동광리 886,33.3143857369,126.3448192252,제주서커스월드 입구,안덕119안전센터,Y,2018,7.0,서부소방서,064-795-0182,2024-02-07,1661000,소방청
동광 6호,1,제주특별자치도,서귀포시,50130,제주특별자치도 서귀포시 안덕면 평화로 1078,제주특별자치도 서귀포시 안덕면 동광리 산 32-2,33.324807446,126.3527368022,구 한라승마장 북측,안덕119안전센터,Y,2013,2.5,서부소방서,064-795-0182,2024-02-07,1661000,소방청
동광 5호,1,제주특별자치도,서귀포시,50130,제주특별자치도 서귀포시 안덕면 신화역사로 581,제주특별자치도 서귀포시 안덕면 동광리 468-2,33.3106606143,126.3497031588,석교동 버스정류소 앞,안덕119안전센터,Y,2020,5.0,서부소방서,064-795-0182,2024-02-07,1661000,소방청
동광 4호,1,제주특별자치도,서귀포시,50130,제주특별자치도 서귀포시 안덕면 동광로 100번길 25-4,제주특별자치도 서귀포시 안덕면 동광리 1595-3,33.30407111,126.3394080436,문화마을 동측 주차장 앞,안덕119안전센터,N,2000,3.5,서부소방서,064-795-0182,2024-02-07,1661000,소방청
동광 3호,1,제주특별자치도,서귀포시,50130,제주특별자치도 서귀포시 안덕면 동광로 100번길 12,제주특별자치도 서귀포시 안덕면 동광리 1590-2,33.3048587595,126.3382439575,동광해바른작은도서관 옆,안덕119안전센터,Y,2000,4.0,서부소방서,064-795-0182,2024-02-07,1661000,소방청
동광 2호,1,제주특별자치도,서귀포시,50130,제주특별자치도 서귀포시 안덕면 동광본동로 14-13,제주특별자치도 서귀포시 안덕면 동광리 996-1,33.30698111,126.3389091,구 동광분교 북측 100m,안덕119안전센터,Y,1990,5.0,서부소방서,064-795-0182,2024-02-07,1661000,소방청
동광 1호,1,제주특별자치도,서귀포시,50130,제주특별자치도 서귀포시 안덕면 신화역사로 695,제주특별자치도 서귀포시 안덕면 동광리 74-20,33.3136266883,126.3603950773,메리제이 펜션,안덕119안전센터,Y,2000,3.0,서부소방서,064-795-0182,2024-02-07,1661000,소방청
화순11호,1,제주특별자치도,서귀포시,50130,제주특별자치도 서귀포시 안덕면 화순로 214,제주특별자치도 서귀포시 안덕면 화순리 2074,33.2479627383,126.3236436036,사계바당 앞,안덕119안전센터,Y,2023,3.5,서부소방서,064-795-0182,2024-02-07,1661000,소방청
화순10호,1,제주특별자치도,서귀포시,50130,제주특별자치도 서귀포시 안덕면 화순서서로 2,제주특별자치도 서귀포시 안덕면 화순리 1160-10,33.2512032213,126.3308578235,안덕119센터 전정,안덕119안전센터,Y,2022,9.0,서부소방서,064-795-0182,2024-02-07,1661000,소방청
화순 9호,1,제주특별자치도,서귀포시,50130,제주특별자치도 서귀포시 안덕면 화순로 156,제주특별자치도 서귀포시 안덕면 화순리 1052-20,33.246722039,126.3296914778,화순 연합중기 앞,안덕119안전센터,Y,2018,6.0,서부소방서,064-795-0182,2024-02-07,1661000,소방청
화순 8호,1,제주특별자치도,서귀포시,50130,제주특별자치도 서귀포시 안덕면 화순해안로 106번길 3,제주특별자치도 서귀포시 안덕면 화순리 645-10,33.2385671388,126.3367134388,구 해양경찰파출소 맞은편,안덕119안전센터,Y,2010,6.0,서부소방서,064-795-0182,2024-02-07,1661000,소방청
화순7호,1,제주특별자치도,서귀포시,50130,제주특별자치도 서귀포시 안덕면 화순서서로 44,제주특별자치도 서귀포시 안덕면 화순리 1963,33.2550531789,126.330650983,산방도서관 입구,안덕119안전센터,Y,2020,6.0,서부소방서,064-795-0182,2024-02-07,1661000,소방청
화순 6호,1,제주특별자치도,서귀포시,50130,제주특별자치도 서귀포시 안덕면 화순로 139,제주특별자치도 서귀포시 안덕면 화순리 1056-10,33.2460665559,126.3316871,화순육거리,안덕119안전센터,Y,1993,3.5,서부소방서,064-795-0182,2024-02-07,1661000,소방청
화순 5호,1,제주특별자치도,서귀포시,50130,제주특별자치도 서귀포시 안덕면 화순로 109,제주특별자치도 서귀포시 안덕면 화순리 1069-1,33.24639811,126.3346161,화순우체국 앞,안덕119안전센터,Y,1993,3.5,서부소방서,064-795-0182,2024-02-07,1661000,소방청
화순4호,1,제주특별자치도,서귀포시,50130,제주특별자치도 서귀포시 안덕면 화순중앙로 117,제주특별자치도 서귀포시 안덕면 화순리 804-1,33.2417610324,126.3355811,현대민박 북측,안덕119안전센터,Y,2010,3.0,서부소방서,064-795-0182,2024-02-07,1661000,소방청
화순3호,1,제주특별자치도,서귀포시,50130,제주특별자치도 서귀포시 안덕면 화순중앙로 59,제주특별자치도 서귀포시 안덕면 화순리 318-24,33.24708511,126.3359461,수협 안덕지점 앞,안덕119안전센터,Y,1996,4.0,서부소방서,064-795-0182,2024-02-07,1661000,소방청
화순2호,1,제주특별자치도,서귀포시,50130,제주특별자치도 서귀포시 안덕면 화순중앙로 24,제주특별자치도 서귀포시 안덕면 화순리 1128-4,33.2499718996,126.3348945136,안덕초등학교 서측,안덕119안전센터,Y,1995,4.0,서부소방서,064-795-0182,2024-02-07,1661000,소방청
화순1호,1,제주특별자치도,서귀포시,50130,제주특별자치도 서귀포시 안덕면 일주서로 1723,제주특별자치도 서귀포시 안덕면 화순리 1236-5,33.25120311,126.3336541774,화순리 교차로 CU남측,안덕119안전센터,Y,1995,5.0,서부소방서,064-795-0182,2024-02-07,1661000,소방청
대평2호,1,제주특별자치도,서귀포시,50130,제주특별자치도 서귀포시 안덕면 대평감산로 8,제주특별자치도 서귀포시 안덕면 창천리 876-1,33.23548111,126.3669462006,용왕난드르 식당 앞,안덕119안전센터,Y,1990,5.0,서부소방서,064-795-0182,2024-02-07,1661000,소방청
대평1호,1,제주특별자치도,서귀포시,50130,제주특별자치도 서귀포시 안덕면 대평감산로 43,제주특별자치도 서귀포시 안덕면 창천리 890-1,33.23835111,126.3658899385,대평리 복지회관 앞,안덕119안전센터,N,1990,5.0,서부소방서,064-795-0182,2024-02-07,1661000,소방청
감산3호,1,제주특별자치도,서귀포시,50130,제주특별자치도 서귀포시 안덕면 일주서로 1611,제주특별자치도 서귀포시 안덕면 감산리 1733-2,33.2548469661,126.3465836836,건강과 성박물관 앞,안덕119안전센터,Y,2011,5.0,서부소방서,064-795-0182,2024-02-07,1661000,소방청
감산2호,1,제주특별자치도,서귀포시,50130,제주특별자치도 서귀포시 안덕면 일주서로 1526,제주특별자치도 서귀포시 안덕면 감산리 360-3,33.2583311697,126.3527723363,안덕계곡 삼거리 GS25 앞,안덕119안전센터,Y,1993,5.0,서부소방서,064-795-0182,2024-02-07,1661000,소방청
감산1호,1,제주특별자치도,서귀포시,50130,제주특별자치도 서귀포시 안덕면 일주서로1448번길 3,제주특별자치도 서귀포시 안덕면 감산리 126-1,33.2602803643,126.3568713884,감산주유소 삼거리 북측도로,안덕119안전센터,Y,2001,5.0,서부소방서,064-795-0182,2024-02-07,1661000,소방청
창천 2호,1,제주특별자치도,서귀포시,50130,제주특별자치도 서귀포시 안덕면 창천중앙로 24,제주특별자치도 서귀포시 안덕면 창천리 160-6,33.26445411,126.3707549971,춘심이네 앞,안덕119안전센터,Y,2005,6.0,서부소방서,064-795-0182,2024-02-07,1661000,소방청
창천 1호,1,제주특별자치도,서귀포시,50130,제주특별자치도 서귀포시 안덕면 창천중앙로 60,제주특별자치도 서귀포시 안덕면 창천리 108-3,33.2677492095,126.3698027048,감협선과장 앞,안덕119안전센터,Y,2020,6.0,서부소방서,064-795-0182,2024-02-07,1661000,소방청
상창 3호,1,제주특별자치도,서귀포시,50130,제주특별자치도 서귀포시 안덕면 중산간서로 1610,제주특별자치도 서귀포시 안덕면 상창리 2068-7,33.2829423761,126.3490104097,세계자동차박물관 입구,안덕119안전센터,Y,2008,6.0,서부소방서,064-795-0182,2024-02-07,1661000,소방청
상창 2호,1,제주특별자치도,서귀포시,50130,제주특별자치도 서귀포시 한창로145번길 11-1,제주특별자치도 서귀포시 안덕면 상창리 2885,33.2744182504,126.3626163955,상천리 과적검문소 남측 100m,안덕119안전센터,Y,2004,3.5,서부소방서,064-795-0182,2024-02-07,1661000,소방청
상창 1호,1,제주특별자치도,서귀포시,50130,제주특별자치도 서귀포시 안덕면 한창로 136,제주특별자치도 서귀포시 안덕면 상창리 622-2,33.2747086056,126.3630454569,상천리 보건진료소 맞은편,안덕119안전센터,Y,2020,5.0,서부소방서,064-795-0182,2024-02-07,1661000,소방청
상천 1호,1,제주특별자치도,서귀포시,50130,제주특별자치도 서귀포시 안덕면 상천로 1,제주특별자치도 서귀포시 안덕면 상천리 470-5,33.3071627257,126.38110848,상천리 저온저장고 앞,안덕119안전센터,Y,1994,5.0,서부소방서,064-795-0182,2024-02-07,1661000,소방청
광평1호,1,제주특별자치도,서귀포시,50130,제주특별자치도 서귀포시 상천리 471-11,제주특별자치도 서귀포시 안덕면 광평리 205-3,33.32927116,126.3823130606,광평마을회관 동측 80m,안덕119안전센터,Y,2006,3.0,서부소방서,064-795-0182,2024-02-07,1661000,소방청
한원-2호,1,제주특별자치도,제주시,50110,제주특별자치도 제주시 한경면 한원복1길12,제주특별자치도 제주시 한경면 두모리 599-3,33.3405277872,126.2016544358,한원리 복호동 사거리,한경119안전센터,Y,2019,2.8,서부소방서,064-773-0119,2024-02-07,1661000,소방청
한원-1호,1,제주특별자치도,제주시,50110,제주특별자치도 제주시 한경면 용금로144,제주특별자치도 제주시 한경면 두모리 1385-2,33.3354009551,126.1969114992,한원리 사무소 앞,한경119안전센터,Y,2015,3.4,서부소방서,064-773-0119,2024-02-07,1661000,소방청
판포-4호,1,제주특별자치도,제주시,50110,,제주특별자치도 제주시 한경면 판포리 873-5,33.3564455654,126.2112971886,한백산업 골목 입구,한경119안전센터,Y,2015,4.3,서부소방서,064-773-0119,2024-02-07,1661000,소방청
판포-3호,1,제주특별자치도,제주시,50110,제주특별자치도 제주시 한경면 판포4길85,제주특별자치도 제주시 한경면 판포리 1984-1,33.3618238218,126.2076781141,판포리 노인회관 동측,한경119안전센터,Y,2015,4.4,서부소방서,064-773-0119,2024-02-07,1661000,소방청
판포-2호,1,제주특별자치도,제주시,50110,제주특별자치도 제주시 한경면 판포중길29,제주특별자치도 제주시 한경면 판포리 2573,33.3599838911,126.2023811,판포리 중동회관 옆,한경119안전센터,Y,1995,3.3,서부소방서,064-773-0119,2024-02-07,1661000,소방청
판포-1호,1,제주특별자치도,제주시,50110,제주특별자치도 제주시 한경면 판포1길7,제주특별자치도 제주시 한경면 판포리 1905,33.3649302529,126.1984928903,판포리 신명동 입구,한경119안전센터,Y,1994,2.6,서부소방서,064-773-0119,2024-02-07,1661000,소방청
조수-5호,1,제주특별자치도,제주시,50110,제주특별자치도 제주시 한경면 용금로440,제주특별자치도 제주시 한경면 조수리 1365-5,33.3351301066,126.2268762317,"구,조수초등교 인근",한경119안전센터,Y,1997,2.7,서부소방서,064-773-0119,2024-02-07,1661000,소방청
조수-4호,1,제주특별자치도,제주시,50110,제주특별자치도 제주시 한경면 홍수암로445,제주특별자치도 제주시 한경면 조수리 787,33.3478622833,126.2311222725,조수리 은진농장 옆,한경119안전센터,Y,2013,2.7,서부소방서,064-773-0119,2024-02-07,1661000,소방청
조수-3호,1,제주특별자치도,제주시,50110,제주특별자치도 제주시 한경면 불그못로65,제주특별자치도 제주시 한경면 조수리 4007-18,33.2955770801,126.2168554392,조수2리 복지회관 앞,한경119안전센터,Y,1997,5.4,서부소방서,064-773-0119,2024-02-07,1661000,소방청
조수-2호,1,제주특별자치도,제주시,50110,제주특별자치도 제주시 한경면 홍수암로558,제주특별자치도 제주시 한경면 조수리 437-3,33.3378554558,126.227601787,조수리사무소 동측 삼거리,한경119안전센터,Y,1994,2.7,서부소방서,064-773-0119,2024-02-07,1661000,소방청
조수-1호,1,제주특별자치도,제주시,50110,제주특별자치도 제주시 한경면 용금로459,제주특별자치도 제주시 한경면 조수리 317-8,33.3359773901,126.2289589542,한경농협조수지소 앞,한경119안전센터,Y,2008,2.7,서부소방서,064-773-0119,2024-02-07,1661000,소방청
저지-8호,1,제주특별자치도,제주시,50110,제주특별자치도 제주시 한경면 저지12길69,제주특별자치도 제주시 한경면 저지리 2114-14,33.3387847531,126.2636909521,성전동 버스정류소 삼거리,한경119안전센터,Y,2008,2.7,서부소방서,064-773-0119,2024-02-07,1661000,소방청
저지-7호,1,제주특별자치도,제주시,50110,제주특별자치도 제주시 한경면 용금로864,제주특별자치도 제주시 한경면 저지리 2120-91,33.3372284167,126.2685129007,방림원 기사대기실 입구,한경119안전센터,Y,2006,2.7,서부소방서,064-773-0119,2024-02-07,1661000,소방청
저지-6호,1,제주특별자치도,제주시,50110,제주특별자치도 제주시 한경면 중산간서로3604,제주특별자치도 제주시 한경면 저지리 1522-7,33.3265095811,126.25355596,저청중앙교회 옆,한경119안전센터,Y,2006,2.7,서부소방서,064-773-0119,2024-02-07,1661000,소방청
저지-5호,1,제주특별자치도,제주시,50110,제주특별자치도 제주시 한경면 녹차분재로510,제주특별자치도 제주시 한경면 저지리 3004-1,33.317554259,126.2699418867,명리동회관 앞,한경119안전센터,Y,1994,2.7,서부소방서,064-773-0119,2024-02-07,1661000,소방청
저지-4호,1,제주특별자치도,제주시,50110,제주특별자치도 제주시 한경면 중산간서로3644,제주특별자치도 제주시 한경면 저지리 1711-1,33.3297929127,126.2551831,저지오름휴게소 앞,한경119안전센터,Y,1995,2.7,서부소방서,064-773-0119,2024-02-07,1661000,소방청
저지-3호,1,제주특별자치도,제주시,50110,제주특별자치도 제주시 한경면 중산간서로3688,제주특별자치도 제주시 한경면 저지리 1791-3,33.3334667944,126.2568382948,저지농협앞,한경119안전센터,Y,1995,2.9,서부소방서,064-773-0119,2024-02-07,1661000,소방청
저지-2호,1,제주특별자치도,제주시,50110,제주특별자치도 제주시 한경면 저지12길4,제주특별자치도 제주시 한경면 저지리 산 13-24,33.3409496882,126.2576360106,저지리 성전동 입구,한경119안전센터,Y,2002,2.9,서부소방서,064-773-0119,2024-02-07,1661000,소방청
저지-1호,1,제주특별자치도,제주시,50110,제주특별자치도 제주시 한경면 용금로527,제주특별자치도 제주시 한경면 저지리 1196-5,33.3369964598,126.2359757793,저지리 수동정류소 앞,한경119안전센터,Y,1994,2.7,서부소방서,064-773-0119,2024-02-07,1661000,소방청
용수-4호,1,제주특별자치도,제주시,50110,제주특별자치도 제주시 한경면 용수3길36,제주특별자치도 제주시 한경면 용수리 4135-1,33.3246306402,126.1660078586,용수포구 삼거리,한경119안전센터,Y,2013,4.5,서부소방서,064-773-0119,2024-02-07,1661000,소방청
용수-3호,1,제주특별자치도,제주시,50110,제주특별자치도 제주시 한경면 용수1길75,제주특별자치도 제주시 한경면 용수리 4349-4,33.3221389139,126.1703304232,용수리사무소 앞,한경119안전센터,Y,2012,4.5,서부소방서,064-773-0119,2024-02-07,1661000,소방청
용수-2호,1,제주특별자치도,제주시,50110,제주특별자치도 제주시 한경면 용수길142,제주특별자치도 제주시 한경면 용수리 3533,33.3295758502,126.1732879235,구/용수초등학교 옆,한경119안전센터,Y,1995,4.6,서부소방서,064-773-0119,2024-02-07,1661000,소방청
용수-1호,1,제주특별자치도,제주시,50110,제주특별자치도 제주시 한경면 용수길42,제주특별자치도 제주시 한경면 용수리 4379-3,33.3228616319,126.1704581,용수리 주구동산,한경119안전센터,Y,2022,4.5,서부소방서,064-773-0119,2024-02-07,1661000,소방청
용당-2호,1,제주특별자치도,제주시,50110,제주특별자치도 제주시 한경면 용당길16,제주특별자치도 제주시 한경면 용수리 1119-1,33.33372211,126.1801623142,용당리사무소 뒤,한경119안전센터,Y,2019,4.3,서부소방서,064-773-0119,2024-02-07,1661000,소방청
용당-1호,1,제주특별자치도,제주시,50110,제주특별자치도 제주시 한경면 용금로3,제주특별자치도 제주시 한경면 용수리 1014,33.3340314365,126.1823606575,용당 연못 시계탑 뒤,한경119안전센터,Y,2019,2.4,서부소방서,064-773-0119,2024-02-07,1661000,소방청
신창-8호,1,제주특별자치도,제주시,50110,제주특별자치도 제주시 한경면 신창5길 7,제주특별자치도 제주시 한경면 신창리 352,33.349163416,126.1816412765,한경면 신창우체국 진입곤란지역 내,한경119안전센터,N,2023,2.1,서부소방서,064-773-0119,2024-02-07,1661000,소방청
신창-7호,1,제주특별자치도,제주시,50110,제주특별자치도 제주시 한경면 두신로 10,제주특별자치도 제주시 한경면 신창리 680-2,33.3440529802,126.1826871,구.한경의원 앞 버스정류소 옆,한경119안전센터,Y,2018,4.3,서부소방서,064-773-0119,2024-02-07,1661000,소방청
신창-6호,1,제주특별자치도,제주시,50110,제주특별자치도 제주시 한경면 신한로15,제주특별자치도 제주시 한경면 신창리 235-1,33.3499659962,126.1847640881,한경주유소 옆,한경119안전센터,Y,2018,4.4,서부소방서,064-773-0119,2024-02-07,1661000,소방청
신창-5호,1,제주특별자치도,제주시,50110,제주특별자치도 제주시 한경면 두신로71,제주특별자치도 제주시 한경면 신창리 327-1,33.3496210913,126.1824805092,한경우체국 옆,한경119안전센터,Y,2018,2.6,서부소방서,064-773-0119,2024-02-07,1661000,소방청
신창-4호,1,제주특별자치도,제주시,50110,제주특별자치도 제주시 한경면 일주서로4218,제주특별자치도 제주시 한경면 신창리 664-1,33.34269711,126.1828491049,한경119센터 앞,한경119안전센터,Y,2007,4.5,서부소방서,064-773-0119,2024-02-07,1661000,소방청
신창-3호,1,제주특별자치도,제주시,50110,제주특별자치도 제주시 한경면 성굴로41,제주특별자치도 제주시 한경면 신창리 940,33.3383018461,126.1850112334,신창리 신흥동 사거리,한경119안전센터,Y,2003,2.4,서부소방서,064-773-0119,2024-02-07,1661000,소방청
신창-2호,1,제주특별자치도,제주시,50110,제주특별자치도 제주시 한경면 두신로83,제주특별자치도 제주시 한경면 두모리 2866,33.350429397,126.183074227,한경면사무소 앞,한경119안전센터,Y,1995,2.7,서부소방서,064-773-0119,2024-02-07,1661000,소방청
신창-1호,1,제주특별자치도,제주시,50110,제주특별자치도 제주시 한경면 두신로60,제주특별자치도 제주시 한경면 신창리 395,33.3483931343,126.1827611,신창포구 입구 대로변,한경119안전센터,Y,2018,3.3,서부소방서,064-773-0119,2024-02-07,1661000,소방청
산양-2호,1,제주특별자치도,제주시,50110,제주특별자치도 제주시 한경면 중산간서로3340,제주특별자치도 제주시 한경면 낙천리 462-1,33.30824071,126.2390153,수룡동 입구,한경119안전센터,Y,2018,5.3,서부소방서,064-773-0119,2024-02-07,1661000,소방청
산양-1호,1,제주특별자치도,제주시,50110,제주특별자치도 제주시 한경면 연명로2,제주특별자치도 제주시 한경면 청수리 3260-1,33.2931859458,126.2331939274,산양웃뜨르 우리돼지 음식점 앞,한경119안전센터,Y,1994,3.4,서부소방서,064-773-0119,2024-02-07,1661000,소방청
두모-1호,1,제주특별자치도,제주시,50110,제주특별자치도 제주시 한경면 두신로113,제주특별자치도 제주시 한경면 두모리 2888,33.352858651,126.1845023876,두모리 보건소 앞,한경119안전센터,Y,2018,2.4,서부소방서,064-773-0119,2024-02-07,1661000,소방청
낙천-2호,1,제주특별자치도,제주시,50110,,제주특별자치도 제주시 한경면 낙천리 1743-1,33.3251186576,126.2277181,낙천리 공원 옆,한경119안전센터,Y,1996,2.7,서부소방서,064-773-0119,2024-02-07,1661000,소방청
낙천-1호,1,제주특별자치도,제주시,50110,제주특별자치도 제주시 한경면 낙수로117,제주특별자치도 제주시 한경면 낙천리 1927,33.3266221465,126.2275933027,낙천리사무소 옆,한경119안전센터,Y,1994,2.7,서부소방서,064-773-0119,2024-02-07,1661000,소방청
금등-2호,1,제주특별자치도,제주시,50110,제주특별자치도 제주시 한경면 금등대안1길19,제주특별자치도 제주시 한경면 금등리 220-1,33.3437124665,126.2110476987,금등리 수장동 창고 옆,한경119안전센터,Y,2000,2.7,서부소방서,064-773-0119,2024-02-07,1661000,소방청
금등-1호,1,제주특별자치도,제주시,50110,제주특별자치도 제주시 한경면 금등4길28,제주특별자치도 제주시 한경면 금등리 584-1,33.3604590479,126.1953499993,금등리 사무소 뒤,한경119안전센터,Y,1994,2.7,서부소방서,064-773-0119,2024-02-07,1661000,소방청
고산-12호,1,제주특별자치도,제주시,50110,제주특별자치도 제주시 한경면 고산남8길24,제주특별자치도 제주시 한경면 고산리 1662-2,33.30077331,126.1925658,새동삼거리,한경119안전센터,Y,2014,4.0,서부소방서,064-773-0119,2024-02-07,1661000,소방청
고산-11호,1,제주특별자치도,제주시,50110,제주특별자치도 제주시 한경면 고산로20,제주특별자치도 제주시 한경면 고산리 2199-1,33.3027912659,126.1797304618,고산리 대동기계 앞,한경119안전센터,Y,2013,4.9,서부소방서,064-773-0119,2024-02-07,1661000,소방청
고산-10호,1,제주특별자치도,제주시,50110,제주특별자치도 제주시 한경면 칠전로1,제주특별자치도 제주시 한경면 고산리 2865-1,33.30115871,126.1803071,고산육거리 고산성당 앞,한경119안전센터,Y,2007,4.9,서부소방서,064-773-0119,2024-02-07,1661000,소방청
고산-9호,1,제주특별자치도,제주시,50110,제주특별자치도 제주시 한경면 칠전로225-1,제주특별자치도 제주시 한경면 고산리 245-1,33.2956197955,126.203432488,전답동 입구,한경119안전센터,Y,1995,3.7,서부소방서,064-773-0119,2024-02-07,1661000,소방청
고산-8호,1,제주특별자치도,제주시,50110,,제주특별자치도 제주시 한경면 고산리 1719,33.2977063503,126.1949811344,칠전동 엄블랑음식점 앞,한경119안전센터,Y,1999,5.0,서부소방서,064-773-0119,2024-02-07,1661000,소방청
고산-7호,1,제주특별자치도,제주시,50110,제주특별자치도 제주시 한경면 고락로89,제주특별자치도 제주시 한경면 고산리 1942-2,33.3023512827,126.1889186914,고산2리 사무소 앞,한경119안전센터,Y,1995,4.6,서부소방서,064-773-0119,2024-02-07,1661000,소방청
고산-6호,1,제주특별자치도,제주시,50110,제주특별자치도 제주시 한경면 노을해안로930,제주특별자치도 제주시 한경면 고산리 3808-9,33.29105611,126.165019564,고산리 한장동 입구,한경119안전센터,Y,1994,3.2,서부소방서,064-773-0119,2024-02-07,1661000,소방청
고산-5호,1,제주특별자치도,제주시,50110,제주특별자치도 제주시 한경면 노을해안로 1174,제주특별자치도 제주시 한경면 고산리 3605-2,33.3081515775,126.1657366715,고산자구내 차귀낚시 앞,한경119안전센터,Y,1994,4.2,서부소방서,064-773-0119,2024-02-07,1661000,소방청
고산-4호,1,제주특별자치도,제주시,50110,제주특별자치도 제주시 한경면 고락로15,제주특별자치도 제주시 한경면 고산리 2234,33.30353161,126.1811814626,,한경119안전센터,Y,1998,4.2,서부소방서,064-773-0119,2024-02-07,1661000,소방청
고산-3호,1,제주특별자치도,제주시,50110,,제주특별자치도 제주시 한경면 고산리 2686-4,33.3036010823,126.1774604976,고산초등교 정문 앞,한경119안전센터,Y,2020,4.2,서부소방서,064-773-0119,2024-02-07,1661000,소방청
고산-2호,1,제주특별자치도,제주시,50110,제주특별자치도 제주시 한경면 고산로6길 2,제주특별자치도 제주시 한경면 고산리 2715,33.3060510456,126.179152446,늘푸른팰리스아파트 앞,한경119안전센터,Y,2019,4.2,서부소방서,064-773-0119,2024-02-07,1661000,소방청
고산-1호,1,제주특별자치도,제주시,50110,제주특별자치도 제주시 한경면 고산로70,제주특별자치도 제주시 한경면 고산리 2615-2,33.3071381084,126.1784717063,장군멍군 식당 앞,한경119안전센터,Y,1997,3.8,서부소방서,064-773-0119,2024-02-07,1661000,소방청
마라3호,1,제주특별자치도,서귀포시,50130,제주특별자치도 서귀포시 대정읍 마라로77번길 15,제주특별자치도 서귀포시 대정읍 가파리 627,33.1170657292,126.2673021,마라치안센터 앞,대정119안전센터,Y,2011,1.3,서부소방서,064-795-0130,2024-02-07,1661000,소방청
마라2호,1,제주특별자치도,서귀포시,50130,,제주특별자치도 서귀포시 대정읍 가파리 697,33.11838811,126.2665495606,gs25 앞,대정119안전센터,Y,2011,,서부소방서,064-795-0130,2024-02-07,1661000,소방청
마라1호,1,제주특별자치도,서귀포시,50130,제주특별자치도 서귀포시 대정읍 가파리 721,제주특별자치도 서귀포시 대정읍 가파리 721,33.117258703,126.2666861,,대정119안전센터,Y,2005,1.5,서부소방서,064-795-0130,2024-02-07,1661000,소방청
가파10호,1,제주특별자치도,서귀포시,50130,제주특별자치도 서귀포시 대정읍 가파리 15-2,제주특별자치도 서귀포시 대정읍 가파리 15-2,33.1682107563,126.2778517,배전반 앞,대정119안전센터,Y,2020,3.0,서부소방서,064-795-0130,2024-02-07,1661000,소방청
가파9호,1,제주특별자치도,서귀포시,50130,제주특별자치도 서귀포시 대정읍 가파로 48,제주특별자치도 서귀포시 대정읍 가파리 570-2,33.1649819008,126.2718769059,하동할망당 표지석 앞,대정119안전센터,Y,2020,2.3,서부소방서,064-795-0130,2024-02-07,1661000,소방청
가파8호,1,제주특별자치도,서귀포시,50130,제주특별자치도 서귀포시 대정읍 가파리 46-2,제주특별자치도 서귀포시 대정읍 가파리 46-2,33.1693862623,126.2735013488,내연발전소 입구,대정119안전센터,Y,2020,2.3,서부소방서,064-795-0130,2024-02-07,1661000,소방청
가파7호,1,제주특별자치도,서귀포시,50130,제주특별자치도 서귀포시 대정읍 대정읍 가파로 241,제주특별자치도 서귀포시 대정읍 가파리 205,33.1745769001,126.2714638161,가파도 교회 표지석 앞,대정119안전센터,Y,2020,3.0,서부소방서,064-795-0130,2024-02-07,1661000,소방청
가파6호,1,제주특별자치도,서귀포시,50130,제주특별자치도 서귀포시 대정읍 가파로 271번길 10-14,제주특별자치도 서귀포시 대정읍 가파리 384,33.1725160097,126.2672757289,해안도로변,대정119안전센터,Y,2020,2.5,서부소방서,064-795-0130,2024-02-07,1661000,소방청
가파5호,1,제주특별자치도,서귀포시,50130,제주특별자치도 서귀포시 가파로 271번길 9,제주특별자치도 서귀포시 대정읍 가파리 370,33.1728090015,126.2687419795,상동포구 남서측 500m 지점,대정119안전센터,Y,2010,1.5,서부소방서,064-795-0130,2024-02-07,1661000,소방청
가파4호,1,제주특별자치도,서귀포시,50130,제주특별자치도 서귀포시 가파로 67번길 50,제주특별자치도 서귀포시 대정읍 가파리 282,33.1697180993,126.2709012917,KT 가파도분기국사 옆,대정119안전센터,Y,2010,1.5,서부소방서,064-795-0130,2024-02-07,1661000,소방청
가파3호,1,제주특별자치도,서귀포시,50130,제주특별자치도 서귀포시 가파로 67번길 10,제주특별자치도 서귀포시 대정읍 가파리 69-2,33.1665680832,126.2730421779,가파지역대 사무실앞,대정119안전센터,Y,2008,1.5,서부소방서,064-795-0130,2024-02-07,1661000,소방청
가파2호,1,제주특별자치도,서귀포시,50130,제주특별자치도 서귀포시 가파로 67번길 92,제주특별자치도 서귀포시 대정읍 가파리 240,33.1731908955,126.2696802,,대정119안전센터,Y,2007,3.5,서부소방서,064-795-0130,2024-02-07,1661000,소방청
가파1호,1,제주특별자치도,서귀포시,50130,제주특별자치도 서귀포시 가파로 67번길 1,제주특별자치도 서귀포시 대정읍 가파리 561-1,33.1658683771,126.2733123154,가파도 해물짬뽕 앞,대정119안전센터,Y,2002,1.3,서부소방서,064-795-0130,2024-02-07,1661000,소방청
동일8호,1,제주특별자치도,서귀포시,50130,제주특별자치도 서귀포시 암반수마농로 362,제주특별자치도 서귀포시 대정읍 동일리 241,33.2597272183,126.2402584231,별빛농장 맞은편,대정119안전센터,Y,2015,3.5,서부소방서,064-795-0130,2024-02-07,1661000,소방청
동일7호,1,제주특별자치도,서귀포시,50130,제주특별자치도 서귀포시 암반수마농로 287,제주특별자치도 서귀포시 대정읍 동일리 454,33.2540268023,126.2380186212,대정종축장 앞,대정119안전센터,Y,2013,3.5,서부소방서,064-795-0130,2024-02-07,1661000,소방청
동일6호,1,제주특별자치도,서귀포시,50130,,제주특별자치도 서귀포시 대정읍 동일리 2618-6,33.2313980866,126.2433704749,대정119센터에서 서귀포방면 500m,대정119안전센터,Y,2013,3.0,서부소방서,064-795-0130,2024-02-07,1661000,소방청
동일5호,1,제주특별자치도,서귀포시,50130,,제주특별자치도 서귀포시 대정읍 동일리 206-3,33.2611196908,126.2447701702,가시악축산 입구,대정119안전센터,Y,2003,2.5,서부소방서,064-795-0130,2024-02-07,1661000,소방청
동일4호,1,제주특별자치도,서귀포시,50130,제주특별자치도 서귀포시 대정읍 암반수마농로 259,제주특별자치도 서귀포시 대정읍 동일리 1662,33.25179911,126.2382541339,피그랜드 맞은편,대정119안전센터,Y,2003,2.5,서부소방서,064-795-0130,2024-02-07,1661000,소방청
동일3호,1,제주특별자치도,서귀포시,50130,제주특별자치도 서귀포시 대정읍 암반수마농로 328,제주특별자치도 서귀포시 대정읍 동일리 303-1,33.25768711,126.2384211,동일 2리사무소 동쪽 삼거리,대정119안전센터,Y,1991,3.0,서부소방서,064-795-0130,2024-02-07,1661000,소방청
동일2호,1,제주특별자치도,서귀포시,50130,제주특별자치도 서귀포시 대정읍 동일하모로 111,제주특별자치도 서귀포시 대정읍 동일리 2855-1,33.2280404515,126.2439731,동일1리사무소 동측 100m,대정119안전센터,Y,1974,3.0,서부소방서,064-795-0130,2024-02-07,1661000,소방청
동일1호,1,제주특별자치도,서귀포시,50130,,제주특별자치도 서귀포시 대정읍 동일리 2988-15,33.2258598469,126.2470721033,송악도서관 입구 삼거리,대정119안전센터,Y,1993,3.5,서부소방서,064-795-0130,2024-02-07,1661000,소방청
일과9호,1,제주특별자치도,서귀포시,50130,,제주특별자치도 서귀포시 대정읍 일과리 1350-1,33.2411756787,126.2329999324,대수동에서 서림방면 200m 지점,대정119안전센터,Y,2013,3.5,서부소방서,064-795-0130,2024-02-07,1661000,소방청
일과8호,1,제주특별자치도,서귀포시,50130,제주특별자치도 서귀포시 대정읍 일주서로 2717,제주특별자치도 서귀포시 대정읍 일과리 136,33.2325148792,126.2408553767,대정119센터 청사 내,대정119안전센터,Y,2021,1.2,서부소방서,064-795-0130,2024-02-07,1661000,소방청
일과7호,1,제주특별자치도,서귀포시,50130,제주특별자치도 서귀포시 대정읍 일주서로 3000번길 137-9,제주특별자치도 서귀포시 대정읍 일과리 551-5,33.2578154229,126.2278274243,제주인제주 앞,대정119안전센터,Y,2009,1.2,서부소방서,064-795-0130,2024-02-07,1661000,소방청
일과6호,1,제주특별자치도,서귀포시,50130,제주특별자치도 서귀포시 대정읍 일주서로 3000번길 155-13,제주특별자치도 서귀포시 대정읍 일과리 551-11,33.2583086893,126.2291057173,화송산업 앞,대정119안전센터,Y,2009,1.3,서부소방서,064-795-0130,2024-02-07,1661000,소방청
일과5호,1,제주특별자치도,서귀포시,50130,제주특별자치도 서귀포시 대정읍 일주서로 3000번길 145,제주특별자치도 서귀포시 대정읍 일과리 551-13,33.2580749224,126.2295162116,수출육가공공장 입구,대정119안전센터,Y,1991,1.2,서부소방서,064-795-0130,2024-02-07,1661000,소방청
일과4호,1,제주특별자치도,서귀포시,50130,제주특별자치도 서귀포시 대정읍 일주서로3000번길 125,제주특별자치도 서귀포시 대정읍 일과리 551-6,33.25669941,126.2275095522,화성포장산업 앞,대정119안전센터,Y,1991,1.2,서부소방서,064-795-0130,2024-02-07,1661000,소방청
일과3호,1,제주특별자치도,서귀포시,50130,제주특별자치도 서귀포시 대정읍 서림중앙로 50,제주특별자치도 서귀포시 대정읍 일과리 1580-3,33.24687711,126.2253434674,일과 2리 어민회관 앞,대정119안전센터,Y,2021,2.5,서부소방서,064-795-0130,2024-02-07,1661000,소방청
일과2호,1,제주특별자치도,서귀포시,50130,제주특별자치도 서귀포시 대정읍 암반수마농로 60-1,제주특별자치도 서귀포시 대정읍 일과리 229,33.2345054402,126.2429811,,대정119안전센터,Y,2010,4.0,서부소방서,064-795-0130,2024-02-07,1661000,소방청
일과1호,1,제주특별자치도,서귀포시,50130,제주특별자치도 서귀포시 대정읍 일과로 13번길 14,제주특별자치도 서귀포시 대정읍 일과리 81,33.2334022985,126.2425502143,일과리 사거리 앞,대정119안전센터,Y,1970,2.5,서부소방서,064-795-0130,2024-02-07,1661000,소방청
무릉7호,1,제주특별자치도,서귀포시,50130,,제주특별자치도 서귀포시 대정읍 무릉리 9-1,33.29345311,126.2561861,비닐하우스 인근,대정119안전센터,Y,2011,4.2,서부소방서,064-795-0130,2024-02-07,1661000,소방청
무릉6호,1,제주특별자치도,서귀포시,50130,,제주특별자치도 서귀포시 대정읍 무릉리 3605-3,33.2670060654,126.1957353313,1132번 도로상,대정119안전센터,Y,2014,3.2,서부소방서,064-795-0130,2024-02-07,1661000,소방청
무릉5호,1,제주특별자치도,서귀포시,50130,,제주특별자치도 서귀포시 대정읍 무릉리 322-1,33.276575034,126.2436582822,인향동 버스정류소,대정119안전센터,Y,2005,2.5,서부소방서,064-795-0130,2024-02-07,1661000,소방청
무릉4호,1,제주특별자치도,서귀포시,50130,,제주특별자치도 서귀포시 대정읍 무릉리 1004-3,33.280483792,126.2268771564,평지동 버스정류소 앞,대정119안전센터,Y,2011,3.0,서부소방서,064-795-0130,2024-02-07,1661000,소방청
무릉3호,1,제주특별자치도,서귀포시,50130,제주특별자치도 서귀포시 대정읍 중산간서로 2880,제주특별자치도 서귀포시 대정읍 무릉리 616-15,33.2748505643,126.2339523308,무릉보건진료소 맞은편,대정119안전센터,Y,1995,3.0,서부소방서,064-795-0130,2024-02-07,1661000,소방청
무릉2호,1,제주특별자치도,서귀포시,50130,제주특별자치도 서귀포시 대정읍 서삼중로 106,제주특별자치도 서귀포시 대정읍 무릉리 2802,33.2728251872,126.2014268777,무릉초·중학교 앞,대정119안전센터,Y,1993,3.5,서부소방서,064-795-0130,2024-02-07,1661000,소방청
무릉1호,1,제주특별자치도,서귀포시,50130,제주특별자치도 서귀포시 대정읍 서삼중로 83,제주특별자치도 서귀포시 대정읍 무릉리 2895-2,33.2704104758,126.2029661811,21세기 만물상 인근,대정119안전센터,Y,1978,3.5,서부소방서,064-795-0130,2024-02-07,1661000,소방청
신도4호,1,제주특별자치도,서귀포시,50130,제주특별자치도 서귀포시 대정읍 신도리 1606-1,제주특별자치도 서귀포시 대정읍 신도리 1606-1,33.2744391167,126.1887956372,사거리 내,대정119안전센터,Y,2022,5.0,서부소방서,064-795-0130,2024-02-07,1661000,소방청
신도3호,1,제주특별자치도,서귀포시,50130,제주특별자치도 서귀포시 대정읍 신도리 1797-1,제주특별자치도 서귀포시 대정읍 신도리 1797-1,33.2844589778,126.1872835578,신도3교차로,대정119안전센터,Y,2014,2.9,서부소방서,064-795-0130,2024-02-07,1661000,소방청
신도2호,1,제주특별자치도,서귀포시,50130,제주특별자치도 서귀포시 대정읍 도원로 52,제주특별자치도 서귀포시 대정읍 신도리 2566-1,33.2774099251,126.1756134304,신도보건진료소 동측 120m,대정119안전센터,Y,1999,3.2,서부소방서,064-795-0130,2024-02-07,1661000,소방청
신도1호,1,제주특별자치도,서귀포시,50130,제주특별자치도 서귀포시 대정읍 도원로 215,제주특별자치도 서귀포시 대정읍 신도리 1381-12,33.2782654209,126.1914217227,신도1리 복지회관 입구 사거리,대정119안전센터,Y,2015,2.5,서부소방서,064-795-0130,2024-02-07,1661000,소방청
영락3호,1,제주특별자치도,서귀포시,50130,제주특별자치도 서귀포시 대정읍 영락리 591-1,제주특별자치도 서귀포시 대정읍 전세비로 8,33.24307731,126.2124295,삼거리 앞,대정119안전센터,Y,2017,2.5,서부소방서,064-795-0130,2024-02-07,1661000,소방청
영락2호,1,제주특별자치도,서귀포시,50130,제주특별자치도 서귀포시 대정읍 일주서로 3128,제주특별자치도 서귀포시 대정읍 영락리 1288-15,33.25735271,126.2105144075,횡단보도 앞,대정119안전센터,Y,2014,2.1,서부소방서,064-795-0130,2024-02-07,1661000,소방청
영락1호,1,제주특별자치도,서귀포시,50130,제주특별자치도 서귀포시 대정읍 삼통로 34-1,제주특별자치도 서귀포시 대정읍 영락리 891-1,33.2572671246,126.2135086238,전봇대 아래,대정119안전센터,Y,1991,2.0,서부소방서,064-795-0130,2024-02-07,1661000,소방청
하모32호,1,제주특별자치도,서귀포시,50130,제주특별자치도 서귀포시 대정읍 하모중앙로 6,제주특별자치도 서귀포시 대정읍 하모리 1450,33.2277263019,126.2522992338,대정휴먼시아 102동 도로변,대정119안전센터,Y,2011,3.0,서부소방서,064-795-0130,2024-02-07,1661000,소방청
하모31호,1,제주특별자치도,서귀포시,50130,제주특별자치도 서귀포시 대정읍 하모항구로 36,제주특별자치도 서귀포시 대정읍 하모리 770-28,33.2172470845,126.2497778603,동부수산 앞,대정119안전센터,Y,2010,3.0,서부소방서,064-795-0130,2024-02-07,1661000,소방청
하모30호,1,제주특별자치도,서귀포시,50130,제주특별자치도 서귀포시 대정읍 신영로 36번길 46,제주특별자치도 서귀포시 대정읍 하모리 1089-45,33.21913511,126.2477567898,하모 해녀탈의장 앞,대정119안전센터,Y,2010,3.0,서부소방서,064-795-0130,2024-02-07,1661000,소방청
하모29호,1,제주특별자치도,서귀포시,50130,제주특별자치도 서귀포시 대정읍 최남단해안로 30번길 17-5,제주특별자치도 서귀포시 대정읍 하모리 2129-5,33.2176008817,126.2508259385,행복한빌 맞은편,대정119안전센터,Y,2002,3.0,서부소방서,064-795-0130,2024-02-07,1661000,소방청
하모28호,1,제주특별자치도,서귀포시,50130,제주특별자치도 서귀포시 대정읍 최남단해안로 51,제주특별자치도 서귀포시 대정읍 하모리 2136-4,33.2159838852,126.2527533057,명궁식당 앞,대정119안전센터,Y,2002,3.5,서부소방서,064-795-0130,2024-02-07,1661000,소방청
하모27호,1,제주특별자치도,서귀포시,50130,제주특별자치도 서귀포시 대정읍 최남단해안로 44,제주특별자치도 서귀포시 대정읍 하모리 2133-5,33.21666611,126.2521122472,코자호텔 앞,대정119안전센터,Y,2018,3.5,서부소방서,064-795-0130,2024-02-07,1661000,소방청
하모26호,1,제주특별자치도,서귀포시,50130,제주특별자치도 서귀포시 대정읍 최남단해안로 3,제주특별자치도 서귀포시 대정읍 하모리 2148,33.2178721968,126.2522831,어전횟집 맞은편,대정119안전센터,Y,2002,3.5,서부소방서,064-795-0130,2024-02-07,1661000,소방청
하모25호,1,제주특별자치도,서귀포시,50130,제주특별자치도 서귀포시 대정읍 최남단해안로 22,제주특별자치도 서귀포시 대정읍 하모리 2126-4,33.21852411,126.2519436354,바빈스 커피 앞,대정119안전센터,Y,2002,3.5,서부소방서,064-795-0130,2024-02-07,1661000,소방청
하모24호,1,제주특별자치도,서귀포시,50130,제주특별자치도 서귀포시 대정읍 최남단해안로 13,제주특별자치도 서귀포시 대정읍 하모리 2143-3,33.21951811,126.2523902036,홍마트 앞,대정119안전센터,Y,2002,4.0,서부소방서,064-795-0130,2024-02-07,1661000,소방청
하모23호,1,제주특별자치도,서귀포시,50130,제주특별자치도 서귀포시 대정읍 신영로 59,제주특별자치도 서귀포시 대정읍 하모리 1070-11,33.2209084839,126.2493650514,오일시장 입구,대정119안전센터,Y,2004,3.0,서부소방서,064-795-0130,2024-02-07,1661000,소방청
하모22호,1,제주특별자치도,서귀포시,50130,제주특별자치도 서귀포시 대정읍 최남단해안로 125번길 82,제주특별자치도 서귀포시 대정읍 하모리 435-10,33.2187168139,126.2583513056,이정표 아래,대정119안전센터,Y,2004,3.0,서부소방서,064-795-0130,2024-02-07,1661000,소방청
하모21호,1,제주특별자치도,서귀포시,50130,제주특별자치도 서귀포시 대정읍 하모항구로 70,제주특별자치도 서귀포시 대정읍 하모리 770-2,33.2196479995,126.2513955707,카페 맨도롱 앞,대정119안전센터,Y,2018,2.0,서부소방서,064-795-0130,2024-02-07,1661000,소방청
하모20호,1,제주특별자치도,서귀포시,50130,제주특별자치도 서귀포시 대정읍 하모중앙로 83,제주특별자치도 서귀포시 대정읍 하모리 937,33.22069111,126.2520222728,수협 남측,대정119안전센터,Y,2016,3.0,서부소방서,064-795-0130,2024-02-07,1661000,소방청
하모19호,1,제주특별자치도,서귀포시,50130,제주특별자치도 서귀포시 대정읍 신영로 73,제주특별자치도 서귀포시 대정읍 하모리 1048-4,33.2208842951,126.2507069888,교촌치킨 앞,대정119안전센터,Y,1996,3.5,서부소방서,064-795-0130,2024-02-07,1661000,소방청
하모18호,1,제주특별자치도,서귀포시,50130,제주특별자치도 서귀포시 대정읍 하모이삼로 21,제주특별자치도 서귀포시 대정읍 하모리 987-1,33.2235347406,126.2499391668,사거리 코너,대정119안전센터,Y,2001,3.0,서부소방서,064-795-0130,2024-02-07,1661000,소방청
하모17호,1,제주특별자치도,서귀포시,50130,제주특별자치도 서귀포시 대정읍 하모이삼로 15번길 10,제주특별자치도 서귀포시 대정읍 하모리 2121,33.2198820137,126.2509237412,,대정119안전센터,Y,1970,2.5,서부소방서,064-795-0130,2024-02-07,1661000,소방청
하모16호,1,제주특별자치도,서귀포시,50130,제주특별자치도 서귀포시 대정읍 신영로 37번길 1,제주특별자치도 서귀포시 대정읍 하모리 1168-1,33.22264411,126.2481211,산방주유소 맞은편,대정119안전센터,Y,1999,3.0,서부소방서,064-795-0130,2024-02-07,1661000,소방청
하모15호,1,제주특별자치도,서귀포시,50130,제주특별자치도 서귀포시 대정읍 하모상가로 3-1,제주특별자치도 서귀포시 대정읍 하모리 2121,33.22151511,126.2492785582,하모3리복지회관 서측,대정119안전센터,Y,1993,3.5,서부소방서,064-795-0130,2024-02-07,1661000,소방청
하모14호,1,제주특별자치도,서귀포시,50130,제주특별자치도 서귀포시 대정읍 하모중앙로 74,제주특별자치도 서귀포시 대정읍 하모리 948-3,33.2216902027,126.2518981188,써니 단란주전 입구 앞,대정119안전센터,Y,1993,3.0,서부소방서,064-795-0130,2024-02-07,1661000,소방청
하모13호,1,제주특별자치도,서귀포시,50130,제주특별자치도 서귀포시 대정읍 하모중앙로 38번길 2,제주특별자치도 서귀포시 대정읍 하모리 1418-9,33.224890593,126.2521567634,버스종점 남측,대정119안전센터,Y,1994,3.5,서부소방서,064-795-0130,2024-02-07,1661000,소방청
하모12호,1,제주특별자치도,서귀포시,50130,제주특별자치도 서귀포시 대정읍 동일하모로 179,제주특별자치도 서귀포시 대정읍 하모리 2121-33,33.2261485436,126.2504072176,전복마을 앞,대정119안전센터,Y,1990,2.5,서부소방서,064-795-0130,2024-02-07,1661000,소방청
하모11호,1,제주특별자치도,서귀포시,50130,제주특별자치도 서귀포시 대정읍 신영로 102,제주특별자치도 서귀포시 대정읍 하모리 846-3,33.22103861,126.2538245232,대흥장모텔 앞,대정119안전센터,Y,1993,3.5,서부소방서,064-795-0130,2024-02-07,1661000,소방청
하모10호,1,제주특별자치도,서귀포시,50130,제주특별자치도 서귀포시 대정읍 상모로 323-1,제주특별자치도 서귀포시 대정읍 하모리 820-19,33.2221580112,126.2548253,매일시장 입구,대정119안전센터,Y,1999,3.5,서부소방서,064-795-0130,2024-02-07,1661000,소방청
하모9호,1,제주특별자치도,서귀포시,50130,제주특별자치도 서귀포시 대정읍 상모로 327,제주특별자치도 서귀포시 대정읍 하모리 824-2,33.2220669097,126.2545138335,하모리 신협지소 앞,대정119안전센터,Y,1989,3.0,서부소방서,064-795-0130,2024-02-07,1661000,소방청
하모8호,1,제주특별자치도,서귀포시,50130,제주특별자치도 서귀포시 대정읍 하모상가로 40-2,제주특별자치도 서귀포시 대정읍 하모리 919-2,33.2214882929,126.2532248,대정꽃집 앞,대정119안전센터,Y,1994,4.5,서부소방서,064-795-0130,2024-02-07,1661000,소방청
하모7호,1,제주특별자치도,서귀포시,50130,제주특별자치도 서귀포시 대정읍 하모중앙로 51,제주특별자치도 서귀포시 대정읍 하모리 794-2,33.2236583755,126.2524447646,블랙스톤 유흥주점 앞,대정119안전센터,Y,1992,3.0,서부소방서,064-795-0130,2024-02-07,1661000,소방청
하모6호,1,제주특별자치도,서귀포시,50130,제주특별자치도 서귀포시 대정읍 동일하모로 203,제주특별자치도 서귀포시 대정읍 하모리 1416-4,33.226148817,126.2528657724,이화가든 앞,대정119안전센터,Y,1994,4.5,서부소방서,064-795-0130,2024-02-07,1661000,소방청
하모5호,1,제주특별자치도,서귀포시,50130,제주특별자치도 서귀포시 대정읍 동일하모로 223-1,제주특별자치도 서귀포시 대정읍 하모리 1569-3,33.2259347809,126.2552962,기아오토큐 앞,대정119안전센터,Y,2019,1.2,서부소방서,064-795-0130,2024-02-07,1661000,소방청
하모4호,1,제주특별자치도,서귀포시,50130,제주특별자치도 서귀포시 대정읍 신영로 132,제주특별자치도 서귀포시 대정읍 하모리 2121,33.2235170386,126.255171668,정마트 서측,대정119안전센터,Y,1970,1.8,서부소방서,064-795-0130,2024-02-07,1661000,소방청
하모3호,1,제주특별자치도,서귀포시,50130,제주특별자치도 서귀포시 대정읍 최남단해안로 125번길 5,제주특별자치도 서귀포시 대정읍 하모리 645-9,33.21182111,126.2570857404,레오빌리츠 앞,대정119안전센터,Y,1998,3.5,서부소방서,064-795-0130,2024-02-07,1661000,소방청
하모2호,1,제주특별자치도,서귀포시,50130,제주특별자치도 서귀포시 대정읍 하모백사로 41,제주특별자치도 서귀포시 대정읍 하모리 544-2,33.2150468523,126.2590731464,하모1리 노인회관 앞,대정119안전센터,N,2016,3.0,서부소방서,064-795-0130,2024-02-07,1661000,소방청
하모1호,1,제주특별자치도,서귀포시,50130,제주특별자치도 서귀포시 대정읍 최남단해안로 15번길 40,제주특별자치도 서귀포시 대정읍 하모리 2121,33.2197347763,126.2553991625,대정중학교 옆,대정119안전센터,Y,1970,3.5,서부소방서,064-795-0130,2024-02-07,1661000,소방청
상모16호,1,제주특별자치도,서귀포시,50130,제주특별자치도 서귀포시 대정읍 상모리 2773-5,제주특별자치도 서귀포시 대정읍 상모리 2773-5,33.2209475014,126.2671769562,상모리다목적회관입구 삼거리,대정119안전센터,Y,2019,2.0,서부소방서,064-795-0130,2024-02-07,1661000,소방청
상모15호,1,제주특별자치도,서귀포시,50130,제주특별자치도 서귀포시 대정읍 상모대서로20번길 61,제주특별자치도 서귀포시 대정읍 상모리 4165,33.2255294607,126.2615879275,다인빌 앞,대정119안전센터,Y,2018,3.0,서부소방서,064-795-0130,2024-02-07,1661000,소방청
상모14호,1,제주특별자치도,서귀포시,50130,제주특별자치도 서귀포시 대정읍 송악관광로 399,제주특별자치도 서귀포시 대정읍 상모리 141,33.2089350439,126.2892261073,산이수동다목적회관 앞,대정119안전센터,Y,2014,5.0,서부소방서,064-795-0130,2024-02-07,1661000,소방청
상모13호,1,제주특별자치도,서귀포시,50130,제주특별자치도 서귀포시 대정읍 영서중로 12,제주특별자치도 서귀포시 대정읍 하모리 828-3,33.2210618297,126.2550322129,신축건물 맞은편,대정119안전센터,Y,1994,3.0,서부소방서,064-795-0130,2024-02-07,1661000,소방청
상모12호,1,제주특별자치도,서귀포시,50130,제주특별자치도 서귀포시 대정읍 영서중로 49,제주특별자치도 서귀포시 대정읍 상모리 4034-1,33.2217042756,126.2589824,전봇대 옆,대정119안전센터,Y,1998,3.5,서부소방서,064-795-0130,2024-02-07,1661000,소방청
상모11호,1,제주특별자치도,서귀포시,50130,제주특별자치도 서귀포시 대정읍 상모로279번길 16,제주특별자치도 서귀포시 대정읍 상모리 4041,33.22183711,126.2596079655,자이온 우측,대정119안전센터,Y,2005,3.0,서부소방서,064-795-0130,2024-02-07,1661000,소방청
상모10호,1,제주특별자치도,서귀포시,50130,제주특별자치도 서귀포시 대정읍 상모로279번길 5,제주특별자치도 서귀포시 대정읍 상모리 4054-1,33.2228900311,126.2594114497,,대정119안전센터,Y,2005,3.0,서부소방서,064-795-0130,2024-02-07,1661000,소방청
상모9호,1,제주특별자치도,서귀포시,50130,제주특별자치도 서귀포시 대정읍 상모로 289,제주특별자치도 서귀포시 대정읍 상모리 3975-2,33.2229461351,126.2581593224,불타는명태조림 앞,대정119안전센터,Y,1970,3.0,서부소방서,064-795-0130,2024-02-07,1661000,소방청
상모8호,1,제주특별자치도,서귀포시,50130,제주특별자치도 서귀포시 대정읍 상모대서로 68,제주특별자치도 서귀포시 대정읍 상모리 3731-2,33.2282752897,126.2606406459,삼원공업사 입구,대정119안전센터,Y,1995,4.5,서부소방서,064-795-0130,2024-02-07,1661000,소방청
상모7호,1,제주특별자치도,서귀포시,50130,제주특별자치도 서귀포시 대정읍 상모대서로20번길 11,제주특별자치도 서귀포시 대정읍 상모리 3895-1,33.2251303004,126.2577822649,서상동 경로회관입구,대정119안전센터,Y,1970,3.5,서부소방서,064-795-0130,2024-02-07,1661000,소방청
상모6호,1,제주특별자치도,서귀포시,50130,제주특별자치도 서귀포시 대정읍 상모대서로20번길 27,제주특별자치도 서귀포시 대정읍 상모리 3760-1,33.2253680109,126.2592723503,상모2리 복지회관북측 120M,대정119안전센터,Y,1996,3.5,서부소방서,064-795-0130,2024-02-07,1661000,소방청
상모5호,1,제주특별자치도,서귀포시,50130,제주특별자치도 서귀포시 대정읍 상모로274번길 2,제주특별자치도 서귀포시 대정읍 상모리 3790,33.2235515876,126.2600376,두영쌀상회 앞,대정119안전센터,Y,2000,2.5,서부소방서,064-795-0130,2024-02-07,1661000,소방청
상모4호,1,제주특별자치도,서귀포시,50130,제주특별자치도 서귀포시 대정읍 상모리 3164-4,제주특별자치도 서귀포시 대정읍 상모리 3164-4,33.2245490636,126.2628921589,원강어린이집입구 사거리,대정119안전센터,Y,1994,3.5,서부소방서,064-795-0130,2024-02-07,1661000,소방청
상모3호,1,제주특별자치도,서귀포시,50130,제주특별자치도 서귀포시 대정읍 상모이교로 39번길 3,제주특별자치도 서귀포시 대정읍 상모리 2538-12,33.2275744027,126.2691441505,상모1리 사무소 북측70M,대정119안전센터,Y,1974,3.5,서부소방서,064-795-0130,2024-02-07,1661000,소방청
상모2호,1,제주특별자치도,서귀포시,50130,제주특별자치도 서귀포시 대정읍 상모로 191번길6,제주특별자치도 서귀포시 대정읍 상모리 2669-4,33.2249499828,126.2681821,행운흑돼지전문점 입구,대정119안전센터,Y,1997,3.5,서부소방서,064-795-0130,2024-02-07,1661000,소방청
상모1호,1,제주특별자치도,서귀포시,50130,제주특별자치도 서귀포시 대정읍 송악관광로411번길 18,제주특별자치도 서귀포시 대정읍 상모리 87-14,33.2100183391,126.2908141,삼거리 내,대정119안전센터,Y,1999,3.5,서부소방서,064-795-0130,2024-02-07,1661000,소방청
어음 5호,1,제주특별자치도,제주시,50110,제주특별자치도 제주시 애월읍 어음10길 2,제주특별자치도 제주시 애월읍 어음리 2925-1,33.4027344156,126.3383673705,어음2리 분교 남측 삼거리,애월119안전센터,Y,1990,1.8,서부소방서,064-799-3119,2024-02-07,1661000,소방청
어음 4호,1,제주특별자치도,제주시,50110,제주특별자치도 제주시 애월읍 어음서2길 1,제주특별자치도 제주시 애월읍 어음리 3124,33.3999159043,126.3368912879,어음2리사무소 남측 150Ｍ 지점,애월119안전센터,Y,1991,1.8,서부소방서,064-799-3119,2024-02-07,1661000,소방청
어음 3호,1,제주특별자치도,제주시,50110,제주특별자치도 제주시 애월읍 어음10길 28,제주특별자치도 제주시 애월읍 어음리 3009-4,33.40149711,126.3363311389,어음2리사무소 북서측 50Ｍ 지점,애월119안전센터,Y,1991,1.7,서부소방서,064-799-3119,2024-02-07,1661000,소방청
어음 2호,1,제주특별자치도,제주시,50110,제주특별자치도 제주시 애월읍 어음10길 14,제주특별자치도 제주시 애월읍 어음리 2982-1,33.4025035644,126.3371092987,어음10길 14 앞,애월119안전센터,Y,1990,1.8,서부소방서,064-799-3119,2024-02-07,1661000,소방청
어음 1호,1,제주특별자치도,제주시,50110,제주특별자치도 제주시 애월읍 어림비로 184,제주특별자치도 제주시 애월읍 어음리 3642-1,33.4169865742,126.3304593716,어음1리사무소 옆,애월119안전센터,Y,1991,1.8,서부소방서,064-799-3119,2024-02-07,1661000,소방청
봉성 5호,1,제주특별자치도,제주시,50110,제주특별자치도 제주시 애월읍 봉성로 90,제주특별자치도 제주시 애월읍 봉성리 3285,33.42087511,126.3127406338,어도초등학교 북측 30m,애월119안전센터,Y,2017,3.3,서부소방서,064-799-3119,2024-02-07,1661000,소방청
봉성 4호,1,제주특별자치도,제주시,50110,제주특별자치도 제주시 애월읍 녹근로 69,제주특별자치도 제주시 애월읍 봉성리 3033-1,33.4134291422,126.3164526461,봉성리 3033-1,애월119안전센터,Y,2017,2.0,서부소방서,064-799-3119,2024-02-07,1661000,소방청
봉성 3호,1,제주특별자치도,제주시,50110,제주특별자치도 제주시 애월읍 곽봉로 255,제주특별자치도 제주시 애월읍 봉성리 3385-2,33.4259023391,126.3134171,봉성리 3385-2(3거리 돌담 앞),애월119안전센터,Y,2013,2.9,서부소방서,064-799-3119,2024-02-07,1661000,소방청
봉성 2호,1,제주특별자치도,제주시,50110,제주특별자치도 제주시 애월읍 녹근로 47,제주특별자치도 제주시 애월읍 봉성리 3009,33.4144056292,126.3149113975,,애월119안전센터,Y,2000,3.0,서부소방서,064-799-3119,2024-02-07,1661000,소방청
봉성 1호,1,제주특별자치도,제주시,50110,제주특별자치도 제주시 애월읍 봉성로 66,제주특별자치도 제주시 애월읍 봉성리 4124-1,33.41869028,126.3126169664,봉성리 봉성식당 앞,애월119안전센터,Y,2013,1.8,서부소방서,064-799-3119,2024-02-07,1661000,소방청
금성 2호,1,제주특별자치도,제주시,50110,제주특별자치도 제주시 애월읍 금성3길 6,제주특별자치도 제주시 애월읍 금성리 448-1,33.4452314117,126.3018023959,,애월119안전센터,Y,1992,1.8,서부소방서,064-799-3119,2024-02-07,1661000,소방청
금성 1호,1,제주특별자치도,제주시,50110,제주특별자치도 제주시 애월읍 금성상1길 4-1,제주특별자치도 제주시 애월읍 금성리 370-1,33.4413330385,126.3011933272,금성리사무소 남측 삼거리,애월119안전센터,Y,1991,1.8,서부소방서,064-799-3119,2024-02-07,1661000,소방청
곽지 5호,1,제주특별자치도,제주시,50110,제주특별자치도 제주시 애월읍 곽지7길 1,제주특별자치도 제주시 애월읍 곽지리 1635,33.4500523794,126.3083998117,곽지리 대동약국 앞,애월119안전센터,Y,2018,4.4,서부소방서,064-799-3119,2024-02-07,1661000,소방청
곽지 4호,1,제주특별자치도,제주시,50110,제주특별자치도 제주시 애월읍 일주서로 5992,제주특별자치도 제주시 애월읍 곽지리 2045-1,33.4462571901,126.305905375,일주서로 5992(신협 남측),애월119안전센터,Y,1992,2.5,서부소방서,064-799-3119,2024-02-07,1661000,소방청
곽지 3호,1,제주특별자치도,제주시,50110,제주특별자치도 제주시 애월읍 천덕로 47,제주특별자치도 제주시 애월읍 곽지리 1874,33.4446928773,126.3105164612,,애월119안전센터,Y,1991,2.8,서부소방서,064-799-3119,2024-02-07,1661000,소방청
곽지 2호,1,제주특별자치도,제주시,50110,제주특별자치도 제주시 애월읍 천덕로 37,제주특별자치도 제주시 애월읍 곽지리 1885-1,33.4452520915,126.3097152303,,애월119안전센터,Y,1991,2.8,서부소방서,064-799-3119,2024-02-07,1661000,소방청
곽지 1호,1,제주특별자치도,제주시,50110,제주특별자치도 제주시 애월읍 천덕로 53,제주특별자치도 제주시 애월읍 곽지리 1839-2,33.44402411,126.3107971,,애월119안전센터,Y,1991,2.8,서부소방서,064-799-3119,2024-02-07,1661000,소방청
애월14호,1,제주특별자치도,제주시,50110,제주특별자치도 제주시 애월읍 애월항로 2,제주특별자치도 제주시 애월읍 애월리 567,33.4619245214,126.3266170133,애월읍사무소 서측 200m,애월119안전센터,Y,2017,6.5,서부소방서,064-799-3119,2024-02-07,1661000,소방청
애월13호,1,제주특별자치도,제주시,50110,제주특별자치도 제주시 애월읍 애월로19길 31,제주특별자치도 제주시 애월읍 애월리 397-3,33.4657424392,126.326835334,애월항 동측 200m,애월119안전센터,Y,2017,8.0,서부소방서,064-799-3119,2024-02-07,1661000,소방청
애월12호,1,제주특별자치도,제주시,50110,제주특별자치도 제주시 애월읍 애월로 36-4,제주특별자치도 제주시 애월읍 애월리 2449-1,33.461517499,126.3124565216,한담해변 인근 도로상,애월119안전센터,Y,2017,2.5,서부소방서,064-799-3119,2024-02-07,1661000,소방청
애월11호,1,제주특별자치도,제주시,50110,제주특별자치도 제주시 애월읍 애월로 164,제주특별자치도 제주시 애월읍 애월리 546-11,33.4634161386,126.3246084727,애월성당 앞,애월119안전센터,Y,2017,3.3,서부소방서,064-799-3119,2024-02-07,1661000,소방청
애월10호,1,제주특별자치도,제주시,50110,제주특별자치도 제주시 애월읍 애월항로 27,제주특별자치도 제주시 애월읍 애월리 400-5,33.4649098952,126.3261346034,,애월119안전센터,Y,2010,2.8,서부소방서,064-799-3119,2024-02-07,1661000,소방청
애월8호,1,제주특별자치도,제주시,50110,제주특별자치도 제주시 애월읍 애월로 60,제주특별자치도 제주시 애월읍 애월리 2150-9,33.4634015913,126.3140771,,애월119안전센터,Y,1991,1.5,서부소방서,064-799-3119,2024-02-07,1661000,소방청
애월7호,1,제주특별자치도,제주시,50110,제주특별자치도 제주시 애월읍 애월로6길 12,제주특별자치도 제주시 애월읍 애월리 2078-1,33.46384111,126.3177393619,,애월119안전센터,Y,1992,1.8,서부소방서,064-799-3119,2024-02-07,1661000,소방청
애월 5호,1,제주특별자치도,제주시,50110,제주특별자치도 제주시 애월읍 애월로 8길 14,제주특별자치도 제주시 애월읍 애월리 1514-2,33.46344811,126.3190691,,애월119안전센터,Y,2016,2.0,서부소방서,064-799-3119,2024-02-07,1661000,소방청
애월 4호,1,제주특별자치도,제주시,50110,제주특별자치도 제주시 애월읍 애월로10길 8,제주특별자치도 제주시 애월읍 애월리 1598-1,33.4632300091,126.3196049886,,애월119안전센터,Y,2017,4.0,서부소방서,064-799-3119,2024-02-07,1661000,소방청
애월 3호,1,제주특별자치도,제주시,50110,제주특별자치도 제주시 애월읍 애월남안길 13,제주특별자치도 제주시 애월읍 애월리 1499-3,33.46279911,126.3180768517,,애월119안전센터,Y,2018,1.8,서부소방서,064-799-3119,2024-02-07,1661000,소방청
애월 2호,1,제주특별자치도,제주시,50110,제주특별자치도 제주시 애월읍 애월로 96,제주특별자치도 제주시 애월읍 애월리 2070-2,33.464588343,126.3176841,구.애월농협 서측,애월119안전센터,Y,1992,3.5,서부소방서,064-799-3119,2024-02-07,1661000,소방청
애월 1호,1,제주특별자치도,제주시,50110,제주특별자치도 제주시 애월읍 애월로 79,제주특별자치도 제주시 애월읍 애월리 2021-4,33.464606465,126.3157241978,내고향주유소 서측,애월119안전센터,Y,1991,2.1,서부소방서,064-799-3119,2024-02-07,1661000,소방청
고내 4호,1,제주특별자치도,제주시,50110,제주특별자치도 제주시 애월읍 일주서로 6513,제주특별자치도 제주시 애월읍 고내리 215,33.46664411,126.3487610474,애월119센터 내,애월119안전센터,Y,2007,2.0,서부소방서,064-799-3119,2024-02-07,1661000,소방청
고내 3호,1,제주특별자치도,제주시,50110,제주특별자치도 제주시 애월읍 고내로 15,제주특별자치도 제주시 애월읍 고내리 1039-1,33.4633617079,126.3390311,삼거리 고내 재활용도움센터 옆,애월119안전센터,Y,1997,4.0,서부소방서,064-799-3119,2024-02-07,1661000,소방청
고내 2호,1,제주특별자치도,제주시,50110,제주특별자치도 제주시 애월읍 일주서로 6372,제주특별자치도 제주시 애월읍 애월리 8-1,33.462197553,126.334728886,애월고 버스정류소 옆,애월119안전센터,Y,1997,2.0,서부소방서,064-799-3119,2024-02-07,1661000,소방청
고내 1호,1,제주특별자치도,제주시,50110,제주특별자치도 제주시 애월읍 고내로9길 26,제주특별자치도 제주시 애월읍 고내리 1073-1,33.4656346355,126.3379691,고내리 사무소 북측,애월119안전센터,Y,2010,2.0,서부소방서,064-799-3119,2024-02-07,1661000,소방청
납읍 4호,1,제주특별자치도,제주시,50110,제주특별자치도 제주시 애월읍 애납로 152,제주특별자치도 제주시 애월읍 납읍리 2270-2,33.4403765744,126.3273845693,납읍 하람교회 맞은편,애월119안전센터,Y,2017,3.5,서부소방서,064-799-3119,2024-02-07,1661000,소방청
납읍 3호,1,제주특별자치도,제주시,50110,제주특별자치도 제주시 애월읍 납읍로 72-1,제주특별자치도 제주시 애월읍 납읍리 973-1,33.4377968638,126.3355361,과수원 앞 도로,애월119안전센터,Y,2016,3.5,서부소방서,064-799-3119,2024-02-07,1661000,소방청
납읍 2호,1,제주특별자치도,제주시,50110,제주특별자치도 제주시 애월읍 납읍로2길 3,제주특별자치도 제주시 애월읍 납읍리 1605-1,33.4382907293,126.3311650093,납읍리 노인회관 북측 옆,애월119안전센터,Y,1995,4.0,서부소방서,064-799-3119,2024-02-07,1661000,소방청
납읍 1호,1,제주특별자치도,제주시,50110,제주특별자치도 제주시 애월읍 중산간서로 5493,제주특별자치도 제주시 애월읍 납읍리 2199-2,33.4378907694,126.3277273287,납읍사거리,애월119안전센터,Y,1991,1.6,서부소방서,064-799-3119,2024-02-07,1661000,소방청
하가 2호,1,제주특별자치도,제주시,50110,제주특별자치도 제주시 애월읍 하가로 141-16,제주특별자치도 제주시 애월읍 하가리 869,33.45635111,126.3510841,하가리사무소 동측 잦동네말방아 앞,애월119안전센터,Y,2004,3.0,서부소방서,064-799-3119,2024-02-07,1661000,소방청
하가 1호,1,제주특별자치도,제주시,50110,제주특별자치도 제주시 애월읍 하가로 143,제주특별자치도 제주시 애월읍 하가리 1439-2,33.45694911,126.3498796069,하가리사무소 앞,애월119안전센터,Y,2004,2.5,서부소방서,064-799-3119,2024-02-07,1661000,소방청
상가 4호,1,제주특별자치도,제주시,50110,제주특별자치도 제주시 애월읍 애원로 564,제주특별자치도 제주시 애월읍 애월읍 상가리 2145,33.4262641949,126.356829476,애원로 교차로에서 평화로 방면 600미터 지점,애월119안전센터,Y,2019,2.5,서부소방서,064-799-3119,2024-02-07,1661000,소방청
상가 3호,1,제주특별자치도,제주시,50110,제주특별자치도 제주시 애월읍 하가로 220,제주특별자치도 제주시 애월읍 하가리 1601,33.4530666813,126.3440765867,상가 애월농협유통센터 앞,애월119안전센터,Y,2011,3.9,서부소방서,064-799-3119,2024-02-07,1661000,소방청
상가 2호,1,제주특별자치도,제주시,50110,제주특별자치도 제주시 애월읍 고하상로 160,제주특별자치도 제주시 애월읍 상가리 1133,33.4526013311,126.3503019415,상가리 마을 표지석 앞 동측 사거리,애월119안전센터,Y,2016,1.8,서부소방서,064-799-3119,2024-02-07,1661000,소방청
상가 1호,1,제주특별자치도,제주시,50110,제주특별자치도 제주시 애월읍 상가중길 23,제주특별자치도 제주시 애월읍 상가리 1196-1,33.4496894892,126.345368753,상가리 마을회관 입구,애월119안전센터,Y,2021,1.8,서부소방서,064-799-3119,2024-02-07,1661000,소방청
용흥 1호,1,제주특별자치도,제주시,50110,제주특별자치도 제주시 애월읍 신용로 142,제주특별자치도 제주시 애월읍 신엄리 1818-1,33.4589586064,126.3692976095,용흥리 경로당 앞,애월119안전센터,Y,1991,1.8,서부소방서,064-799-3119,2024-02-07,1661000,소방청
신엄 6호,1,제주특별자치도,제주시,50110,제주특별자치도 제주시 애월읍 용흥3길 3-1,제주특별자치도 제주시 애월읍 신엄리 1613-11,33.46288312,126.3689411071,신엄리 1613-11,애월119안전센터,Y,2017,6.0,서부소방서,064-799-3119,2024-02-07,1661000,소방청
신엄 5호,1,제주특별자치도,제주시,50110,제주특별자치도 제주시 애월읍 신용로 25,제주특별자치도 제주시 애월읍 신엄리 1403-5,33.4687900118,126.3667232332,신엄리 1403-5,애월119안전센터,Y,2017,4.0,서부소방서,064-799-3119,2024-02-07,1661000,소방청
신엄 4호,1,제주특별자치도,제주시,50110,제주특별자치도 제주시 애월읍 애월해안로564-1,제주특별자치도 제주시 애월읍 신엄리 2723,33.4779352547,126.3638886068,애월해안로564-1(신엄리2723),애월119안전센터,Y,2018,6.5,서부소방서,064-799-3119,2024-02-07,1661000,소방청
신엄 3호,1,제주특별자치도,제주시,50110,제주특별자치도 제주시 애월읍 신엄9길 44,제주특별자치도 제주시 애월읍 신엄리 1097,33.4751244376,126.3666815653,당거리동네 말방아,애월119안전센터,Y,2004,2.0,서부소방서,064-799-3119,2024-02-07,1661000,소방청
신엄 2호,1,제주특별자치도,제주시,50110,제주특별자치도 제주시 애월읍 신엄9길 24,제주특별자치도 제주시 애월읍 신엄리 1063,33.4739742594,126.3674536559,신엄리 사무소 앞,애월119안전센터,Y,1996,3.2,서부소방서,064-799-3119,2024-02-07,1661000,소방청
신엄 1호,1,제주특별자치도,제주시,50110,제주특별자치도 제주시 애월읍 신엄8길 11,제주특별자치도 제주시 애월읍 신엄리 1315-1,33.470334569,126.3679692541,신엄리 경림산업 앞,애월119안전센터,Y,1991,2.0,서부소방서,064-799-3119,2024-02-07,1661000,소방청
중엄 1호,1,제주특별자치도,제주시,50110,제주특별자치도 제주시 애월읍 일주서로 6755,제주특별자치도 제주시 애월읍 신엄리 757-4,33.4737416059,126.3734091205,중엄리 에이스세탁 앞,애월119안전센터,Y,2008,1.5,서부소방서,064-799-3119,2024-02-07,1661000,소방청
구엄 1호,1,제주특별자치도,제주시,50110,제주특별자치도 제주시 애월읍 구엄길 59,제주특별자치도 제주시 애월읍 구엄리 1136-6,33.4796503832,126.3763325927,구엄리 리사무소 북측,애월119안전센터,Y,2010,2.8,서부소방서,064-799-3119,2024-02-07,1661000,소방청
수산 2호,1,제주특별자치도,제주시,50110,제주특별자치도 제주시 애월읍 예원로 97,제주특별자치도 제주시 애월읍 상귀리 1570-2,33.46088711,126.3979261,예원동 복지회관사거리,애월119안전센터,Y,2017,1.8,서부소방서,064-799-3119,2024-02-07,1661000,소방청
수산 1호,1,제주특별자치도,제주시,50110,제주특별자치도 제주시 애월읍 하소로 157,제주특별자치도 제주시 애월읍 수산리 463-1,33.467585099,126.3935456633,수산리 사무소 앞,애월119안전센터,Y,2017,5.8,서부소방서,064-799-3119,2024-02-07,1661000,소방청
유수암 4호,1,제주특별자치도,제주시,50110,제주특별자치도 제주시 애월읍 산록서로 383,제주특별자치도 제주시 애월읍 유수암리 1176,33.4051774883,126.4072548978,산록도로 장전목장 표지석 뒤,애월119안전센터,Y,2015,1.3,서부소방서,064-799-3119,2024-02-07,1661000,소방청
유수암 3호,1,제주특별자치도,제주시,50110,제주특별자치도 제주시 애월읍 하소로 595,제주특별자치도 제주시 애월읍 유수암리 2503-1,33.4305502477,126.3973782548,유수암리 거문덕이 입구,애월119안전센터,Y,2008,5.0,서부소방서,064-799-3119,2024-02-07,1661000,소방청
유수암 2호,1,제주특별자치도,제주시,50110,제주특별자치도 제주시 애월읍 유수암평화5길 15-3,제주특별자치도 제주시 애월읍 유수암리 1042-10,33.4232495923,126.4059694526,개척단지 새마을 창고 남측,애월119안전센터,Y,1999,3.0,서부소방서,064-799-3119,2024-02-07,1661000,소방청
유수암 1호,1,제주특별자치도,제주시,50110,제주특별자치도 제주시 애월읍 유수암로 22,제주특별자치도 제주시 애월읍 유수암리 1771-1,33.4408158993,126.4020370533,유수암리 사무소 서측 도로변,애월119안전센터,Y,2021,4.5,서부소방서,064-799-3119,2024-02-07,1661000,소방청
소길 3호,1,제주특별자치도,제주시,50110,제주특별자치도 제주시 애월읍 장소로 529-1,제주특별자치도 제주시 애월읍 소길리 155-124,33.406989525,126.3862092745,한길중 남측 소길교차로,애월119안전센터,Y,2011,2.0,서부소방서,064-799-3119,2024-02-07,1661000,소방청
소길 2호,1,제주특별자치도,제주시,50110,제주특별자치도 제주시 애월읍 평화로 1976,제주특별자치도 제주시 애월읍 상가리 8-1,33.4003254757,126.3797767912,원동교차로 제주시방향 입구,애월119안전센터,Y,1993,3.0,서부소방서,064-799-3119,2024-02-07,1661000,소방청
소길 1호,1,제주특별자치도,제주시,50110,제주특별자치도 제주시 애월읍 소길1길 15,제주특별자치도 제주시 애월읍 소길리 650-1,33.4400690547,126.3798679546,녹생논촌체험관 맞은편,애월119안전센터,Y,1991,1.8,서부소방서,064-799-3119,2024-02-07,1661000,소방청
장전 3호,1,제주특별자치도,제주시,50110,제주특별자치도 제주시 애월읍 장전로 63,제주특별자치도 제주시 애월읍 장전리 1178-1,33.4520382572,126.3848888299,,애월119안전센터,Y,2015,2.0,서부소방서,064-799-3119,2024-02-07,1661000,소방청
장전 2호,1,제주특별자치도,제주시,50110,제주특별자치도 제주시 애월읍 장전로 125,제주특별자치도 제주시 애월읍 장전리 385-5,33.4504009033,126.3911211,장전리 장전초등학교 앞,애월119안전센터,Y,2011,2.0,서부소방서,064-799-3119,2024-02-07,1661000,소방청
장전 1호,1,제주특별자치도,제주시,50110,제주특별자치도 제주시 애월읍 장전로 173,제주특별자치도 제주시 애월읍 장전리 240-7,33.4527070803,126.3950454279,장전리감귤선과장 동측 도로,애월119안전센터,Y,1995,2.0,서부소방서,064-799-3119,2024-02-07,1661000,소방청
하귀 24호,1,제주특별자치도,제주시,50110,제주특별자치도 제주시 애월읍 일주서로 6951,제주특별자치도 제주시 애월읍 하귀2리 2947-7,33.4793562298,126.3934153485,하우투플레이 옆,애월119안전센터,Y,2023,4.0,서부소방서,064-799-3119,2024-02-07,1661000,소방청
하귀 23호,1,제주특별자치도,제주시,50110,제주특별자치도 제주시 애월읍 하귀로 43,제주특별자치도 제주시 애월읍 하귀2리 1750-3,33.4804108329,126.4018965216,하귀초 맞은편,애월119안전센터,Y,1991,1.8,서부소방서,064-799-3119,2024-02-07,1661000,소방청
하귀 22호,1,제주특별자치도,제주시,50110,제주특별자치도 제주시 애월읍 하귀로23길 46,제주특별자치도 제주시 애월읍 하귀2리 2084,33.4761099758,126.4030537774,하귀로23길 46 별밭어린이집앞,애월119안전센터,Y,2018,4.0,서부소방서,064-799-3119,2024-02-07,1661000,소방청
하귀 21호,1,제주특별자치도,제주시,50110,제주특별자치도 제주시 애월읍 하귀로 23길 90,제주특별자치도 제주시 애월읍 상귀리 1523-5,33.4723722566,126.4032780004,애조로 상 하귀2리 입구,애월119안전센터,Y,2017,5.0,서부소방서,064-799-3119,2024-02-07,1661000,소방청
하귀 20호,1,제주특별자치도,제주시,50110,제주특별자치도 제주시 애월읍 가문동길 35,제주특별자치도 제주시 애월읍 하귀2리 2701-2,33.485543571,126.3923151942,가문동 해녀의집 앞,애월119안전센터,Y,2011,1.3,서부소방서,064-799-3119,2024-02-07,1661000,소방청
하귀 19호,1,제주특별자치도,제주시,50110,제주특별자치도 제주시 애월읍 항몽로 61,제주특별자치도 제주시 애월읍 하귀2리 1331-5,33.478689147,126.4075440204,귀일중 남측 천하숫불갈비 앞,애월119안전센터,Y,2010,3.8,서부소방서,064-799-3119,2024-02-07,1661000,소방청
하귀 18호,1,제주특별자치도,제주시,50110,제주특별자치도 제주시 애월읍 하귀9길 71,제주특별자치도 제주시 애월읍 하귀1리 166-1,33.4812037882,126.4151986804,휴먼시아아파트 서측 20m,애월119안전센터,Y,2009,2.9,서부소방서,064-799-3119,2024-02-07,1661000,소방청
하귀 17호,1,제주특별자치도,제주시,50110,제주특별자치도 제주시 애월읍 하귀9길 45,제주특별자치도 제주시 애월읍 하귀1리 167,33.4837392371,126.4165955374,휴먼시아아파트 사거리 동측 50m,애월119안전센터,Y,2009,2.9,서부소방서,064-799-3119,2024-02-07,1661000,소방청
하귀 16호,1,제주특별자치도,제주시,50110,제주특별자치도 제주시 애월읍 하귀9길 31-1,제주특별자치도 제주시 애월읍 하귀1리 156-7,33.4842577439,126.416500498,하귀휴먼시아 동측 20m,애월119안전센터,Y,2009,2.9,서부소방서,064-799-3119,2024-02-07,1661000,소방청
하귀 15호,1,제주특별자치도,제주시,50110,제주특별자치도 제주시 애월읍 하귀11길 32,제주특별자치도 제주시 애월읍 하귀1리 201-6,33.4833550247,126.4136141,하귀 새솔어린이집 앞,애월119안전센터,Y,2009,2.9,서부소방서,064-799-3119,2024-02-07,1661000,소방청
하귀 14호,1,제주특별자치도,제주시,50110,제주특별자치도 제주시 애월읍 하귀동남3길 66-16,제주특별자치도 제주시 애월읍 하귀1리 150-14,33.4851708768,126.4178050015,휴먼시아아파트 동측 150Ｍ,애월119안전센터,Y,2009,4.0,서부소방서,064-799-3119,2024-02-07,1661000,소방청
하귀 13호,1,제주특별자치도,제주시,50110,제주특별자치도 제주시 애월읍 하귀동남3길 65,제주특별자치도 제주시 애월읍 하귀1리 145-7,33.48609111,126.4186580423,하귀동남3길 65,애월119안전센터,Y,2009,4.0,서부소방서,064-799-3119,2024-02-07,1661000,소방청
하귀 12호,1,제주특별자치도,제주시,50110,제주특별자치도 제주시 애월읍 하귀동남1길 68,제주특별자치도 제주시 애월읍 하귀1리 573,33.48671711,126.4181774117,제주한빛교회 동남측 30m,애월119안전센터,Y,2009,4.0,서부소방서,064-799-3119,2024-02-07,1661000,소방청
하귀 11호,1,제주특별자치도,제주시,50110,제주특별자치도 제주시 애월읍 하귀9길 8,제주특별자치도 제주시 애월읍 하귀1리 562,33.4836871754,126.4161607674,애월국민체육센터 동측 200m,애월119안전센터,Y,2009,4.0,서부소방서,064-799-3119,2024-02-07,1661000,소방청
하귀 10호,1,제주특별자치도,제주시,50110,제주특별자치도 제주시 애월읍 하귀11길11,제주특별자치도 제주시 애월읍 하귀1리 582,33.48492511,126.4129718155,농협하나로마트 동남측 사거리,애월119안전센터,Y,2009,4.0,서부소방서,064-799-3119,2024-02-07,1661000,소방청
하귀 9호,1,제주특별자치도,제주시,50110,제주특별자치도 제주시 애월읍 하귀미수동길 70,제주특별자치도 제주시 애월읍 하귀2리 1681-2,33.4822952878,126.4030094165,하귀2리 옥휴게실 북측200m,애월119안전센터,Y,2001,3.2,서부소방서,064-799-3119,2024-02-07,1661000,소방청
하귀 8호,1,제주특별자치도,제주시,50110,제주특별자치도 제주시 애월읍 하귀로 70,제주특별자치도 제주시 애월읍 하귀2리 3016,33.481110137,126.4044683013,하귀2리 새마을금고 앞,애월119안전센터,Y,2005,4.5,서부소방서,064-799-3119,2024-02-07,1661000,소방청
하귀 7호,1,제주특별자치도,제주시,50110,제주특별자치도 제주시 애월읍 하귀로 21,제주특별자치도 제주시 애월읍 하귀2리 3017,33.4801211605,126.3995115294,하귀2리 귀일주유소 앞,애월119안전센터,Y,2004,2.5,서부소방서,064-799-3119,2024-02-07,1661000,소방청
하귀 6호,1,제주특별자치도,제주시,50110,제주특별자치도 제주시 애월읍 학원동길 26,제주특별자치도 제주시 애월읍 하귀2리 2119-1,33.4729904112,126.3986951,하귀2리 학원동 팽나무앞,애월119안전센터,Y,1995,2.0,서부소방서,064-799-3119,2024-02-07,1661000,소방청
하귀 5호,1,제주특별자치도,제주시,50110,제주특별자치도 제주시 애월읍 하귀로 23길 62,제주특별자치도 제주시 애월읍 하귀2리 2072-9,33.47499311,126.4033874461,하귀2리 답동삼거리,애월119안전센터,Y,1991,2.0,서부소방서,064-799-3119,2024-02-07,1661000,소방청
하귀 4호,1,제주특별자치도,제주시,50110,제주특별자치도 제주시 애월읍 일주서로7219,제주특별자치도 제주시 애월읍 하귀1리 266-6,33.4892554204,126.4191531,그마니네식당 앞,애월119안전센터,Y,1992,3.5,서부소방서,064-799-3119,2024-02-07,1661000,소방청
하귀 3호,1,제주특별자치도,제주시,50110,제주특별자치도 제주시 애월읍 하광로 53,제주특별자치도 제주시 애월읍 하귀1리 163-3,33.4818283979,126.4148907515,휴먼시아아파트 사거리,애월119안전센터,Y,2005,2.8,서부소방서,064-799-3119,2024-02-07,1661000,소방청
하귀 2호,1,제주특별자치도,제주시,50110,제주특별자치도 제주시 애월읍 하귀로 94,제주특별자치도 제주시 애월읍 하귀1리 1376-3,33.4824270237,126.406616842,하귀1리 안남동 입구,애월119안전센터,Y,1993,2.5,서부소방서,064-799-3119,2024-02-07,1661000,소방청
하귀 1호,1,제주특별자치도,제주시,50110,제주특별자치도 제주시 애월읍 하귀10길 5,제주특별자치도 제주시 애월읍 하귀1리 529-2,33.485953016,126.4100671008,하귀1리 사무소앞,애월119안전센터,Y,1991,4.5,서부소방서,064-799-3119,2024-02-07,1661000,소방청
고성 2호,1,제주특별자치도,제주시,50110,제주특별자치도 제주시 애월읍 고성남길 21,제주특별자치도 제주시 애월읍 고성리 133-12,33.4350160645,126.4259520729,고성2리 마을회관 화단,애월119안전센터,Y,2005,6.0,서부소방서,064-799-3119,2024-02-07,1661000,소방청
고성 1호,1,제주특별자치도,제주시,50110,제주특별자치도 제주시 애월읍 광성로 51,제주특별자치도 제주시 애월읍 고성리 1245-1,33.4580859682,126.4130351,고성리 농협창고 앞,애월119안전센터,Y,1991,5.5,서부소방서,064-799-3119,2024-02-07,1661000,소방청
상귀 5호,1,제주특별자치도,제주시,50110,제주특별자치도 제주시 애월읍 하귀로23길 90,제주특별자치도 제주시 애월읍 상귀리 438-3,33.4723722566,126.4032780004,한국석유판매원 맞은편,애월119안전센터,Y,2018,3.5,서부소방서,064-799-3119,2024-02-07,1661000,소방청
상귀 4호,1,제주특별자치도,제주시,50110,제주특별자치도 제주시 애월읍 상귀동길 26-3,제주특별자치도 제주시 애월읍 상귀리 259-1,33.47412985,126.4109190311,상귀교차로에서 상귀교 방면,애월119안전센터,Y,2018,3.8,서부소방서,064-799-3119,2024-02-07,1661000,소방청
상귀 3호,1,제주특별자치도,제주시,50110,제주특별자치도 제주시 애월읍 상귀동길 26-3,제주특별자치도 제주시 애월읍 상귀리 258-4,33.47412985,126.4109190311,상귀교차로에서 상귀교 방면,애월119안전센터,Y,2018,5.5,서부소방서,064-799-3119,2024-02-07,1661000,소방청
상귀 2호,1,제주특별자치도,제주시,50110,제주특별자치도 제주시 애월읍 상귀서길 3,제주특별자치도 제주시 애월읍 상귀리 1576,33.4718499566,126.4041194087,한국석유판매원 앞 화단,애월119안전센터,Y,2017,5.0,서부소방서,064-799-3119,2024-02-07,1661000,소방청
상귀 1호,1,제주특별자치도,제주시,50110,제주특별자치도 제주시 애월읍 항몽로 133,제주특별자치도 제주시 애월읍 상귀리 559-1,33.4725833435,126.4092498437,고성휴먼시아 입구 북측 50m,애월119안전센터,Y,2021,5.5,서부소방서,064-799-3119,2024-02-07,1661000,소방청
광령 7호,1,제주특별자치도,제주시,50110,제주특별자치도 제주시 애월읍 중산간서로 6609-6,제주특별자치도 제주시 애월읍 광령리 2088-5,33.4641431732,126.4355021258,광령5길 34 맞은편,애월119안전센터,Y,2013,5.5,서부소방서,064-799-3119,2024-02-07,1661000,소방청
광령 6호,1,제주특별자치도,제주시,50110,제주특별자치도 제주시 애월읍 광령8길 32,제주특별자치도 제주시 애월읍 광령리 4227,33.45827411,126.4393903985,인켈전기통신 옆,애월119안전센터,Y,2012,1.8,서부소방서,064-799-3119,2024-02-07,1661000,소방청
광령 5호,1,제주특별자치도,제주시,50110,제주특별자치도 제주시 애월읍 평화로 2835,제주특별자치도 제주시 애월읍 광령리 106-2,33.4566048337,126.4414073453,사진놀이터 들어가는 길목 앞,애월119안전센터,Y,2012,1.8,서부소방서,064-799-3119,2024-02-07,1661000,소방청
광령 4호,1,제주특별자치도,제주시,50110,제주특별자치도 제주시 애월읍 하광로 295,제주특별자치도 제주시 애월읍 광령리 3853-4,33.4629758794,126.4238992715,광령3리사무소 남측 100m,애월119안전센터,Y,1991,1.8,서부소방서,064-799-3119,2024-02-07,1661000,소방청
광령 3호,1,제주특별자치도,제주시,50110,제주특별자치도 제주시 애월읍 하광로 540-66,제주특별자치도 제주시 애월읍 광령리 2670-1,33.44118711,126.4288012782,평화로 스타하우스 맞은편,애월119안전센터,Y,2007,3.0,서부소방서,064-799-3119,2024-02-07,1661000,소방청
광령 2호,1,제주특별자치도,제주시,50110,제주특별자치도 제주시 애월읍 하광로 467,제주특별자치도 제주시 애월읍 광령리 3068-5,33.4495957035,126.4293197547,광령2리 복지회관 앞,애월119안전센터,Y,1991,2.0,서부소방서,064-799-3119,2024-02-07,1661000,소방청
광령 1호,1,제주특별자치도,제주시,50110,제주특별자치도 제주시 애월읍 광성로 284-2,제주특별자치도 제주시 애월읍 광령리 1232-4,33.46049111,126.4374541783,광성로 280 앞,애월119안전센터,Y,2002,4.0,서부소방서,064-799-3119,2024-02-07,1661000,소방청
비양-2,1,제주특별자치도,제주시,50110,제주특별자치도 제주시 한림읍 비양도길 36,제주특별자치도 제주시 한림읍 협재리 2971,33.4051313322,126.227689329,비양도길 36 앞,한림119안전센터,Y,2020,4.3,서부소방서,064-795-0182,2024-02-07,1661000,소방청
비양-1,1,제주특별자치도,제주시,50110,제주특별자치도 제주시 한림읍 비양도길 23,제주특별자치도 제주시 한림읍 협재리 3006,33.4051414842,126.2290462628,비양리 사무실 앞,한림119안전센터,Y,2020,4.5,서부소방서,064-795-0182,2024-02-07,1661000,소방청
금능-7,1,제주특별자치도,제주시,50110,제주특별자치도 제주시 한림읍 금능농공갈 21-7,제주특별자치도 제주시 한림읍 금능리 485-1,33.3629270212,126.247401547,금능농공단지 입구 교차로,한림119안전센터,Y,2018,3.8,서부소방서,064-795-0182,2024-02-07,1661000,소방청
금능-6,1,제주특별자치도,제주시,50110,제주특별자치도 제주시 한림읍 한림로 155,제주특별자치도 제주시 한림읍 금능리 1773-2,33.3860308053,126.2244292631,제갈양 식당 서측 5m,한림119안전센터,Y,2014,3.8,서부소방서,064-795-0182,2024-02-07,1661000,소방청
금능-5,1,제주특별자치도,제주시,50110,제주특별자치도 제주시 한림읍 한림로 228,제주특별자치도 제주시 한림읍 금능리 2072-1,33.3869150599,126.2320080443,(구)일성콘도 서측 50m지점,한림119안전센터,Y,2011,2.5,서부소방서,064-795-0182,2024-02-07,1661000,소방청
금능-4,1,제주특별자치도,제주시,50110,제주특별자치도 제주시 한림읍 금능길 36,제주특별자치도 제주시 한림읍 금능리 1270-3,33.3874243984,126.2270897589,금능리사무소 A 도로상,한림119안전센터,Y,1994,2.4,서부소방서,064-795-0182,2024-02-07,1661000,소방청
금능-3,1,제주특별자치도,제주시,50110,제주특별자치도 제주시 한림읍 금능농공길 48-18,제주특별자치도 제주시 한림읍 금능리 407-25,33.3603475788,126.2417411766,금능농공단지내 동흥I천입구,한림119안전센터,Y,1994,3.2,서부소방서,064-795-0182,2024-02-07,1661000,소방청
금능-2,1,제주특별자치도,제주시,50110,제주특별자치도 제주시 한림읍 금능농공길 62-8,제주특별자치도 제주시 한림읍 금능리 407-10,33.3591214492,126.24217555,금능농공단지내 (주)새록 맞은편,한림119안전센터,Y,1994,1.9,서부소방서,064-795-0182,2024-02-07,1661000,소방청
금능-1,1,제주특별자치도,제주시,50110,제주특별자치도 제주시 한림읍 금능농공길 62-8,제주특별자치도 제주시 한림읍 금능리 407-18,33.3591214492,126.24217555,금능농공단지내 동흥한턴서측 50m,한림119안전센터,Y,1994,1.9,서부소방서,064-795-0182,2024-02-07,1661000,소방청
금악-13,1,제주특별자치도,제주시,50110,,제주특별자치도 제주시 한림읍 금악리 718-3,33.3753525739,126.3115646871,금악2교차로,한림119안전센터,Y,2023,1.8,서부소방서,064-795-0182,2024-02-07,1661000,소방청
금악-12,1,제주특별자치도,제주시,50110,,제주특별자치도 제주시 한림읍 금악리 299-3,33.3668911985,126.3217864083,태농목장 북측 200m,한림119안전센터,Y,2018,1.8,서부소방서,064-795-0182,2024-02-07,1661000,소방청
금악-11,1,제주특별자치도,제주시,50110,,제주특별자치도 제주시 한림읍 금악리 38,33.3554226738,126.3310102734,명보농장 남측 200m,한림119안전센터,Y,2018,3.9,서부소방서,064-795-0182,2024-02-07,1661000,소방청
금악-10,1,제주특별자치도,제주시,50110,제주특별자치도 제주시 한림읍 산록남로 53,제주특별자치도 제주시 한림읍 금악리111-1,33.345371282,126.3214099902,성이시돌요양원 버스정류장 인근 도로,한림119안전센터,Y,2017,2.7,서부소방서,064-795-0182,2024-02-07,1661000,소방청
금악-9,1,제주특별자치도,제주시,50110,제주특별자치도 제주시 한림읍 용금로 1195,제주특별자치도 제주시 한림읍 금악리 1858-5,33.35633111,126.2942816699,금악로터리에서 저지방면,한림119안전센터,Y,2015,2.5,서부소방서,064-795-0182,2024-02-07,1661000,소방청
금악-8,1,제주특별자치도,제주시,50110,제주특별자치도 제주시 한림읍 금악남1길 40,제주특별자치도 제주시 한림읍 금악리 2032-1,33.3599357432,126.2983133661,금악성산순복음교회 사거리,한림119안전센터,Y,2015,3.8,서부소방서,064-795-0182,2024-02-07,1661000,소방청
금악-7,1,제주특별자치도,제주시,50110,제주특별자치도 제주시 한림읍 금악북로 253,제주특별자치도 제주시 한림읍 금악리596-2,33.3541466025,126.3167475037,이호동물병원 옆,한림119안전센터,Y,2015,7.0,서부소방서,064-795-0182,2024-02-07,1661000,소방청
금악-6,1,제주특별자치도,제주시,50110,제주특별자치도 제주시 한림읍 금악북로 199,제주특별자치도 제주시 한림읍 금악리1162-2,33.35759111,126.3116818971,홍도야지 삼거리에서 바닷가방면,한림119안전센터,Y,2015,7.0,서부소방서,064-795-0182,2024-02-07,1661000,소방청
금악-5,1,제주특별자치도,제주시,50110,,제주특별자치도 제주시 한림읍 금악리1168-1,33.3601967899,126.3086920915,금악 성산순복음교회 입구,한림119안전센터,Y,2016,2.6,서부소방서,064-795-0182,2024-02-07,1661000,소방청
금악-4,1,제주특별자치도,제주시,50110,제주특별자치도 제주시 한림읍 산록남로 53,제주특별자치도 제주시 한림읍 금악리405,33.345371282,126.3214099902,금악리 별드르양돈단지 삼거리,한림119안전센터,Y,2006,2.3,서부소방서,064-795-0182,2024-02-07,1661000,소방청
금악-3,1,제주특별자치도,제주시,50110,제주특별자치도 제주시 한림읍 금악북로63,제주특별자치도 제주시 한림읍 금악리 2241-2,33.36221611,126.2994523804,금악리자양가든 입구 사거리,한림119안전센터,Y,2004,2.7,서부소방서,064-795-0182,2024-02-07,1661000,소방청
금악-2,1,제주특별자치도,제주시,50110,제주특별자치도 제주시 한림읍 금악북로239,제주특별자치도 제주시 금악리 1181-22,33.3551709646,126.3150391281,금악리 제일양돈단지입구 삼거리,한림119안전센터,Y,2000,2.7,서부소방서,064-795-0182,2024-02-07,1661000,소방청
금악-1,1,제주특별자치도,제주시,50110,제주특별자치도 제주시 한림읍 금악로 1,제주특별자치도 제주시 한림읍 금악리 2110-2,33.3577456262,126.2956302762,금악리사무소 북측 연못 앞,한림119안전센터,Y,1989,8.5,서부소방서,064-795-0182,2024-02-07,1661000,소방청
협재-4,1,제주특별자치도,제주시,50110,제주특별자치도 제주시 한림읍 협재로 227,제주특별자치도 제주시 한림읍 협재리 888-5,33.3783764105,126.2519136364,베니키아리조트 한라산방면,한림119안전센터,Y,2018,8.1,서부소방서,064-795-0182,2024-02-07,1661000,소방청
협재-3,1,제주특별자치도,제주시,50110,제주특별자치도 제주시 한림읍 금능남로 127,제주특별자치도 제주시 한림읍 협재리 산 150-9,33.3796761985,126.2396078315,라온프라이빗CC 입구 좌측,한림119안전센터,Y,2018,3.5,서부소방서,064-795-0182,2024-02-07,1661000,소방청
협재-2,1,제주특별자치도,제주시,50110,제주특별자치도 제주시 한림읍 협재로 33,제주특별자치도 제주시 한림읍 협재리 1992-2,33.39538211,126.2469651517,해바라기 펜션 앞,한림119안전센터,N,2018,3.4,서부소방서,064-795-0182,2024-02-07,1661000,소방청
협재-1,1,제주특별자치도,제주시,50110,제주특별자치도 제주시 한림읍 한림로 401,제주특별자치도 제주시 한림읍 협재리 1468-1,33.3978464039,126.2449724934,협재우체국 맞은편 공영주차장 앞,한림119안전센터,Y,1995,3.1,서부소방서,064-795-0182,2024-02-07,1661000,소방청
월림-2,1,제주특별자치도,제주시,50110,,제주특별자치도 제주시 한림읍 월림리115-3,33.33907211,126.2705275945,갤러리노리에서 금악방면 우측 도로상,한림119안전센터,Y,2018,2.5,서부소방서,064-795-0182,2024-02-07,1661000,소방청
월림-1,1,제주특별자치도,제주시,50110,제주특별자치도 제주시 한림읍 중산간서로 3876,제주특별자치도 제주시 한림읍 월림리 2358,33.3497732143,126.2567851781,월림 노인회관 앞,한림119안전센터,Y,1990,2.3,서부소방서,064-795-0182,2024-02-07,1661000,소방청
월령-1,1,제주특별자치도,제주시,50110,제주특별자치도 제주시 한림읍 일주서로 4727,제주특별자치도 제주시 한림읍 월령리 227-3,33.37510911,126.2161894391,,한림119안전센터,Y,1986,1.9,서부소방서,064-795-0182,2024-02-07,1661000,소방청
옹포-4,1,제주특별자치도,제주시,50110,제주특별자치도 제주시 한림읍 한림로 520,제주특별자치도 제주시 한림읍 한림로 521,33.4047944373,126.2544762534,옹포리 한림고등학교 입구,한림119안전센터,Y,1995,2.3,서부소방서,064-795-0182,2024-02-07,1661000,소방청
옹포-3,1,제주특별자치도,제주시,50110,제주특별자치도 제주시 한림읍 한림로 503,제주특별자치도 제주시 한림읍 한림로 503,33.4042127388,126.2527986083,옹포리 부두 입구,한림119안전센터,Y,2016,2.3,서부소방서,064-795-0182,2024-02-07,1661000,소방청
옹포-2,1,제주특별자치도,제주시,50110,제주특별자치도 제주시 한림읍 월계로 21,제주특별자치도 제주시 한림읍 옹포리 127-10,33.403567806,126.2558094426,옹포리사무소 정문옆,한림119안전센터,N,2012,4.5,서부소방서,064-795-0182,2024-02-07,1661000,소방청
옹포-1,1,제주특별자치도,제주시,50110,제주특별자치도 제주시 한림읍 한림로 545,제주특별자치도 제주시 한림읍 옹포리 393-9,33.4063427111,126.2562901594,삼다육가공센터 맞은편 도로,한림119안전센터,Y,2016,2.1,서부소방서,064-795-0182,2024-02-07,1661000,소방청
상명-5,1,제주특별자치도,제주시,50110,제주특별자치도 제주시 한림읍 상명북 1길 13,제주특별자치도 제주시 한림읍 상명리 1767,33.3630756776,126.268300351,명월리에서 상명리사무소 가는 방향,한림119안전센터,Y,2016,1.9,서부소방서,064-795-0182,2024-02-07,1661000,소방청
상명-4,1,제주특별자치도,제주시,50110,제주특별자치도 제주시 한림읍 명상로 148-3,제주특별자치도 제주시 한림읍 상명리 773-5,33.3676185464,126.2729660443,SM축산 입구 삼거리,한림119안전센터,Y,2015,2.3,서부소방서,064-795-0182,2024-02-07,1661000,소방청
상명-3,1,제주특별자치도,제주시,50110,제주특별자치도 제주시 한림읍 상한로 72,제주특별자치도 제주시 한림읍 상명리 849-1,33.3638243243,126.2717071,상명리동카름 버스정류장에서방면 50M 지점,한림119안전센터,Y,2015,2.5,서부소방서,064-795-0182,2024-02-07,1661000,소방청
상명-2,1,제주특별자치도,제주시,50110,제주특별자치도 제주시 한림읍 상명1길 14,제주특별자치도 제주시 한림읍 상명리 1059-1,33.35941711,126.2710189499,상명리사무소 옆,한림119안전센터,Y,1989,3.4,서부소방서,064-795-0182,2024-02-07,1661000,소방청
상명-1,1,제주특별자치도,제주시,50110,제주특별자치도 제주시 한림읍 상한로 4,제주특별자치도 제주시 한림읍 상명리 1025-3,33.357962511,126.2741152441,상명리 조성동 입구,한림119안전센터,Y,1993,2.7,서부소방서,064-795-0182,2024-02-07,1661000,소방청
상대-4,1,제주특별자치도,제주시,50110,,제주특별자치도 제주시 한림읍 상대리 2056-1,33.3912103065,126.3005906698,청진단지 입구,한림119안전센터,Y,2015,2.1,서부소방서,064-795-0182,2024-02-07,1661000,소방청
상대-3,1,제주특별자치도,제주시,50110,,제주특별자치도 제주시 한림읍 상대리 2626-3,33.40079111,126.2945954801,동방골단지 후방 입구,한림119안전센터,Y,2012,3.0,서부소방서,064-795-0182,2024-02-07,1661000,소방청
상대-2,1,제주특별자치도,제주시,50110,,제주특별자치도 제주시 한림읍 상대리3380-4,33.4018771662,126.2892212643,상대리 동방골 양돈단지 입구,한림119안전센터,Y,2012,3.5,서부소방서,064-795-0182,2024-02-07,1661000,소방청
상대-1,1,제주특별자치도,제주시,50110,제주특별자치도 제주시 한림읍 중산간서로 4960,제주특별자치도 제주시 한림읍 상대리 2720-17,33.40786911,126.2939431,상대리 리민회관 앞,한림119안전센터,Y,1999,1.9,서부소방서,064-795-0182,2024-02-07,1661000,소방청
명월-6,1,제주특별자치도,제주시,50110,제주특별자치도 제주시 한림읍 명월로 149,제주특별자치도 제주시 한림읍 명월리 979,33.3810150749,126.270433575,,한림119안전센터,Y,2015,2.3,서부소방서,064-795-0182,2024-02-07,1661000,소방청
명월-5,1,제주특별자치도,제주시,50110,제주특별자치도 제주시 한림읍 명월남길 7-5,제주특별자치도 제주시 한림읍 금악리 2847,33.3664911551,126.2863694109,벧엘선도원 입구,한림119안전센터,Y,2013,2.1,서부소방서,064-795-0182,2024-02-07,1661000,소방청
명월-4,1,제주특별자치도,제주시,50110,제주특별자치도 제주시 한림읍 명상로 52,제주특별자치도 제주시 한림읍 명월리351-2,33.3751360938,126.2799046751,명월상동 감귤선과장 앞,한림119안전센터,Y,2003,3.0,서부소방서,064-795-0182,2024-02-07,1661000,소방청
명월-3,1,제주특별자치도,제주시,50110,제주특별자치도 제주시 한림읍 명월성로 128,제주특별자치도 제주시 한림읍 명월리 2133-2,33.39761811,126.2635148974,명월리 납동네,한림119안전센터,Y,1993,1.9,서부소방서,064-795-0182,2024-02-07,1661000,소방청
명월-2,1,제주특별자치도,제주시,50110,제주특별자치도 제주시 한림읍 중산간서로 4506,제주특별자치도 제주시 한림읍 명월리 417-6,33.37393311,126.2850072969,,한림119안전센터,Y,2001,1.9,서부소방서,064-795-0182,2024-02-07,1661000,소방청
명월-1,1,제주특별자치도,제주시,50110,제주특별자치도 제주시 한림읍 명월로 62,제주특별자치도 제주시 한림읍 명월리 1752,33.3876759281,126.2659197929,명월리사무소부근,한림119안전센터,Y,1989,2.3,서부소방서,064-795-0182,2024-02-07,1661000,소방청
동명-7,1,제주특별자치도,제주시,50110,제주특별자치도 제주시 한림읍 한림중앙로150,제주특별자치도 제주시 한림읍 동명리 663,33.4025227906,126.2702783713,서부소방서 한림119센터,한림119안전센터,N,2007,3.0,서부소방서,064-795-0182,2024-02-07,1661000,소방청
동명-6,1,제주특별자치도,제주시,50110,제주특별자치도 제주시 한림읍 한림중앙로150,제주특별자치도 제주시 한림읍 동명리 663,33.4025227906,126.2702783713,서부소방서 한림119센터,한림119안전센터,Y,2007,3.0,서부소방서,064-795-0182,2024-02-07,1661000,소방청
동명-5,1,제주특별자치도,제주시,50110,제주특별자치도 제주시 한림읍 한림중앙로 78,제주특별자치도 제주시 한림읍 한림리 890-4,33.4079475989,126.2665995352,한림체육관 맞은편 도로상,한림119안전센터,Y,2007,3.0,서부소방서,064-795-0182,2024-02-07,1661000,소방청
동명-4,1,제주특별자치도,제주시,50110,제주특별자치도 제주시 한림읍 한림중앙로 53,제주특별자치도 제주시 한림읍 한림리 932-1,33.4100350249,126.2660631,(한림읍사무소 사거리),한림119안전센터,Y,2016,2.3,서부소방서,064-795-0182,2024-02-07,1661000,소방청
동명-3,1,제주특별자치도,제주시,50110,제주특별자치도 제주시 한림읍 한림중앙로 116,제주특별자치도 제주시 한림읍 동명리 1537-2,33.4050174073,126.26867206,한림중 입구 서측 200m지점,한림119안전센터,Y,1992,2.1,서부소방서,064-795-0182,2024-02-07,1661000,소방청
동명-2,1,제주특별자치도,제주시,50110,제주특별자치도 제주시 한림읍 중산간서로4631,제주특별자치도 제주시 한림읍 동명리 145-7,33.38478411,126.2835178826,(문수동회관 앞),한림119안전센터,Y,1991,2.5,서부소방서,064-795-0182,2024-02-07,1661000,소방청
동명-1,1,제주특별자치도,제주시,50110,제주특별자치도 제주시 한림읍 명월성로 49,제주특별자치도 제주시 한림읍 동명리 1969-1,33.4044554722,126.2641321995,(한림 중 입구 서측 200m지점),한림119안전센터,Y,1987,3.0,서부소방서,064-795-0182,2024-02-07,1661000,소방청
한수-2,1,제주특별자치도,제주시,50110,제주특별자치도 제주시 한림읍 한림로 732,제주특별자치도 제주시 한림읍 한림리 855-3,33.42004411,126.2642346041,한수리 한수슈퍼 앞,한림119안전센터,Y,1993,4.0,서부소방서,064-795-0182,2024-02-07,1661000,소방청
한수-1,1,제주특별자치도,제주시,50110,제주특별자치도 제주시 한림읍 한림로 752,제주특별자치도 제주시 한림읍 한수리 845-3,33.4217679531,126.2643591,한수리 정미소 동쪽 30m 인도,한림119안전센터,Y,1988,2.3,서부소방서,064-795-0182,2024-02-07,1661000,소방청
수원-2,1,제주특별자치도,제주시,50110,제주특별자치도 제주시 한림읍 수원 7길 35,제주특별자치도 제주시 한림읍 수원리 637-2,33.4278968302,126.2671629668,수원삼거리 담배슈퍼 앞,한림119안전센터,Y,2005,2.1,서부소방서,064-795-0182,2024-02-07,1661000,소방청
수원-1,1,제주특별자치도,제주시,50110,제주특별자치도 제주시 한림읍 한림로 822,제주특별자치도 제주시 한림읍 수원리 31-3,33.426093034,126.2700998133,(수원초등학교 앞 동측 도로상),한림119안전센터,N,2016,2.1,서부소방서,064-795-0182,2024-02-07,1661000,소방청
대림-7,1,제주특별자치도,제주시,50110,제주특별자치도 제주시 한림읍 대림1길7,제주특별자치도 제주시 한림읍 대림리 1820-2,33.4187642364,126.2635991,(이시돌사료공장 동남측 사거리),한림119안전센터,Y,2010,1.8,서부소방서,064-795-0182,2024-02-07,1661000,소방청
대림-6,1,제주특별자치도,제주시,50110,제주특별자치도 제주시 한림읍 한림상로 252,제주특별자치도 제주시 한림읍 대림리 1929-4,33.4206785029,126.2674521,(한진택배 우측 인도상),한림119안전센터,Y,2008,3.0,서부소방서,064-795-0182,2024-02-07,1661000,소방청
대림-5,1,제주특별자치도,제주시,50110,제주특별자치도 제주시 한림읍 한수풀로4길 10,제주특별자치도 제주시 한림읍 대림리 1698,33.4198324657,126.274503727,한림오일시장  앞 도로상,한림119안전센터,Y,2007,2.5,서부소방서,064-795-0182,2024-02-07,1661000,소방청
대림-4,1,제주특별자치도,제주시,50110,제주특별자치도 제주시 한림읍 한수풀로 19,제주특별자치도 제주시 한림읍 대림리 1811-4,33.4179755023,126.2649380453,한림천주교앞,한림119안전센터,Y,1992,3.5,서부소방서,064-795-0182,2024-02-07,1661000,소방청
대림-3,1,제주특별자치도,제주시,50110,제주특별자치도 제주시 한림읍 한수풀로 177,제주특별자치도 제주시 한림읍 대림리 766-6,33.4228329671,126.2806527659,대림리사무소 앞,한림119안전센터,Y,1999,3.5,서부소방서,064-795-0182,2024-02-07,1661000,소방청
대림-2,1,제주특별자치도,제주시,50110,제주특별자치도 제주시 한림읍 대림로 55-1,제주특별자치도 제주시 한림읍 대림리 752-5,33.421696078,126.2827412952,대림리 입전동 입구,한림119안전센터,Y,1994,4.9,서부소방서,064-795-0182,2024-02-07,1661000,소방청
대림-1,1,제주특별자치도,제주시,50110,제주특별자치도 제주시 한림읍 일주서로 5584-1,제주특별자치도 제주시 한림읍 대림리 1330,33.4255633632,126.2778211,,한림119안전센터,Y,2011,2.0,서부소방서,064-795-0182,2024-02-07,1661000,소방청
한림-26,1,제주특별자치도,제주시,50110,제주특별자치도 제주시 한림읍 한림리 1584,제주특별자치도 제주시 한림읍 한림리 1584,33.4170223595,126.2630535999,만어낚시 맞은편 인도상,한림119안전센터,Y,2018,2.1,서부소방서,064-795-0182,2024-02-07,1661000,소방청
한림-25,1,제주특별자치도,제주시,50110,제주특별자치도 제주시 한림읍 한림중앙로 47,제주특별자치도 제주시 한림읍 한림리 1584,33.4106114802,126.2656627296,한림항 7번 CCTV 앞,한림119안전센터,Y,2018,2.5,서부소방서,064-795-0182,2024-02-07,1661000,소방청
한림-24,1,제주특별자치도,제주시,50110,제주특별자치도 제주시 한림읍 한림리 1584,제주특별자치도 제주시 한림읍 한림리 1584,33.4170223595,126.2630535999,한림항 도선대합실 맞은편(바다방면),한림119안전센터,Y,2018,2.3,서부소방서,064-795-0182,2024-02-07,1661000,소방청
한림-23,1,제주특별자치도,제주시,50110,제주특별자치도 제주시 한림읍 한수1길 11,제주특별자치도 제주시 한림읍 한수리 879-31,33.4203411229,126.2630145651,한림항 10번 CCTV 앞,한림119안전센터,Y,2018,2.1,서부소방서,064-795-0182,2024-02-07,1661000,소방청
한림-22,1,제주특별자치도,제주시,50110,제주특별자치도 제주시 한림읍 한림해안로 204,제주특별자치도 제주시 한림읍 한수리 906-15,33.4202712966,126.2623550159,한수어촌계 맞은편(바다방면),한림119안전센터,Y,2018,2.3,서부소방서,064-795-0182,2024-02-07,1661000,소방청
한림-21,1,제주특별자치도,제주시,50110,제주특별자치도 제주시 한림읍 한림북동길 9,제주특별자치도 제주시 한림읍 한림북동길 9,33.41592011,126.2640711,한림 중앙상가 앞,한림119안전센터,N,2016,3.5,서부소방서,064-795-0182,2024-02-07,1661000,소방청
한림-20,1,제주특별자치도,제주시,50110,제주특별자치도 제주시 한림읍 한림로 652-1,제주특별자치도 제주시 한림읍 한림로 652-1,33.4140271892,126.2629831,한림경찰파출소 앞,한림119안전센터,Y,1996,2.7,서부소방서,064-795-0182,2024-02-07,1661000,소방청
한림-19,1,제주특별자치도,제주시,50110,제주특별자치도 제주시 한림읍 한림해안로 160,제주특별자치도 제주시 한림읍 한림해안로 160,33.4165078964,126.2634328013,한림항 중앙상가 옆,한림119안전센터,Y,2010,3.8,서부소방서,064-795-0182,2024-02-07,1661000,소방청
한림-18,1,제주특별자치도,제주시,50110,제주특별자치도 제주시 한림읍 한림해안로 79,제주특별자치도 제주시 한림읍 한림리 1377-45,33.4116649402,126.2565541,한림항 제2부두 컨테이너 야적장 입구,한림119안전센터,Y,2010,2.0,서부소방서,064-795-0182,2024-02-07,1661000,소방청
한림-17,1,제주특별자치도,제주시,50110,제주특별자치도 제주시 한림읍 한림서길 49,제주특별자치도 제주시 한림읍 한림서길 49,33.4089057841,126.2618551,한림농협주유소 옆,한림119안전센터,Y,2004,3.5,서부소방서,064-795-0182,2024-02-07,1661000,소방청
한림-16,1,제주특별자치도,제주시,50110,제주특별자치도 제주시 한림읍 장원길 87,제주특별자치도 제주시 한림읍 한림리 89-6,33.4128275489,126.2842304839,한림3리 사무소 앞,한림119안전센터,N,1991,3.5,서부소방서,064-795-0182,2024-02-07,1661000,소방청
한림-15,1,제주특별자치도,제주시,50110,제주특별자치도 제주시 한림읍 한림중앙로 19,제주특별자치도 제주시 한림읍 한림중앙로 19,33.4130078544,126.264908944,한림천금탕 앞 노상 [평화이발관],한림119안전센터,Y,1982,2.9,서부소방서,064-795-0182,2024-02-07,1661000,소방청
한림-14,1,제주특별자치도,제주시,50110,제주특별자치도 제주시 한림읍 명랑로4길 9-3,제주특별자치도 제주시 한림읍 명랑로4길 9-3,33.41382011,126.2674790315,,한림119안전센터,Y,2016,2.1,서부소방서,064-795-0182,2024-02-07,1661000,소방청
한림-13,1,제주특별자치도,제주시,50110,제주특별자치도 제주시 한림읍 한림북동길 17,제주특별자치도 제주시 한림읍 한림리 1314-28,33.41666511,126.2638474077,한림어시장 옆 노상,한림119안전센터,Y,1995,2.3,서부소방서,064-795-0182,2024-02-07,1661000,소방청
한림-12,1,제주특별자치도,제주시,50110,제주특별자치도 제주시 한림읍 사가길 8,제주특별자치도 제주시 한림읍 한림리 1346-5,33.41502311,126.2634919743,한일연합의원골목 무료주차장 앞,한림119안전센터,Y,2001,1.8,서부소방서,064-795-0182,2024-02-07,1661000,소방청
한림-11,1,제주특별자치도,제주시,50110,제주특별자치도 제주시 한림읍 한림로 624,제주특별자치도 제주시 한림읍 한림리 1385-6,33.41226211,126.2606867615,한림초등학교옆 인도 도로상,한림119안전센터,Y,2004,4.0,서부소방서,064-795-0182,2024-02-07,1661000,소방청
한림-10,1,제주특별자치도,제주시,50110,제주특별자치도 제주시 한림읍 한림로 586,제주특별자치도 제주시 한림읍 한림리 1479,33.4091206433,126.25907118,한림서방파제 입구 맞은편,한림119안전센터,Y,1994,2.7,서부소방서,064-795-0182,2024-02-07,1661000,소방청
한림-9,1,제주특별자치도,제주시,50110,제주특별자치도 제주시 한림읍 한림중앙로 2,제주특별자치도 제주시 한림읍 한림리 1216,33.41455311,126.2646078825,한림상두거리 입구 세창약국 앞,한림119안전센터,Y,1956,2.3,서부소방서,064-795-0182,2024-02-07,1661000,소방청
한림-8,1,제주특별자치도,제주시,50110,제주특별자치도 제주시 한림읍 한림해안로 145,제주특별자치도 제주시 한림읍 한림리 1328-37,33.4157440104,126.2617692066,한림항구식당 앞,한림119안전센터,Y,1992,2.9,서부소방서,064-795-0182,2024-02-07,1661000,소방청
한림-7,1,제주특별자치도,제주시,50110,제주특별자치도 제주시 한림읍 한림로 636,제주특별자치도 제주시 한림읍 한림리 1389-1,33.4125612181,126.2618282801,구 한림소방파출소 내,한림119안전센터,N,1989,3.0,서부소방서,064-795-0182,2024-02-07,1661000,소방청
한림-6,1,제주특별자치도,제주시,50110,제주특별자치도 제주시 한림읍 한성길 17,제주특별자치도 제주시 한림읍 한림리 1399-1,33.41332711,126.2635881,한산사 옆,한림119안전센터,N,2001,2.0,서부소방서,064-795-0182,2024-02-07,1661000,소방청
한림-5,1,제주특별자치도,제주시,50110,제주특별자치도 제주시 한림읍 한림로 4길 27,제주특별자치도 제주시 한림읍 한림리 1534-1,33.4105360062,126.2629242001,한림초등학교 후문 읍민관 옆,한림119안전센터,Y,2007,3.4,서부소방서,064-795-0182,2024-02-07,1661000,소방청
한림-4,1,제주특별자치도,제주시,50110,제주특별자치도 제주시 한림읍 한림로 690,제주특별자치도 제주시 한림읍 한림리 1305-8,33.4163195278,126.2651611,전봇대 앞,한림119안전센터,N,2016,2.1,서부소방서,064-795-0182,2024-02-07,1661000,소방청
한림-3,1,제주특별자치도,제주시,50110,제주특별자치도 제주시 한림읍 한림해안로 104,제주특별자치도 제주시 한림읍 한림리 1592-4,33.41266111,126.2590963263,한림항 공유수면 매립지내 서측,한림119안전센터,Y,1998,6.2,서부소방서,064-795-0182,2024-02-07,1661000,소방청
한림-2,1,제주특별자치도,제주시,50110,제주특별자치도 제주시 한림읍 한람해안로 116,제주특별자치도 제주시 한림읍 한림리 1589-5,33.41332911,126.2600207343,한림항 고유수면 매립지내 동측,한림119안전센터,Y,1998,2.8,서부소방서,064-795-0182,2024-02-07,1661000,소방청
한림-1,1,제주특별자치도,제주시,50110,제주특별자치도 제주시 한림읍 한림상로 193,제주특별자치도 제주시 한림읍 한림리 1246-3,33.4154406774,126.2688415382,한림성우스위트 입구,한림119안전센터,Y,1994,2.9,서부소방서,064-795-0182,2024-02-07,1661000,소방청
귀덕-10,1,제주특별자치도,제주시,50110,제주특별자치도 제주시 한림읍 한수풀로 337,제주특별자치도 제주시 한림읍 귀덕리 2073,33.4192372314,126.2962884315,귀덕3리 교차로 북측 40m,한림119안전센터,Y,2018,6.5,서부소방서,064-795-0182,2024-02-07,1661000,소방청
귀덕-9,1,제주특별자치도,제주시,50110,제주특별자치도 제주시 한림읍 귀덕9길 21-1,제주특별자치도 제주시 한림읍 귀덕리 3027-6,33.4420341559,126.2892421,귀덕사동 복지회관 맞은편,한림119안전센터,Y,2019,2.7,서부소방서,064-795-0182,2024-02-07,1661000,소방청
귀덕-8,1,제주특별자치도,제주시,50110,제주특별자치도 제주시 한림읍 일주서로 5761,제주특별자치도 제주시 한림읍 귀덕리 3328-1,33.4397684773,126.282212791,참조은새마을금고 본점 동측 20m,한림119안전센터,Y,2013,6.5,서부소방서,064-795-0182,2024-02-07,1661000,소방청
귀덕-7,1,제주특별자치도,제주시,50110,제주특별자치도 제주시 한림읍 귀덕14길 15,제주특별자치도 제주시 한림읍 귀덕리 1195-1,33.44242311,126.2945331,귀덕1리복지회관 앞,한림119안전센터,Y,2012,6.5,서부소방서,064-795-0182,2024-02-07,1661000,소방청
귀덕-6,1,제주특별자치도,제주시,50110,제주특별자치도 제주시 한림읍 한수풀로 337,제주특별자치도 제주시 한림읍 귀덕리 2074-1,33.4192372314,126.2962884315,귀덕3리 사무소옆 사거리,한림119안전센터,Y,2020,2.3,서부소방서,064-795-0182,2024-02-07,1661000,소방청
귀덕-5,1,제주특별자치도,제주시,50110,제주특별자치도 제주시 한림읍 일주서로 5692,제주특별자치도 제주시 한림읍 귀덕리 3765-1,33.4349580999,126.2781794866,귀덕2리 하일라콘도입구 100m지점,한림119안전센터,Y,1997,3.0,서부소방서,064-795-0182,2024-02-07,1661000,소방청
귀덕-4,1,제주특별자치도,제주시,50110,제주특별자치도 제주시 한림읍 귀덕3길29,제주특별자치도 제주시 한림읍 귀덕리 4174,33.4404418728,126.2788564203,한림읍 귀덕2리 농협창고 앞 도로상,한림119안전센터,Y,1989,2.3,서부소방서,064-795-0182,2024-02-07,1661000,소방청
귀덕-3,1,제주특별자치도,제주시,50110,제주특별자치도 제주시 한림읍 귀덕14길 116,제주특별자치도 제주시 한림읍 귀덕리 1647-1,33.4340621002,126.2957263019,귀덕리 성로동 버스정류장 옆,한림119안전센터,N,1999,2.7,서부소방서,064-795-0182,2024-02-07,1661000,소방청
귀덕-2,1,제주특별자치도,제주시,50110,제주특별자치도 제주시 한림읍 귀덕6길204-2,제주특별자치도 제주시 한림읍 귀덕리 2419-4,33.4280220309,126.2883385946,한림 에스하임 삼거리 앞,한림119안전센터,Y,1993,4.0,서부소방서,064-795-0182,2024-02-07,1661000,소방청
귀덕-1,1,제주특별자치도,제주시,50110,제주특별자치도 제주시 한림읍 귀덕14길 60,제주특별자치도 제주시 한림읍 귀덕리 1361-4,33.4387731295,126.2957207182,귀덕리 노인정 옆,한림119안전센터,N,2016,2.1,서부소방서,064-795-0182,2024-02-07,1661000,소방청
강구-1,1,제주특별자치도,제주시,50110,제주특별자치도 제주시 한림읍 강구로 92,제주특별자치도 제주시 한림읍 한림리 191-7,33.4086399433,126.2774811296,강구리 노인회관 옆 골목,한림119안전센터,Y,2012,2.3,서부소방서,064-795-0182,2024-02-07,1661000,소방청
동헬스14호,1,제주특별자치도,서귀포시,50130,,제주특별자치도 서귀포시 토평동 3001,33.2867983655,126.5596830748,인도변,효돈119안전센터,Y,2016,3.0,서귀포소방서,064-730-7182,2024-02-07,1661000,소방청
동헬스13호,1,제주특별자치도,서귀포시,50130,,제주특별자치도 서귀포시 토평동 2993,33.2833975686,126.5628528268,헬스케어타운 간판 앞,효돈119안전센터,Y,2016,6.0,서귀포소방서,064-730-7182,2024-02-07,1661000,소방청
동헬스12호,1,제주특별자치도,서귀포시,50130,,제주특별자치도 서귀포시 토평동 2987,33.2849614083,126.5651943999,인도면,효돈119안전센터,Y,2016,7.0,서귀포소방서,064-730-7182,2024-02-07,1661000,소방청
동헬스11호,1,제주특별자치도,서귀포시,50130,,제주특별자치도 서귀포시 토평동 2980,33.286094468,126.5665354286,인도변,효돈119안전센터,Y,2016,7.0,서귀포소방서,064-730-7182,2024-02-07,1661000,소방청
동헬스10호,1,제주특별자치도,서귀포시,50130,,제주특별자치도 서귀포시 토평동 3022,33.2874655057,126.5664375939,인도변,효돈119안전센터,Y,2016,5.5,서귀포소방서,064-730-7182,2024-02-07,1661000,소방청
동헬스9호,1,제주특별자치도,서귀포시,50130,,제주특별자치도 서귀포시 토평동 3008,33.28697111,126.565531766,인도변,효돈119안전센터,Y,2016,5.5,서귀포소방서,064-730-7182,2024-02-07,1661000,소방청
동헬스8호,1,제주특별자치도,서귀포시,50130,,제주특별자치도 서귀포시 토평동 2987,33.2849614083,126.5651943999,교차로 남서쪽,효돈119안전센터,Y,2016,6.5,서귀포소방서,064-730-7182,2024-02-07,1661000,소방청
동헬스7호,1,제주특별자치도,서귀포시,50130,,제주특별자치도 서귀포시 토평동 2992,33.2840085192,126.5635293967,인도변,효돈119안전센터,Y,2016,6.0,서귀포소방서,064-730-7182,2024-02-07,1661000,소방청
동헬스6호,1,제주특별자치도,서귀포시,50130,,제주특별자치도 서귀포시 토평동 산30-15,33.2854574324,126.5625329482,과속방지턱,효돈119안전센터,Y,2016,5.0,서귀포소방서,064-730-7182,2024-02-07,1661000,소방청
동헬스5호,1,제주특별자치도,서귀포시,50130,제주특별자치도 서귀포시 솔오름로105번길 24,,33.2858996134,126.5636464838,교차로 횡단보도,효돈119안전센터,Y,2016,3.5,서귀포소방서,064-730-7182,2024-02-07,1661000,소방청
동헬스4호,1,제주특별자치도,서귀포시,50130,,제주특별자치도 서귀포시 토평동 산 30-5,33.2884329503,126.56264738,교차로 남서쪽,효돈119안전센터,Y,2016,4.0,서귀포소방서,064-730-7182,2024-02-07,1661000,소방청
동헬스3호,1,제주특별자치도,서귀포시,50130,제주특별자치도 서귀포시 솔오름로 182번길,,33.29025111,126.5639221,인도변,효돈119안전센터,Y,2016,3.0,서귀포소방서,064-730-7182,2024-02-07,1661000,소방청
동헬스2호,1,제주특별자치도,서귀포시,50130,제주특별자치도 서귀포시 솔오름로 182번길,,33.29362211,126.5645631,가로수 옆,효돈119안전센터,N,2016,5.0,서귀포소방서,064-730-7182,2024-02-07,1661000,소방청
동헬스1호,1,제주특별자치도,서귀포시,50130,,제주특별자치도 서귀포시 토평동 산28-21,33.2941200237,126.5646446359,회전교차로 입구,효돈119안전센터,Y,2016,2.5,서귀포소방서,064-730-7182,2024-02-07,1661000,소방청
상효5호,1,제주특별자치도,서귀포시,50130,제주특별자치도 서귀포시 동상효로 32번길 13-2,,33.279300872,126.6108945906,동상효로 32번길 13-2 앞,효돈119안전센터,Y,2020,6.0,서귀포소방서,064-730-7182,2024-02-07,1661000,소방청
상효4호,1,제주특별자치도,서귀포시,50130,제주특별자치도 서귀포시 하신상로 229,,33.2766806592,126.6056327812,로하스특산물매장 앞,효돈119안전센터,Y,2019,5.0,서귀포소방서,064-730-7182,2024-02-07,1661000,소방청
상효3호,1,제주특별자치도,서귀포시,50130,제주특별자치도 서귀포시 상효로 94,,33.2677598315,126.5979410618,사거리 횡단보도,효돈119안전센터,Y,2014,4.0,서귀포소방서,064-730-7182,2024-02-07,1661000,소방청
상효2호,1,제주특별자치도,서귀포시,50130,제주특별자치도 서귀포시 상효로152,,33.27285011,126.5972196583,서상효마을회관 버스정류장 옆,효돈119안전센터,Y,2016,3.0,서귀포소방서,064-730-7182,2024-02-07,1661000,소방청
상효1호,1,제주특별자치도,서귀포시,50130,제주특별자치도 서귀포시 중산간동로 7513,,33.279492876,126.6075538332,농협 옆 클린하우스 앞,효돈119안전센터,Y,1989,3.5,서귀포소방서,064-730-7182,2024-02-07,1661000,소방청
법호촌5호,1,제주특별자치도,서귀포시,50130,제주특별자치도 서귀포시 돈내코로 22,,33.298447803,126.59317946,난대아열대산림연구소 입구,효돈119안전센터,Y,2022,8.0,서귀포소방서,064-730-7182,2024-02-07,1661000,소방청
법호촌4호,1,제주특별자치도,서귀포시,50130,제주특별자치도 서귀포시 돈내코로67번길 2,,33.2988071919,126.5893419733,성요셉요양원입구 삼거리,효돈119안전센터,Y,2016,4.0,서귀포소방서,064-730-7182,2024-02-07,1661000,소방청
법호촌3호,1,제주특별자치도,서귀포시,50130,제주특별자치도 서귀포시 돈내코로204,,33.302548745,126.5756268557,돈내코로204 맞은편,효돈119안전센터,N,2001,3.2,서귀포소방서,064-730-7182,2024-02-07,1661000,소방청
법호촌2호,1,제주특별자치도,서귀포시,50130,,제주특별자치도 서귀포시 상효동 1351-11,33.2876019045,126.5934529923,고도농원 버스정류장 옆,효돈119안전센터,Y,2000,2.5,서귀포소방서,064-730-7182,2024-02-07,1661000,소방청
법호촌1호,1,제주특별자치도,서귀포시,50130,제주특별자치도 서귀포시 516로462,,33.2922635747,126.5948688026,늘봄식당 앞,효돈119안전센터,N,1998,3.2,서귀포소방서,064-730-7182,2024-02-07,1661000,소방청
보목8호,1,제주특별자치도,서귀포시,50130,제주특별자치도 서귀포시 보목로 64번길 66,,33.23694711,126.5976221,구두미포구 동측,효돈119안전센터,Y,2023,4.0,서귀포소방서,064-730-7182,2024-02-07,1661000,소방청
보목7호,1,제주특별자치도,서귀포시,50130,제주특별자치도 서귀포시 보목로64번길155,,33.2426855882,126.5901317463,하수처리장입구 맞은편,효돈119안전센터,Y,2018,2.5,서귀포소방서,064-730-7182,2024-02-07,1661000,소방청
보목6호,1,제주특별자치도,서귀포시,50130,제주특별자치도 서귀포시 칠십리로532-5,,33.2428512251,126.6070931646,예지원민박입구 동측,효돈119안전센터,Y,2013,5.5,서귀포소방서,064-730-7182,2024-02-07,1661000,소방청
보목5호,1,제주특별자치도,서귀포시,50130,제주특별자치도 서귀포시 보목포로 51-1,,33.2395301008,126.6071638148,CU 편의점 옆,효돈119안전센터,N,1999,5.5,서귀포소방서,064-730-7182,2024-02-07,1661000,소방청
보목4호,1,제주특별자치도,서귀포시,50130,제주특별자치도 서귀포시 칠십리로 486,,33.2414834299,126.6024624162,보목신협 맞은편,효돈119안전센터,Y,1996,4.0,서귀포소방서,064-730-7182,2024-02-07,1661000,소방청
보목3호,1,제주특별자치도,서귀포시,50130,제주특별자치도 서귀포시 마소물로9,,33.2437626691,126.5990358691,보목초 정문 입구,효돈119안전센터,Y,1998,3.2,서귀포소방서,064-730-7182,2024-02-07,1661000,소방청
보목2호,1,제주특별자치도,서귀포시,50130,제주특별자치도 서귀포시 마소물로8번길30,,33.24537961,126.6003069074,보목초 후문 삼거리,효돈119안전센터,Y,1998,4.5,서귀포소방서,064-730-7182,2024-02-07,1661000,소방청
보목1호,1,제주특별자치도,서귀포시,50130,제주특별자치도 서귀포시 칠십리로 416,,33.24368761,126.5958087,구두미연탄구이 입구,효돈119안전센터,Y,1995,1.3,서귀포소방서,064-730-7182,2024-02-07,1661000,소방청
토평27호,1,제주특별자치도,서귀포시,50130,제주특별자치도 서귀포시 일주동로 8374,,33.25929111,126.5928908274,신효교사거리 북서측,효돈119안전센터,N,2013,8.0,서귀포소방서,064-730-7182,2024-02-07,1661000,소방청
토평26호,1,제주특별자치도,서귀포시,50130,제주특별자치도 서귀포시 토평남로48번길 15,,33.262705403,126.5920776317,선지왓숯불갈비 앞,효돈119안전센터,N,2013,6.5,서귀포소방서,064-730-7182,2024-02-07,1661000,소방청
토평25호,1,제주특별자치도,서귀포시,50130,제주특별자치도 서귀포시 검은여로 284-2,,33.26508911,126.5905143317,토평초 남측 95m지점,효돈119안전센터,N,2013,7.0,서귀포소방서,064-730-7182,2024-02-07,1661000,소방청
토평24호,1,제주특별자치도,서귀포시,50130,제주특별자치도 서귀포시 돈내코로67번길41,,33.295772453,126.5881550045,성요셉요양원입구 삼거리,효돈119안전센터,Y,2018,4.0,서귀포소방서,064-730-7182,2024-02-07,1661000,소방청
토평23호,1,제주특별자치도,서귀포시,50130,제주특별자치도 서귀포시 토평공단로78-27,,33.2895183041,126.5888282031,윈드1947입구 맞은편,효돈119안전센터,Y,2017,4.0,서귀포소방서,064-730-7182,2024-02-07,1661000,소방청
토평22호,1,제주특별자치도,서귀포시,50130,제주특별자치도 서귀포시 토평로107,,33.2755146478,126.5893615351,토평로107 맞은편,효돈119안전센터,Y,2014,4.0,서귀포소방서,064-730-7182,2024-02-07,1661000,소방청
토평21호,1,제주특별자치도,서귀포시,50130,제주특별자치도 서귀포시 토평로19번길67,,33.27456391,126.5861586613,,효돈119안전센터,Y,2012,2.5,서귀포소방서,064-730-7182,2024-02-07,1661000,소방청
토평20호,1,제주특별자치도,서귀포시,50130,제주특별자치도 서귀포시 토평로29번길 11,,33.2702375047,126.5878073726,학표비닐서귀포총판 앞,효돈119안전센터,Y,2010,2.5,서귀포소방서,064-730-7182,2024-02-07,1661000,소방청
토평19호,1,제주특별자치도,서귀포시,50130,제주특별자치도 서귀포시 중산간동로 7750,,33.2681061441,126.5878887603,약촌삼계탕 앞,효돈119안전센터,Y,2010,3.0,서귀포소방서,064-730-7182,2024-02-07,1661000,소방청
토평18호,1,제주특별자치도,서귀포시,50130,제주특별자치도 서귀포시 토평로 172,,33.2815616256,126.5887716922,평안요양원 입구,효돈119안전센터,Y,2010,3.0,서귀포소방서,064-730-7182,2024-02-07,1661000,소방청
토평17호,1,제주특별자치도,서귀포시,50130,제주특별자치도 서귀포시 516로 176,,33.2687597806,126.5857050485,토평사거리 CU 북측,효돈119안전센터,Y,2008,3.5,서귀포소방서,064-730-7182,2024-02-07,1661000,소방청
토평16호,1,제주특별자치도,서귀포시,50130,제주특별자치도 서귀포시 516로 94,,33.2619148635,126.5831094656,토평교회 입구,효돈119안전센터,Y,2007,4.2,서귀포소방서,064-730-7182,2024-02-07,1661000,소방청
토평15호,1,제주특별자치도,서귀포시,50130,제주특별자치도 서귀포시 토평공단로155번길45,,33.2921947165,126.5779691138,BGF리테일 부측,효돈119안전센터,Y,2004,5.0,서귀포소방서,064-730-7182,2024-02-07,1661000,소방청
토평14호,1,제주특별자치도,서귀포시,50130,제주특별자치도 서귀포시 토평공단로127번길47,,33.2901511311,126.5792568227,상용자동차공업사 뒤측,효돈119안전센터,Y,2004,6.0,서귀포소방서,064-730-7182,2024-02-07,1661000,소방청
토평13호,1,제주특별자치도,서귀포시,50130,제주특별자치도 서귀포시 토평공단로127번길25,,33.2914285207,126.5806610617,서귀포택시 입구,효돈119안전센터,Y,2004,7.0,서귀포소방서,064-730-7182,2024-02-07,1661000,소방청
토평12호,1,제주특별자치도,서귀포시,50130,제주특별자치도 서귀포시 토평공단로 127,,33.2928110407,126.5829829857,서귀포종합폐차장 앞,효돈119안전센터,Y,2004,8.0,서귀포소방서,064-730-7182,2024-02-07,1661000,소방청
토평11호,1,제주특별자치도,서귀포시,50130,제주특별자치도 서귀포시 토평공단로115번길48,,33.2904135086,126.5803783066,대성자원공사 앞,효돈119안전센터,Y,2004,7.0,서귀포소방서,064-730-7182,2024-02-07,1661000,소방청
토평10호,1,제주특별자치도,서귀포시,50130,제주특별자치도 서귀포시 토평공단로115번길16,,33.2916815976,126.582157508,삼우기공사 앞,효돈119안전센터,N,2004,8.0,서귀포소방서,064-730-7182,2024-02-07,1661000,소방청
토평9호,1,제주특별자치도,서귀포시,50130,제주특별자치도 서귀포시 토평공단로107번길42,,33.2895216551,126.5808159728,백산산업개발 앞,효돈119안전센터,Y,2004,6.0,서귀포소방서,064-730-7182,2024-02-07,1661000,소방청
토평8호,1,제주특별자치도,서귀포시,50130,제주특별자치도 서귀포시 토평공단로107번길 26,,33.2902523225,126.5816962432,조양제주공장 앞,효돈119안전센터,Y,2004,7.0,서귀포소방서,064-730-7182,2024-02-07,1661000,소방청
토평7호,1,제주특별자치도,서귀포시,50130,제주특별자치도 서귀포시 토평공단로107번길 1,,33.29081471,126.5838642581,한라레미콘 앞,효돈119안전센터,Y,2004,7.5,서귀포소방서,064-730-7182,2024-02-07,1661000,소방청
토평6호,1,제주특별자치도,서귀포시,50130,제주특별자치도 서귀포시 토평공단로 151,,33.2944496905,126.5809834042,흥화공업사 뒤측,효돈119안전센터,Y,2004,6.0,서귀포소방서,064-730-7182,2024-02-07,1661000,소방청
토평5호,1,제주특별자치도,서귀포시,50130,,제주특별자치도 서귀포시 토평동 825-1,33.2544639749,126.5773851883,비석거리교차고 게양대 앞,효돈119안전센터,Y,1997,1.7,서귀포소방서,064-730-7182,2024-02-07,1661000,소방청
토평4호,1,제주특별자치도,서귀포시,50130,제주특별자치도 서귀포시 일주동로 8437,,33.2573251622,126.5861190751,삼성여고 남측 버스정류장,효돈119안전센터,Y,1998,3.2,서귀포소방서,064-730-7182,2024-02-07,1661000,소방청
토평3호,1,제주특별자치도,서귀포시,50130,제주특별자치도 서귀포시 토평로50번길28,,33.26771291,126.5897615827,정든옛집식당 앞,효돈119안전센터,N,2016,5.5,서귀포소방서,064-730-7182,2024-02-07,1661000,소방청
토평2호,1,제주특별자치도,서귀포시,50130,제주특별자치도 서귀포시 토평로43,,33.2703884637,126.5890682542,서귀포시교육지원청 앞,효돈119안전센터,N,2016,3.5,서귀포소방서,064-730-7182,2024-02-07,1661000,소방청
토평1호,1,제주특별자치도,서귀포시,50130,,제주특별자치도 서귀포시 토평동 2240-1,33.26763591,126.5863153,토평사거리 동측,효돈119안전센터,Y,1980,4.0,서귀포소방서,064-730-7182,2024-02-07,1661000,소방청
효돈19호,1,제주특별자치도,서귀포시,50130,,제주특별자치도 서귀포시 하효동 1213-4,33.2490665297,126.613836407,태영수산 좌측70m,효돈119안전센터,Y,2022,6.0,서귀포소방서,064-730-7182,2024-02-07,1661000,소방청
효돈18호,1,제주특별자치도,서귀포시,50130,제주특별자치도 서귀포시 칠십리로 712,,33.25561671,126.6179008455,효돈농협유통센터 입구,효돈119안전센터,Y,2022,5.5,서귀포소방서,064-730-7182,2024-02-07,1661000,소방청
효돈17호,1,제주특별자치도,서귀포시,50130,제주특별자치도 서귀포시 일주동로 8234,,33.2607823704,126.6077418,효돈119센터 내,효돈119안전센터,Y,2004,4.0,서귀포소방서,064-730-7182,2024-02-07,1661000,소방청
효돈16호,1,제주특별자치도,서귀포시,50130,제주특별자치도 서귀포시 월라봉로 33,,33.2654102395,126.6051892005,보성윈도우 북측 삼거리,효돈119안전센터,Y,2019,4.0,서귀포소방서,064-730-7182,2024-02-07,1661000,소방청
효돈15호,1,제주특별자치도,서귀포시,50130,제주특별자치도 서귀포시 신효중앙로 37,,33.2670008725,126.6137652394,뉴헤븐다이브펜션,효돈119안전센터,Y,2016,5.0,서귀포소방서,064-730-7182,2024-02-07,1661000,소방청
효돈14호,1,제주특별자치도,서귀포시,50130,제주특별자치도 서귀포시 쇠소깍로 209,,33.2524828169,126.6171799125,해와돌바라기펜션 앞,효돈119안전센터,Y,2015,6.5,서귀포소방서,064-730-7182,2024-02-07,1661000,소방청
효돈13호,1,제주특별자치도,서귀포시,50130,제주특별자치도 서귀포시 하신상로 1,,33.2609655287,126.6171735026,하나로마트 남측인도,효돈119안전센터,Y,2015,5.0,서귀포소방서,064-730-7182,2024-02-07,1661000,소방청
효돈12호,1,제주특별자치도,서귀포시,50130,제주특별자치도 서귀포시 하신상로 169,,33.2727732014,126.6093518269,라파의집 맞은편,효돈119안전센터,Y,2011,6.0,서귀포소방서,064-730-7182,2024-02-07,1661000,소방청
효돈11호,1,제주특별자치도,서귀포시,50130,제주특별자치도 서귀포시 효돈로 175,,33.2637933459,126.6176528225,효돈공인중개사,효돈119안전센터,Y,2009,5.0,서귀포소방서,064-730-7182,2024-02-07,1661000,소방청
효돈10호,1,제주특별자치도,서귀포시,50130,제주특별자치도 서귀포시 월라봉로 1,,33.2624934791,126.605761692,영걸유통삼거리,효돈119안전센터,Y,2009,4.0,서귀포소방서,064-730-7182,2024-02-07,1661000,소방청
효돈9호,1,제주특별자치도,서귀포시,50130,제주특별자치도 서귀포시 하신상로 70,,33.26702641,126.6176224223,,효돈119안전센터,Y,2008,3.5,서귀포소방서,064-730-7182,2024-02-07,1661000,소방청
효돈8호,1,제주특별자치도,서귀포시,50130,제주특별자치도 서귀포시 효돈로 7,,33.2605607404,126.6001081,효돈주유소와 미향해장국 사이,효돈119안전센터,Y,2006,4.0,서귀포소방서,064-730-7182,2024-02-07,1661000,소방청
효돈7호,1,제주특별자치도,서귀포시,50130,제주특별자치도 서귀포시 쇠소깍로48번길 14,,33.2601282456,126.6231859224,클린하우스 앞,효돈119안전센터,Y,2005,6.5,서귀포소방서,064-730-7182,2024-02-07,1661000,소방청
효돈6호,1,제주특별자치도,서귀포시,50130,제주특별자치도 서귀포시 칠십리로 751,,33.25886611,126.6174094995,하효다목적회관입구 앞,효돈119안전센터,Y,1995,5.0,서귀포소방서,064-730-7182,2024-02-07,1661000,소방청
효돈5호,1,제주특별자치도,서귀포시,50130,제주특별자치도 서귀포시 하효중앙로 132,,33.262019462,126.6189107544,구 하효마을회관 앞,효돈119안전센터,Y,2019,3.5,서귀포소방서,064-730-7182,2024-02-07,1661000,소방청
효돈4호,1,제주특별자치도,서귀포시,50130,제주특별자치도 서귀포시 일주동로 8078,,33.2636794395,126.6230170928,효례교 서측 20m,효돈119안전센터,Y,1995,5.5,서귀포소방서,064-730-7182,2024-02-07,1661000,소방청
효돈3호,1,제주특별자치도,서귀포시,50130,제주특별자치도 서귀포시 효돈로 161,,33.2647552635,126.615858002,효돈초 동측인도,효돈119안전센터,Y,2015,2.3,서귀포소방서,064-730-7182,2024-02-07,1661000,소방청
효돈2호,1,제주특별자치도,서귀포시,50130,제주특별자치도 서귀포시 효돈로 145,,33.2639210256,126.6144146966,신효미용실 앞,효돈119안전센터,Y,2005,5.0,서귀포소방서,064-730-7182,2024-02-07,1661000,소방청
효돈1호,1,제주특별자치도,서귀포시,50130,제주특별자치도 서귀포시 효돈로 108,,33.2634892216,126.6103612275,히비안도코하쿠 앞,효돈119안전센터,Y,2017,4.5,서귀포소방서,064-730-7182,2024-02-07,1661000,소방청
색달20호,1,제주특별자치도,서귀포시,50130,제주특별자치도 서귀포시 색달로 60,,33.260704098,126.4100922875,gs25편의점 맞은편 도로,중문119안전센터,Y,2023,3.5,서귀포소방서,064-730-7182,2024-02-07,1661000,소방청
색달19호,1,제주특별자치도,서귀포시,50130,제주특별자치도 서귀포시 색달로72번길 43,,33.2572774016,126.4111388953,색달동2255-2(굿모닝하우스펜션 서측300m),중문119안전센터,Y,2017,3.2,서귀포소방서,064-730-7182,2024-02-07,1661000,소방청
색달18호,1,제주특별자치도,서귀포시,50130,제주특별자치도 서귀포시 색달로 7,,33.2594288266,126.4045456351,색달 생수다리 옆(돌하르방콘도형민박 앞)색달로 7,중문119안전센터,Y,2007,3.4,서귀포소방서,064-730-7182,2024-02-07,1661000,소방청
색달17호,1,제주특별자치도,서귀포시,50130,제주특별자치도 서귀포시 중문관광로 92,,33.26340111,126.4125641,색달중앙로 북측 방면 30m,중문119안전센터,Y,2003,3.0,서귀포소방서,064-730-7182,2024-02-07,1661000,소방청
색달16호,1,제주특별자치도,서귀포시,50130,제주특별자치도 서귀포시 색달중앙로 183,,33.27108311,126.4140229365,군남동 입구 삼거리 색달중앙로 183,중문119안전센터,Y,2001,2.5,서귀포소방서,064-730-7182,2024-02-07,1661000,소방청
색달15호,1,제주특별자치도,서귀포시,50130,제주특별자치도 서귀포시 색달로 101,,33.262157858,126.4140368896,색달동 사거리동츨 200m(자유도시민박) 색달로 101,중문119안전센터,Y,1994,3.0,서귀포소방서,064-730-7182,2024-02-07,1661000,소방청
색달14호,1,제주특별자치도,서귀포시,50130,제주특별자치도 서귀포시 색달로 83,,33.2618763371,126.4121911,색달동 삼거리(버스종점),중문119안전센터,N,2015,4.0,서귀포소방서,064-730-7182,2024-02-07,1661000,소방청
색달13호,1,제주특별자치도,서귀포시,50130,제주특별자치도 서귀포시 중문관광로72번길 75,,33.2480220364,126.4086785693,신라호텔 입구쪽,중문119안전센터,Y,2016,3.0,서귀포소방서,064-730-7182,2024-02-07,1661000,소방청
색달12호,1,제주특별자치도,서귀포시,50130,제주특별자치도 서귀포시 중문관광로72번길 100,,33.24643111,126.4061241,더쇼어호텔 입구쪽,중문119안전센터,Y,2014,3.0,서귀포소방서,064-730-7182,2024-02-07,1661000,소방청
색달11호,1,제주특별자치도,서귀포시,50130,제주특별자치도 서귀포시 중문관광로72번길 88,,33.2485841144,126.4063143952,제주마원 앞 서쪽,중문119안전센터,Y,2016,5.0,서귀포소방서,064-730-7182,2024-02-07,1661000,소방청
색달10호,1,제주특별자치도,서귀포시,50130,제주특별자치도 서귀포시 중문관광로72번길 67,,33.2490492116,126.4083473742,더스위트 호텔 서측,중문119안전센터,Y,2016,3.5,서귀포소방서,064-730-7182,2024-02-07,1661000,소방청
색달9호,1,제주특별자치도,서귀포시,50130,제주특별자치도 서귀포시 중문관광로72번길 53,,33.2498677331,126.408088293,블룸호텔 앞 삼거리,중문119안전센터,Y,2016,2.0,서귀포소방서,064-730-7182,2024-02-07,1661000,소방청
색달8호,1,제주특별자치도,서귀포시,50130,제주특별자치도 서귀포시 중문관광로72번길 35,,33.2485996126,126.4103300749,블룸호텔 우측 50m,중문119안전센터,Y,2016,2.1,서귀포소방서,064-730-7182,2024-02-07,1661000,소방청
색달7호,1,제주특별자치도,서귀포시,50130,제주특별자치도 서귀포시 중문관광로72번길 29-29,,33.2476141969,126.4125330956,"캔싱턴리조트 앞, 중문관광로72번길 29-29 북측 80m",중문119안전센터,Y,2016,3.5,서귀포소방서,064-730-7182,2024-02-07,1661000,소방청
색달6호,1,제주특별자치도,서귀포시,50130,제주특별자치도 서귀포시 중문관광로72번길 29-9,,33.2496984575,126.4115565044,신우성타운 앞 사거리 중문관광로72번길 29-9,중문119안전센터,Y,2005,1.8,서귀포소방서,064-730-7182,2024-02-07,1661000,소방청
색달5호,1,제주특별자치도,서귀포시,50130,제주특별자치도 서귀포시 중문관광로 154-17,,33.2450403542,126.4155991582,퍼시픽천마 주차장 앞 중문관광로 154-17,중문119안전센터,Y,1998,5.0,서귀포소방서,064-730-7182,2024-02-07,1661000,소방청
색달4호,1,제주특별자치도,서귀포시,50130,제주특별자치도 서귀포시 중문관광로 154-17,,33.2450403542,126.4155991582,성천교 서측 삼거리 중문관광로 154-17 동측100m,중문119안전센터,Y,2014,1.9,서귀포소방서,064-730-7182,2024-02-07,1661000,소방청
색달3호,1,제주특별자치도,서귀포시,50130,제주특별자치도 서귀포시 중문관광로110번길 15,,33.2500543348,126.4129698188,관광공사 동측 중문광광로110번길 15 동측 80m(씨사이드아덴리조트 앞),중문119안전센터,Y,2016,4.5,서귀포소방서,064-730-7182,2024-02-07,1661000,소방청
색달2호,1,제주특별자치도,서귀포시,50130,제주특별자치도 서귀포시 중문관광로 94,,33.2507401855,126.4144205403,여미지 식물원 앞 중문관광로 94,중문119안전센터,Y,2014,5.0,서귀포소방서,064-730-7182,2024-02-07,1661000,소방청
색달1호,1,제주특별자치도,서귀포시,50130,제주특별자치도 서귀포시 중문관광로110번길 32,,33.2512150144,126.4128216989,테디베어박물관 북측 삼거리 중문관광로 110번길 32,중문119안전센터,Y,2014,5.0,서귀포소방서,064-730-7182,2024-02-07,1661000,소방청
회수6호,1,제주특별자치도,서귀포시,50130,제주특별자치도 서귀포시 일주서로 669,,33.25431211,126.4382131,일주서로 669(중문119센터),중문119안전센터,Y,2021,3.5,서귀포소방서,064-730-7182,2024-02-07,1661000,소방청
회수5호,1,제주특별자치도,서귀포시,50130,제주특별자치도 서귀포시 1100로 230,,33.2670812113,126.4468197097,회수동 268 앞(동진농장 입구 가기 전),중문119안전센터,Y,2018,2.3,서귀포소방서,064-730-7182,2024-02-07,1661000,소방청
회수4호,1,제주특별자치도,서귀포시,50130,제주특별자치도 서귀포시 중산간서로 664,,33.2634367107,126.4442192696,회수 사거리 북측 30m,중문119안전센터,Y,2016,2.5,서귀포소방서,064-730-7182,2024-02-07,1661000,소방청
회수3호,1,제주특별자치도,서귀포시,50130,제주특별자치도 서귀포시 1100로 120,,33.2583718829,126.4400467599,1100로120 (제주감협센터 앞 도로상),중문119안전센터,Y,2015,2.3,서귀포소방서,064-730-7182,2024-02-07,1661000,소방청
회수2호,1,제주특별자치도,서귀포시,50130,제주특별자치도 서귀포시 1100로 199-1,,33.2650684205,126.4442898584,회수사거리 북쪽 100m 1100도로 199-1,중문119안전센터,Y,1994,5.4,서귀포소방서,064-730-7182,2024-02-07,1661000,소방청
회수1호,1,제주특별자치도,서귀포시,50130,제주특별자치도 서귀포시 1100로 178,,33.2630439108,126.4440863157,회수동 사거리(CU 편의점 옆),중문119안전센터,Y,2007,3.0,서귀포소방서,064-730-7182,2024-02-07,1661000,소방청
하원5호,1,제주특별자치도,서귀포시,50130,제주특별자치도 서귀포시 하원로 19,,33.25568511,126.4612000685,하원로 19,중문119안전센터,Y,2019,5.3,서귀포소방서,064-730-7182,2024-02-07,1661000,소방청
하원4호,1,제주특별자치도,서귀포시,50130,제주특별자치도 서귀포시 하원북로 9,,33.2639417013,126.4601178605,법화사 입구 삼거리,중문119안전센터,Y,2001,3.5,서귀포소방서,064-730-7182,2024-02-07,1661000,소방청
하원3호,1,제주특별자치도,서귀포시,50130,제주특별자치도 서귀포시 하원로19번길 39,,33.2574189667,126.458306779,하원 새마을금고 서측 사거리,중문119안전센터,Y,1998,3.0,서귀포소방서,064-730-7182,2024-02-07,1661000,소방청
하원2호,1,제주특별자치도,서귀포시,50130,제주특별자치도 서귀포시 일주서로 458,,33.2543780539,126.460067548,하원초등학교 입구사거리,중문119안전센터,Y,2002,3.5,서귀포소방서,064-730-7182,2024-02-07,1661000,소방청
하원1호,1,제주특별자치도,서귀포시,50130,제주특별자치도 서귀포시 하원로19번길 12,,33.256350579,126.4607630498,하원복지회관 북측사거리,중문119안전센터,N,2016,3.0,서귀포소방서,064-730-7182,2024-02-07,1661000,소방청
중문 25호,1,제주특별자치도,서귀포시,50130,,제주특별자치도 서귀포시 중문동 2368-3,33.2495981731,126.4242541,삼성홈스테이 앞,중문119안전센터,Y,2019,6.0,서귀포소방서,064-730-7182,2024-02-07,1661000,소방청
중문 24호,1,제주특별자치도,서귀포시,50130,,제주특별자치도 서귀포시 중문동 1303-1,33.2573880426,126.4298753739,남해오네뜨 북측 일주도로,중문119안전센터,Y,2019,5.0,서귀포소방서,064-730-7182,2024-02-07,1661000,소방청
중문 23호,1,제주특별자치도,서귀포시,50130,,제주특별자치도 서귀포시 중문동 1666-2,33.25393811,126.4266142453,신일해피트리 공사장 서측,중문119안전센터,Y,2019,6.0,서귀포소방서,064-730-7182,2024-02-07,1661000,소방청
중문 22호,1,제주특별자치도,서귀포시,50130,제주특별자치도 서귀포시 천제연로213번길 14,,33.2527645787,126.4277027771,민우아파트 입구,중문119안전센터,Y,2018,4.3,서귀포소방서,064-730-7182,2024-02-07,1661000,소방청
중문 21호,1,제주특별자치도,서귀포시,50130,제주특별자치도 서귀포시 중문관광로224,,33.2412896364,126.4244428995,컨벤션센터 입구,중문119안전센터,Y,2017,8.5,서귀포소방서,064-730-7182,2024-02-07,1661000,소방청
중문 20호,1,제주특별자치도,서귀포시,50130,제주특별자치도 서귀포시 1100로 31-7,,33.2533251051,126.4327971468,중문동주민센터 입구 맞은편(철거),중문119안전센터,N,2017,2.1,서귀포소방서,064-730-7182,2024-02-07,1661000,소방청
중문 19호,1,제주특별자치도,서귀포시,50130,제주특별자치도 서귀포시 천제연로164,,33.2520529583,126.4221135913,구)중문119센터 앞,중문119안전센터,Y,2016,4.5,서귀포소방서,064-730-7182,2024-02-07,1661000,소방청
중문 18호,1,제주특별자치도,서귀포시,50130,제주특별자치도 서귀포시 중문로81번길 36,,33.2573577406,126.4241011,하우스더부자 옆,중문119안전센터,Y,2015,2.6,서귀포소방서,064-730-7182,2024-02-07,1661000,소방청
중문 17호,1,제주특별자치도,서귀포시,50130,,제주특별자치도 서귀포시 중문동 2649-2,33.2435455369,126.4208788494,씨에스호텔 입구,중문119안전센터,Y,2013,3.0,서귀포소방서,064-730-7182,2024-02-07,1661000,소방청
중문 16호,1,제주특별자치도,서귀포시,50130,,제주특별자치도 서귀포시 중문동 1841-1,33.2554285606,126.4345967544,회수입구 사거리 남측(철거),중문119안전센터,Y,2011,6.7,서귀포소방서,064-730-7182,2024-02-07,1661000,소방청
중문 15호,1,제주특별자치도,서귀포시,50130,제주특별자치도 서귀포시 중문상로18번길23,,33.2496257453,126.42675984,광진빌 입구 맞은편,중문119안전센터,Y,2010,8.4,서귀포소방서,064-730-7182,2024-02-07,1661000,소방청
중문 14호,1,제주특별자치도,서귀포시,50130,제주특별자치도 서귀포시 중산간서로 824-5,,33.2628429659,126.4271873788,제주종합목재 입구,중문119안전센터,Y,2008,3.0,서귀포소방서,064-730-7182,2024-02-07,1661000,소방청
중문 13호,1,제주특별자치도,서귀포시,50130,제주특별자치도 서귀포시 중문관광로 224,,33.2412896364,126.4244428995,컨벤션센터 로터리 북측 200m지점,중문119안전센터,Y,2008,7.0,서귀포소방서,064-730-7182,2024-02-07,1661000,소방청
중문 12호,1,제주특별자치도,서귀포시,50130,제주특별자치도 서귀포시 천제연로 239,,33.253651616,126.4314815455,중문초등학교 교차로 북측(철거),중문119안전센터,N,2005,6.5,서귀포소방서,064-730-7182,2024-02-07,1661000,소방청
중문 11호,1,제주특별자치도,서귀포시,50130,제주특별자치도 서귀포시 천제연로 188번길 12,,33.2505828963,126.4239474966,중문오일시장 안,중문119안전센터,N,2004,3.0,서귀포소방서,064-730-7182,2024-02-07,1661000,소방청
중문 10호,1,제주특별자치도,서귀포시,50130,제주특별자치도 서귀포시 천제연로 188번길 12,,33.2505828963,126.4239474966,중문오일시장 옆,중문119안전센터,N,2004,4.0,서귀포소방서,064-730-7182,2024-02-07,1661000,소방청
중문 9호,1,제주특별자치도,서귀포시,50130,제주특별자치도 서귀포시 중문상로 96,,33.2564512185,126.4278131,주영하이빌 2차 앞,중문119안전센터,Y,2002,4.5,서귀포소방서,064-730-7182,2024-02-07,1661000,소방청
중문 8호,1,제주특별자치도,서귀포시,50130,제주특별자치도 서귀포시 중문상로 46,,33.2523888759,126.4258647554,중문안경방 맞은편,중문119안전센터,Y,2002,5.0,서귀포소방서,064-730-7182,2024-02-07,1661000,소방청
중문 7호,1,제주특별자치도,서귀포시,50130,제주특별자치도 서귀포시 중문로80,,33.25829411,126.4269645675,gs25 앞,중문119안전센터,Y,2000,2.0,서귀포소방서,064-730-7182,2024-02-07,1661000,소방청
중문 6호,1,제주특별자치도,서귀포시,50130,제주특별자치도 서귀포시 일주서로 601,,33.2522740552,126.4448390513,제주도농원 맞은편 동측,중문119안전센터,Y,2015,4.0,서귀포소방서,064-730-7182,2024-02-07,1661000,소방청
중문 5호,1,제주특별자치도,서귀포시,50130,제주특별자치도 서귀포시 천제연로213번길 36,,33.2542444059,126.4284662064,남주아파트 입구,중문119안전센터,N,1996,4.0,서귀포소방서,064-730-7182,2024-02-07,1661000,소방청
중문 4호,1,제주특별자치도,서귀포시,50130,제주특별자치도 서귀포시 중문로54,,33.2561241844,126.4257625222,어머니횟집 북측,중문119안전센터,Y,1993,4.0,서귀포소방서,064-730-7182,2024-02-07,1661000,소방청
중문 3호,1,제주특별자치도,서귀포시,50130,제주특별자치도 서귀포시 천제연로 176,,33.2516893591,126.4234010093,중문우체국 앞,중문119안전센터,Y,2004,2.5,서귀포소방서,064-730-7182,2024-02-07,1661000,소방청
중문 2호,1,제주특별자치도,서귀포시,50130,제주특별자치도 서귀포시 천제연로 202,,33.25161611,126.4261331,중문농협 앞,중문119안전센터,Y,1998,2.5,서귀포소방서,064-730-7182,2024-02-07,1661000,소방청
중문 1호,1,제주특별자치도,서귀포시,50130,제주특별자치도 서귀포시 천제연로234,,33.251269413,126.4295659557,정온장식 앞,중문119안전센터,Y,2003,2.0,서귀포소방서,064-730-7182,2024-02-07,1661000,소방청
대포 9호,1,제주특별자치도,서귀포시,50130,제주특별자치도 서귀포시 중산간서로 594번길 3,,33.2623219521,126.4516328446,통나무펜션 입구,중문119안전센터,Y,2020,3.0,서귀포소방서,064-730-7182,2024-02-07,1661000,소방청
대포 8호,1,제주특별자치도,서귀포시,50130,제주특별자치도 서귀포시 대포중앙로39,,33.24783111,126.4331506365,더바른 오피스텔 입구,중문119안전센터,Y,2019,3.7,서귀포소방서,064-730-7182,2024-02-07,1661000,소방청
대포 7호,1,제주특별자치도,서귀포시,50130,제주특별자치도 서귀포시 이어도로 49,,33.23992611,126.4288136759,아프리카 박물관 맞은편,중문119안전센터,Y,2016,3.5,서귀포소방서,064-730-7182,2024-02-07,1661000,소방청
대포 6호,1,제주특별자치도,서귀포시,50130,제주특별자치도 서귀포시 중문관광로332,,33.2496632565,126.4312971584,가람돌솥밥 남측,중문119안전센터,Y,2014,1.9,서귀포소방서,064-730-7182,2024-02-07,1661000,소방청
대포 5호,1,제주특별자치도,서귀포시,50130,제주특별자치도 서귀포시 대포동서로 147번길 18,,33.2415553236,126.4303529863,대포동마을회관 서남측 250m,중문119안전센터,N,2012,2.0,서귀포소방서,064-730-7182,2024-02-07,1661000,소방청
대포 4호,1,제주특별자치도,서귀포시,50130,제주특별자치도 서귀포시 이어도로 130,,33.2388547711,126.4365671204,gs25 맞은편,중문119안전센터,Y,2009,3.9,서귀포소방서,064-730-7182,2024-02-07,1661000,소방청
대포 3호,1,제주특별자치도,서귀포시,50130,제주특별자치도 서귀포시 천제연로 290,,33.2508669759,126.4354843539,풍림빌리지 입구,중문119안전센터,Y,1997,3.5,서귀포소방서,064-730-7182,2024-02-07,1661000,소방청
대포 2호,1,제주특별자치도,서귀포시,50130,제주특별자치도 서귀포시 대포로 60,,33.2443071114,126.4324307059,대포동 (구)노인정 앞,중문119안전센터,Y,1994,3.9,서귀포소방서,064-730-7182,2024-02-07,1661000,소방청
대포 1호,1,제주특별자치도,서귀포시,50130,제주특별자치도 서귀포시 대포로 79,,33.2428008579,126.4322132902,대포마을회관 앞,중문119안전센터,Y,1988,4.5,서귀포소방서,064-730-7182,2024-02-07,1661000,소방청
예래휴양 16호,1,제주특별자치도,서귀포시,50130,제주특별자치도 서귀포시 논짓물 12,,33.23865211,126.3885721,대황수천다리 서측 200m지점,중문119안전센터,Y,2011,1.8,서귀포소방서,064-730-7182,2024-02-07,1661000,소방청
예래휴양 15호,1,제주특별자치도,서귀포시,50130,제주특별자치도 서귀포시 예래해안로 281,,33.238262257,126.3909116458,대왕수천다리 북측,중문119안전센터,Y,2011,3.0,서귀포소방서,064-730-7182,2024-02-07,1661000,소방청
예래휴양 14호,1,제주특별자치도,서귀포시,50130,제주특별자치도 서귀포시 예래로 223-5,,33.243743769,126.3894065319,예래휴양단지공사장 서측,중문119안전센터,Y,2011,5.0,서귀포소방서,064-730-7182,2024-02-07,1661000,소방청
예래휴양 13호,1,제주특별자치도,서귀포시,50130,제주특별자치도 서귀포시 예래로 219,,33.2441790482,126.3903575054,예래휴양단지 공사장 북서측 도로,중문119안전센터,Y,2011,4.0,서귀포소방서,064-730-7182,2024-02-07,1661000,소방청
예래휴양 12호,1,제주특별자치도,서귀포시,50130,제주특별자치도 서귀포시 예래로 191-12,,33.2455405229,126.39325774,예래휴양단지공사장 북측 삼거리,중문119안전센터,Y,2011,2.0,서귀포소방서,064-730-7182,2024-02-07,1661000,소방청
예래휴양 11호,1,제주특별자치도,서귀포시,50130,제주특별자치도 서귀포시 예래로 191-13,,33.2455991392,126.3935927588,대왕수1교 남측 100m지점,중문119안전센터,Y,2011,2.5,서귀포소방서,064-730-7182,2024-02-07,1661000,소방청
예래휴양 10호,1,제주특별자치도,서귀포시,50130,제주특별자치도 서귀포시 예래로 181-3,,33.2466601173,126.3933607403,대왕수1교 남서측,중문119안전센터,Y,2011,2.0,서귀포소방서,064-730-7182,2024-02-07,1661000,소방청
예래휴양 9호,1,제주특별자치도,서귀포시,50130,제주특별자치도 서귀포시 예래로 153,,33.2488866872,126.3942521942,대왕수1교 북측 100m지점,중문119안전센터,Y,2011,1.8,서귀포소방서,064-730-7182,2024-02-07,1661000,소방청
예래휴양 8호,1,제주특별자치도,서귀포시,50130,제주특별자치도 서귀포시 예래로 141번길 8,,33.2498872723,126.3954682635,대왕수천주차장 로터리 남측 150m지점,중문119안전센터,Y,2011,3.5,서귀포소방서,064-730-7182,2024-02-07,1661000,소방청
예래휴양 7호,1,제주특별자치도,서귀포시,50130,제주특별자치도 서귀포시 예래로 83번길 46-3,,33.2507164608,126.397096097,대왕수천주차장 로터리 서측,중문119안전센터,Y,2011,3.5,서귀포소방서,064-730-7182,2024-02-07,1661000,소방청
예래휴양 6호,1,제주특별자치도,서귀포시,50130,제주특별자치도 서귀포시 예래로 141번길 11,,33.2506606032,126.395414865,오마트 동측 100m지점,중문119안전센터,Y,2011,3.5,서귀포소방서,064-730-7182,2024-02-07,1661000,소방청
예래휴양 5호,1,제주특별자치도,서귀포시,50130,제주특별자치도 서귀포시 예래로 141번길 33,,33.2503506759,126.3977851597,대왕수천주차장 입구 인근,중문119안전센터,Y,2011,3.5,서귀포소방서,064-730-7182,2024-02-07,1661000,소방청
예래휴양 4호,1,제주특별자치도,서귀포시,50130,제주특별자치도 서귀포시 예래로 83번길 32,,33.2514976516,126.3981626372,예래휴양3호 동측 100m지점,중문119안전센터,Y,2011,3.5,서귀포소방서,064-730-7182,2024-02-07,1661000,소방청
예래휴양 3호,1,제주특별자치도,서귀포시,50130,제주특별자치도 서귀포시 예래로 83번길 20,,33.2523262019,126.3980614518,대왕수천주차장 북측 200m지점,중문119안전센터,Y,2011,3.5,서귀포소방서,064-730-7182,2024-02-07,1661000,소방청
예래휴양 2호,1,제주특별자치도,서귀포시,50130,제주특별자치도 서귀포시 예래로 83번길 18,,33.2524840511,126.3980936355,대왕수천주차장 북측 300m지점,중문119안전센터,Y,2011,3.5,서귀포소방서,064-730-7182,2024-02-07,1661000,소방청
예래휴양 1호,1,제주특별자치도,서귀포시,50130,제주특별자치도 서귀포시 예래해안로 522,,33.2535778117,126.4005960351,히든클리프남측200m지점,중문119안전센터,Y,2011,3.5,서귀포소방서,064-730-7182,2024-02-07,1661000,소방청
예래 13호,1,제주특별자치도,서귀포시,50130,제주특별자치도 서귀포시 예래로 3,,33.2574684509,126.4053592963,예래입구삼거리,중문119안전센터,Y,2016,3.5,서귀포소방서,064-730-7182,2024-02-07,1661000,소방청
예래 12호,1,제주특별자치도,서귀포시,50130,제주특별자치도 서귀포시 예래로 296-1,,33.2414596013,126.3829531,예담식당 앞,중문119안전센터,Y,2015,3.5,서귀포소방서,064-730-7182,2024-02-07,1661000,소방청
예래 11호,1,제주특별자치도,서귀포시,50130,제주특별자치도 서귀포시 상예로 249-15,,33.26843211,126.3941081083,모던플레이스 건너편,중문119안전센터,Y,2013,3.5,서귀포소방서,064-730-7182,2024-02-07,1661000,소방청
예래 10호,1,제주특별자치도,서귀포시,50130,제주특별자치도 서귀포시 예래로 260,,33.24327711,126.3861064367,하예1마을회관 앞 사거리,중문119안전센터,Y,2000,3.5,서귀포소방서,064-730-7182,2024-02-07,1661000,소방청
예래 9호,1,제주특별자치도,서귀포시,50130,제주특별자치도 서귀포시 예래로 88,,33.2538083948,126.3975627003,예래동주민센터 건너편,중문119안전센터,Y,1998,3.5,서귀포소방서,064-730-7182,2024-02-07,1661000,소방청
예래 8호,1,제주특별자치도,서귀포시,50130,제주특별자치도 서귀포시 열리로 42,,33.24787811,126.3922093517,다온빌앞,중문119안전센터,N,1997,3.5,서귀포소방서,064-730-7182,2024-02-07,1661000,소방청
예래 7호,1,제주특별자치도,서귀포시,50130,제주특별자치도 서귀포시 일주서로 1206,,33.264433398,126.3842838359,예래사우나 건너편,중문119안전센터,Y,2015,3.5,서귀포소방서,064-730-7182,2024-02-07,1661000,소방청
예래 6호,1,제주특별자치도,서귀포시,50130,제주특별자치도 서귀포시 존제로 2,,33.2644633473,126.3777488675,레이크힐스골프텔삼거리,중문119안전센터,Y,1994,3.5,서귀포소방서,064-730-7182,2024-02-07,1661000,소방청
예래 5호,1,제주특별자치도,서귀포시,50130,제주특별자치도 서귀포시 우남로 2번길 8,,33.2645184653,126.3924511,우남동LPG주유소 서측,중문119안전센터,Y,1993,3.0,서귀포소방서,064-730-7182,2024-02-07,1661000,소방청
예래 4호,1,제주특별자치도,서귀포시,50130,제주특별자치도 서귀포시 예래로 416,,33.2366624181,126.3730189982,하예하동마을회관 앞,중문119안전센터,Y,1995,3.0,서귀포소방서,064-730-7182,2024-02-07,1661000,소방청
예래 3호,1,제주특별자치도,서귀포시,50130,제주특별자치도 서귀포시 열리로 95,,33.2466523965,126.3884153268,예래새마을금고 서측 100m지점,중문119안전센터,N,2017,3.0,서귀포소방서,064-730-7182,2024-02-07,1661000,소방청
예래 2호,1,제주특별자치도,서귀포시,50130,제주특별자치도 서귀포시 열리로 72,,33.2468311519,126.3909250735,예래초등학교 앞,중문119안전센터,Y,2017,3.0,서귀포소방서,064-730-7182,2024-02-07,1661000,소방청
예래 1호,1,제주특별자치도,서귀포시,50130,제주특별자치도 서귀포시 열리로15-1,,33.2496106904,126.3937899676,예래오마트 서측 100m지점,중문119안전센터,Y,2000,3.0,서귀포소방서,064-730-7182,2024-02-07,1661000,소방청
서헬스-09호,1,제주특별자치도,서귀포시,50130,제주특별자치도 서귀포시 솔오름로 61,,33.28492021,126.5595138,서귀포시 동홍동 2031-2,동홍119안전센터,Y,1900,1.0,서귀포소방서,064-730-7182,2024-02-07,1661000,소방청
서헬스-08호,1,제주특별자치도,서귀포시,50130,제주특별자치도 서귀포시 솔오름로 61,,33.28512291,126.5582866,제주헬스케어타운 콘도미니엄 Ⅰ 입구 남측,동홍119안전센터,Y,1900,1.5,서귀포소방서,064-730-7182,2024-02-07,1661000,소방청
서헬스-07호,1,제주특별자치도,서귀포시,50130,제주특별자치도 서귀포시 솔오름로 61,,33.28335751,126.5609701,제주헬스케어타운 의료서비스 센터 공사장 입구 맞은편,동홍119안전센터,Y,1900,2.5,서귀포소방서,064-730-7182,2024-02-07,1661000,소방청
서헬스-06호,1,제주특별자치도,서귀포시,50130,제주특별자치도 서귀포시 동홍로 397-6,,33.2822674033,126.5620533829,서귀포시 동홍로 397-6,동홍119안전센터,Y,1900,3.0,서귀포소방서,064-730-7182,2024-02-07,1661000,소방청
서헬스-05호,1,제주특별자치도,서귀포시,50130,제주특별자치도 서귀포시 솔오름로 61,,33.28512291,126.5582866,제주헬스케어타운 텔라소리조트 공사현장 인근,동홍119안전센터,Y,1900,3.0,서귀포소방서,064-730-7182,2024-02-07,1661000,소방청
서헬스-04호,1,제주특별자치도,서귀포시,50130,제주특별자치도 서귀포시 솔오름로 20번길,,33.28173531,126.5562521,불로장생의 길 입구,동홍119안전센터,Y,1900,3.7,서귀포소방서,064-730-7182,2024-02-07,1661000,소방청
서헬스-03호,1,제주특별자치도,서귀포시,50130,제주특별자치도 서귀포시 솔오름로 20번길,,33.28328171,126.5548013,제주헬스케어타운 콘도미니엄 Ⅰ 서측 도로변,동홍119안전센터,Y,1900,3.0,서귀포소방서,064-730-7182,2024-02-07,1661000,소방청
서헬스-02호,1,제주특별자치도,서귀포시,50130,제주특별자치도 서귀포시 솔오름로20번길 12,,33.284779614,126.555755581,제주헬스케어타운 입구 서측 50m,동홍119안전센터,Y,1900,2.5,서귀포소방서,064-730-7182,2024-02-07,1661000,소방청
서헬스-01호,1,제주특별자치도,서귀포시,50130,제주특별자치도 서귀포시 솔오름로 12,,33.2867232992,126.5583257406,제주헬스케어타운 분양관 길 맞은편,동홍119안전센터,Y,1900,2.5,서귀포소방서,064-730-7182,2024-02-07,1661000,소방청
송산-13호,1,제주특별자치도,서귀포시,50130,제주특별자치도 서귀포시 칠십리로 97,,33.24115791,126.5657943,땡큐베리카페 앞,동홍119안전센터,Y,2020,7.8,서귀포소방서,064-730-7182,2024-02-07,1661000,소방청
송산-12호,1,제주특별자치도,서귀포시,50130,제주특별자치도 서귀포시 칠십리로 57,,33.24015721,126.5624688,영희네 앞 인도상,동홍119안전센터,Y,2004,2.4,서귀포소방서,064-730-7182,2024-02-07,1661000,소방청
송산-11호,1,제주특별자치도,서귀포시,50130,제주특별자치도 서귀포시 칠십리로 38-1,,33.24133541,126.5611655,서귀포항 항구횟집 앞,동홍119안전센터,Y,2004,2.4,서귀포소방서,064-730-7182,2024-02-07,1661000,소방청
송산-10호,1,제주특별자치도,서귀포시,50130,제주특별자치도 서귀포시 천지연로41번길 41,,33.2406107659,126.564119364,서귀포항 입구 교차로,동홍119안전센터,Y,2002,3.0,서귀포소방서,064-730-7182,2024-02-07,1661000,소방청
송산-09호,1,제주특별자치도,서귀포시,50130,제주특별자치도 서귀포시 솔동산로22번길 11,,33.24345681,126.5625986,새연교횟집 건물 옆,동홍119안전센터,N,1995,3.1,서귀포소방서,064-730-7182,2024-02-07,1661000,소방청
송산-08호,1,제주특별자치도,서귀포시,50130,제주특별자치도 서귀포시 천지연로 39,,33.24235271,126.5620602841,천지연크리스탈 호텔 앞,동홍119안전센터,Y,1998,1.9,서귀포소방서,064-730-7182,2024-02-07,1661000,소방청
송산-07호,1,제주특별자치도,서귀포시,50130,제주특별자치도 서귀포시 칠십리로91번길 20,,33.24124831,126.5634399,백호모텔 맞은편 인도상,동홍119안전센터,Y,2004,1.9,서귀포소방서,064-730-7182,2024-02-07,1661000,소방청
송산-06호,1,제주특별자치도,서귀포시,50130,제주특별자치도 서귀포시 솔동산로 33,,33.24188921,126.5629491,창덕코사마트 앞,동홍119안전센터,Y,1998,1.9,서귀포소방서,064-730-7182,2024-02-07,1661000,소방청
송산-05호,1,제주특별자치도,서귀포시,50130,제주특별자치도 서귀포시 솔동산로22번길 5,,33.2430865412,126.5631899891,신성호텔 동쪽 사거리 도로상,동홍119안전센터,Y,1997,2.0,서귀포소방서,064-730-7182,2024-02-07,1661000,소방청
송산-04호,1,제주특별자치도,서귀포시,50130,제주특별자치도 서귀포시 솔동산로 12,,33.2436984891,126.5639488,새마을금고 북쪽 20m 지점,동홍119안전센터,Y,1998,2.5,서귀포소방서,064-730-7182,2024-02-07,1661000,소방청
송산-03호,1,제주특별자치도,서귀포시,50130,제주특별자치도 서귀포시 칠십리로 133,,33.24367351,126.5682369,동해미락 앞 삼거리,동홍119안전센터,Y,1998,4.0,서귀포소방서,064-730-7182,2024-02-07,1661000,소방청
송산-02호,1,제주특별자치도,서귀포시,50130,제주특별자치도 서귀포시 부두로 34,,33.2419547731,126.5642580827,요양병원 앞 인도상,동홍119안전센터,Y,1996,4.4,서귀포소방서,064-730-7182,2024-02-07,1661000,소방청
송산-01호,1,제주특별자치도,서귀포시,50130,제주특별자치도 서귀포시 부두로 10,,33.24424961,126.5650645,목성빌라 입구,동홍119안전센터,Y,2000,3.2,서귀포소방서,064-730-7182,2024-02-07,1661000,소방청
천지-15호,1,제주특별자치도,서귀포시,50130,제주특별자치도 서귀포시 서문로29번길 21,,33.2484788464,126.5594866495,네거리식당 맞은편,동홍119안전센터,Y,2011,3.1,서귀포소방서,064-730-7182,2024-02-07,1661000,소방청
천지-14호,1,제주특별자치도,서귀포시,50130,제주특별자치도 서귀포시 중정로 19,,33.24771731,126.5586715,토크쇼 앞,동홍119안전센터,Y,2003,2.3,서귀포소방서,064-730-7182,2024-02-07,1661000,소방청
천지-13호,1,제주특별자치도,서귀포시,50130,제주특별자치도 서귀포시 중앙로59번길 8,,33.25002891,126.5607994788,한라산저팔계 식당 앞,동홍119안전센터,Y,1991,2.4,서귀포소방서,064-730-7182,2024-02-07,1661000,소방청
천지-11호,1,제주특별자치도,서귀포시,50130,제주특별자치도 서귀포시 중정로 34,,33.24737911,126.5600671,천지연리슈빌 맞은편,동홍119안전센터,Y,1993,3.0,서귀포소방서,064-730-7182,2024-02-07,1661000,소방청
천지-10호,1,제주특별자치도,서귀포시,50130,제주특별자치도 서귀포시 중앙로 35,,33.24774371,126.5616663,올레서귀점 앞,동홍119안전센터,Y,1980,5.3,서귀포소방서,064-730-7182,2024-02-07,1661000,소방청
천지-09호,1,제주특별자치도,서귀포시,50130,제주특별자치도 서귀포시 중앙로47번길 36,,33.2484200027,126.5579616,,동홍119안전센터,Y,1996,1.7,서귀포소방서,064-730-7182,2024-02-07,1661000,소방청
천지-08호,1,제주특별자치도,서귀포시,50130,제주특별자치도 서귀포시 서문로29번길 15,,33.2488982708,126.5593808872,CU아랑조을거리점 앞,동홍119안전센터,N,1996,1.9,서귀포소방서,064-730-7182,2024-02-07,1661000,소방청
천지-07호,1,제주특별자치도,서귀포시,50130,제주특별자치도 서귀포시 중정로 1,,33.24771591,126.5565673127,호텔 라벤더 제주 맞은편,동홍119안전센터,Y,1996,4.0,서귀포소방서,064-730-7182,2024-02-07,1661000,소방청
천지-06호,1,제주특별자치도,서귀포시,50130,제주특별자치도 서귀포시 중앙로47번길 42,,33.24862441,126.5575723994,한국관 맞은편 인도,동홍119안전센터,Y,2001,3.2,서귀포소방서,064-730-7182,2024-02-07,1661000,소방청
천지-05호,1,제주특별자치도,서귀포시,50130,제주특별자치도 서귀포시 서문로 17,,33.2509996028,126.5599136473,아랑조을거리 입구 버스정류장 옆,동홍119안전센터,Y,1991,3.0,서귀포소방서,064-730-7182,2024-02-07,1661000,소방청
천지-04호,1,제주특별자치도,서귀포시,50130,제주특별자치도 서귀포시 서문서로 43,,33.2511839845,126.5585140545,천지놀이터 정문 옆,동홍119안전센터,Y,1993,2.5,서귀포소방서,064-730-7182,2024-02-07,1661000,소방청
천지-03호,1,제주특별자치도,서귀포시,50130,제주특별자치도 서귀포시 일주동로 8709-1,,33.25248231,126.5579442,서귀포어촌마을 식당 앞,동홍119안전센터,Y,1993,2.5,서귀포소방서,064-730-7182,2024-02-07,1661000,소방청
천지-02호,1,제주특별자치도,서귀포시,50130,제주특별자치도 서귀포시 천지로 59,,33.25259241,126.5590632,이레메밀막국수 앞 도로,동홍119안전센터,N,2022,2.5,서귀포소방서,064-730-7182,2024-02-07,1661000,소방청
천지-01호,1,제주특별자치도,서귀포시,50130,제주특별자치도 서귀포시 중앙로 89,,33.2525963969,126.5604759,서귀포약국 앞 버스정류장 옆,동홍119안전센터,N,2022,2.5,서귀포소방서,064-730-7182,2024-02-07,1661000,소방청
정방-23호,1,제주특별자치도,서귀포시,50130,제주특별자치도 서귀포시 태평로 367,,33.2459920205,126.5603675272,헤이서귀포호텔 남동측 인도상,동홍119안전센터,Y,2020,4.2,서귀포소방서,064-730-7182,2024-02-07,1661000,소방청
정방-22호,1,제주특별자치도,서귀포시,50130,제주특별자치도 서귀포시 태평로442번길 5-6,,33.24591681,126.5683649,대도로변 인도,동홍119안전센터,Y,1900,5.1,서귀포소방서,064-730-7182,2024-02-07,1661000,소방청
정방-21호,1,제주특별자치도,서귀포시,50130,제주특별자치도 서귀포시 태평로 430,,33.24535421,126.5661722,송산동주민센터 맞은편,동홍119안전센터,Y,2015,4.2,서귀포소방서,064-730-7182,2024-02-07,1661000,소방청
정방-20호,1,제주특별자치도,서귀포시,50130,제주특별자치도 서귀포시 태평로442번길 9-3,,33.2455996122,126.5680822842,정자 앞 코너,동홍119안전센터,Y,1998,3.2,서귀포소방서,064-730-7182,2024-02-07,1661000,소방청
정방-19호,1,제주특별자치도,서귀포시,50130,제주특별자치도 서귀포시 소암로 37,,33.24496471,126.5696521,만사성 앞,동홍119안전센터,Y,1999,3.2,서귀포소방서,064-730-7182,2024-02-07,1661000,소방청
정방-18호,1,제주특별자치도,서귀포시,50130,제주특별자치도 서귀포시 동부로 13-1,,33.2458511267,126.5693531,서귀포시 동부로 13-1 모퉁이,동홍119안전센터,Y,2003,2.5,서귀포소방서,064-730-7182,2024-02-07,1661000,소방청
정방-17호,1,제주특별자치도,서귀포시,50130,제주특별자치도 서귀포시 태평로 463,,33.24769351,126.5686650644,서귀포중학교 남측 CU편의점 앞,동홍119안전센터,Y,2015,3.2,서귀포소방서,064-730-7182,2024-02-07,1661000,소방청
정방-16호,1,제주특별자치도,서귀포시,50130,제주특별자치도 서귀포시 태평로 474,,33.2472992981,126.5693103943,서귀중학교 북측 인도상,동홍119안전센터,Y,1991,3.2,서귀포소방서,064-730-7182,2024-02-07,1661000,소방청
정방-15호,1,제주특별자치도,서귀포시,50130,제주특별자치도 서귀포시 중정로 114,,33.2482444081,126.5685246,삼진탕 앞 버스정류장 동측,동홍119안전센터,Y,2000,3.2,서귀포소방서,064-730-7182,2024-02-07,1661000,소방청
정방-14호,1,제주특별자치도,서귀포시,50130,제주특별자치도 서귀포시 중정로 104,,33.2483906273,126.5673689,루이까스텔 앞 인도,동홍119안전센터,Y,2000,3.2,서귀포소방서,064-730-7182,2024-02-07,1661000,소방청
정방-13호,1,제주특별자치도,서귀포시,50130,제주특별자치도 서귀포시 정방로 7-2,,33.24796391,126.5680369597,나들이 식당 서측 인도,동홍119안전센터,Y,1989,3.5,서귀포소방서,064-730-7182,2024-02-07,1661000,소방청
정방-12호,1,제주특별자치도,서귀포시,50130,제주특별자치도 서귀포시 중정로 94,,33.2484024488,126.566276382,꼼빠니아 앞 인도,동홍119안전센터,Y,2015,3.0,서귀포소방서,064-730-7182,2024-02-07,1661000,소방청
정방-11호,1,제주특별자치도,서귀포시,50130,제주특별자치도 서귀포시 명동로 38,,33.24744421,126.5658668,아리수 가요방 앞,동홍119안전센터,Y,2015,3.0,서귀포소방서,064-730-7182,2024-02-07,1661000,소방청
정방-10호,1,제주특별자치도,서귀포시,50130,제주특별자치도 서귀포시 태평로431번길 9,,33.24626481,126.5656348709,정방동주민센터 동측 무료주차장 옆,동홍119안전센터,Y,1991,2.5,서귀포소방서,064-730-7182,2024-02-07,1661000,소방청
정방-09호,1,제주특별자치도,서귀포시,50130,제주특별자치도 서귀포시 태평로 443,,33.24645971,126.5672071925,제석공원 입구 버스정류장 옆,동홍119안전센터,Y,1998,2.0,서귀포소방서,064-730-7182,2024-02-07,1661000,소방청
정방-08호,1,제주특별자치도,서귀포시,50130,제주특별자치도 서귀포시 태평로439번길 25,,33.24652191,126.5645285,서귀포우체국 수련원 앞,동홍119안전센터,Y,1993,3.0,서귀포소방서,064-730-7182,2024-02-07,1661000,소방청
정방-07호,1,제주특별자치도,서귀포시,50130,제주특별자치도 서귀포시 태평로 409,,33.24495781,126.5641549,이중섭거리 입구 앞,동홍119안전센터,Y,2020,3.0,서귀포소방서,064-730-7182,2024-02-07,1661000,소방청
정방-06호,1,제주특별자치도,서귀포시,50130,제주특별자치도 서귀포시 중앙로4번길 11,,33.24525611,126.5630820228,서귀포시 중앙로4번길 11 건물 뒤 골목,동홍119안전센터,Y,1993,3.2,서귀포소방서,064-730-7182,2024-02-07,1661000,소방청
정방-05호,1,제주특별자치도,서귀포시,50130,제주특별자치도 서귀포시 중정로62번길 14,,33.2465984913,126.5629534,쌍둥이횟집 앞 교차로 모퉁이,동홍119안전센터,Y,1991,4.0,서귀포소방서,064-730-7182,2024-02-07,1661000,소방청
정방-04호,1,제주특별자치도,서귀포시,50130,제주특별자치도 서귀포시 명동로 8,,33.24697621,126.5628524986,모이세 해장국 앞,동홍119안전센터,Y,1991,2.0,서귀포소방서,064-730-7182,2024-02-07,1661000,소방청
정방-03호,1,제주특별자치도,서귀포시,50130,제주특별자치도 서귀포시 태평로 385,,33.2447810102,126.5618048,천지연폭포 입구 교차로 CU편의점 앞,동홍119안전센터,Y,1996,3.2,서귀포소방서,064-730-7182,2024-02-07,1661000,소방청
정방-02호,1,제주특별자치도,서귀포시,50130,제주특별자치도 서귀포시 중앙로 14,,33.24598131,126.5623574,오션펠리스 호텔 맞은편,동홍119안전센터,Y,1980,3.8,서귀포소방서,064-730-7182,2024-02-07,1661000,소방청
정방-01호,1,제주특별자치도,서귀포시,50130,제주특별자치도 서귀포시 태평로 355,,33.24643861,126.5594495,진주식당 앞,동홍119안전센터,Y,1996,3.2,서귀포소방서,064-730-7182,2024-02-07,1661000,소방청
중앙-29호,1,제주특별자치도,서귀포시,50130,제주특별자치도 서귀포시 중앙로42번길 6,,33.24821921,126.5624166666,올레시장 서측 KT앞,동홍119안전센터,Y,2018,2.5,서귀포소방서,064-730-7182,2024-02-07,1661000,소방청
중앙-28호,1,제주특별자치도,서귀포시,50130,제주특별자치도 서귀포시 중앙로62번길 18,,33.25017371,126.5632305087,올레매일시장 놀이터 앞,동홍119안전센터,N,1995,2.5,서귀포소방서,064-730-7182,2024-02-07,1661000,소방청
중앙-27호,1,제주특별자치도,서귀포시,50130,제주특별자치도 서귀포시 중앙로 54,,33.24938021,126.5617942921,매일 올레시장 중앙 주차장 인도,동홍119안전센터,Y,2007,2.5,서귀포소방서,064-730-7182,2024-02-07,1661000,소방청
중앙-26호,1,제주특별자치도,서귀포시,50130,제주특별자치도 서귀포시 동홍로 6,,33.24903391,126.5679966,동문로터리 정초밥 식당 앞,동홍119안전센터,Y,1989,2.5,서귀포소방서,064-730-7182,2024-02-07,1661000,소방청
중앙-24호,1,제주특별자치도,서귀포시,50130,제주특별자치도 서귀포시 중앙로48번길 35,,33.24983241,126.5651980342,다올국수 앞,동홍119안전센터,N,2017,2.5,서귀포소방서,064-730-7182,2024-02-07,1661000,소방청
중앙-23호,1,제주특별자치도,서귀포시,50130,제주특별자치도 서귀포시 중동로 36-2,,33.25099531,126.5660567098,,동홍119안전센터,Y,2017,1.5,서귀포소방서,064-730-7182,2024-02-07,1661000,소방청
중앙-22호,1,제주특별자치도,서귀포시,50130,제주특별자치도 서귀포시 중앙로 76,,33.25147361,126.5613902863,서귀포농협 맞은편 인도상,동홍119안전센터,Y,1995,1.5,서귀포소방서,064-730-7182,2024-02-07,1661000,소방청
중앙-21호,1,제주특별자치도,서귀포시,50130,제주특별자치도 서귀포시 중앙로 58,,33.24985031,126.5617489813,컴앤씨 앞,동홍119안전센터,Y,1993,3.2,서귀포소방서,064-730-7182,2024-02-07,1661000,소방청
중앙-20호,1,제주특별자치도,서귀포시,50130,제주특별자치도 서귀포시 중앙로 46,,33.2487486429,126.5618685682,마인드휘트니스 건물 앞,동홍119안전센터,Y,1989,2.5,서귀포소방서,064-730-7182,2024-02-07,1661000,소방청
중앙-19호,1,제주특별자치도,서귀포시,50130,제주특별자치도 서귀포시 중정로 57,,33.24804811,126.5622582981,중앙우체국 동측 5m,동홍119안전센터,Y,1998,2.5,서귀포소방서,064-730-7182,2024-02-07,1661000,소방청
중앙-18호,1,제주특별자치도,서귀포시,50130,제주특별자치도 서귀포시 중정로 65,,33.2480515648,126.5632963115,중앙약국 앞,동홍119안전센터,Y,1994,3.0,서귀포소방서,064-730-7182,2024-02-07,1661000,소방청
중앙-17호,1,제주특별자치도,서귀포시,50130,제주특별자치도 서귀포시 중정로 75,,33.24827071,126.5644137222,동양안경 앞,동홍119안전센터,Y,1994,2.8,서귀포소방서,064-730-7182,2024-02-07,1661000,소방청
중앙-16호,1,제주특별자치도,서귀포시,50130,제주특별자치도 서귀포시 중앙로42번길 24,,33.2485628397,126.5641846236,올레시장 7블럭 할머니 떡집 앞,동홍119안전센터,N,2020,2.3,서귀포소방서,064-730-7182,2024-02-07,1661000,소방청
중앙-15호,1,제주특별자치도,서귀포시,50130,제주특별자치도 서귀포시 중정로61번길 14,,33.24906611,126.5629681,공영주차장 남측 드림회센터 앞,동홍119안전센터,N,1995,1.5,서귀포소방서,064-730-7182,2024-02-07,1661000,소방청
중앙-14호,1,제주특별자치도,서귀포시,50130,제주특별자치도 서귀포시 중앙로48번길 22,,33.24934111,126.5640697862,올래매일시장 6블럭 대흥상회 앞,동홍119안전센터,N,1998,3.7,서귀포소방서,064-730-7182,2024-02-07,1661000,소방청
중앙-13호,1,제주특별자치도,서귀포시,50130,제주특별자치도 서귀포시 중앙로62번길 11,,33.25034711,126.5624695195,중앙로공영주차장빌딩 북측입구,동홍119안전센터,N,1989,3.0,서귀포소방서,064-730-7182,2024-02-07,1661000,소방청
중앙-12호,1,제주특별자치도,서귀포시,50130,제주특별자치도 서귀포시 중정로61번길 20,,33.24956311,126.5629155302,올레야시장 입구,동홍119안전센터,Y,1998,3.2,서귀포소방서,064-730-7182,2024-02-07,1661000,소방청
중앙-11호,1,제주특별자치도,서귀포시,50130,제주특별자치도 서귀포시 중앙로62번길 18,,33.25017311,126.5632305087,올레매일시장 4블록 함평수산 내,동홍119안전센터,N,1995,2.5,서귀포소방서,064-730-7182,2024-02-07,1661000,소방청
중앙-10호,1,제주특별자치도,서귀포시,50130,제주특별자치도 서귀포시 중앙로42번길 41,,33.2492659158,126.5658841,인형뽑기 앞,동홍119안전센터,N,1994,4.7,서귀포소방서,064-730-7182,2024-02-07,1661000,소방청
중앙-09호,1,제주특별자치도,서귀포시,50130,제주특별자치도 서귀포시 중정로91번길 1,,33.24863111,126.5658492482,에스콰이아 앞,동홍119안전센터,Y,1994,2.5,서귀포소방서,064-730-7182,2024-02-07,1661000,소방청
중앙-08호,1,제주특별자치도,서귀포시,50130,제주특별자치도 서귀포시 동문로 61,,33.24939511,126.5670911,현대산부인과 맞은편,동홍119안전센터,Y,1994,2.8,서귀포소방서,064-730-7182,2024-02-07,1661000,소방청
중앙-07호,1,제주특별자치도,서귀포시,50130,제주특별자치도 서귀포시 중앙로 42번길 46,,33.2493234792,126.5663323535,은성약국 앞 인도상,동홍119안전센터,Y,1989,2.5,서귀포소방서,064-730-7182,2024-02-07,1661000,소방청
중앙-06호,1,제주특별자치도,서귀포시,50130,제주특별자치도 서귀포시 동문로 34,,33.25065711,126.5642848254,산고을 앞,동홍119안전센터,Y,1998,2.0,서귀포소방서,064-730-7182,2024-02-07,1661000,소방청
중앙-05호,1,제주특별자치도,서귀포시,50130,제주특별자치도 서귀포시 동문로 19,,33.25166511,126.5632711,대명장식 맞은편,동홍119안전센터,Y,1989,3.2,서귀포소방서,064-730-7182,2024-02-07,1661000,소방청
중앙-04호,1,제주특별자치도,서귀포시,50130,제주특별자치도 서귀포시 동문로 10,,33.251902878,126.5622447245,루씰(옷가게) 앞 인도,동홍119안전센터,Y,1996,3.0,서귀포소방서,064-730-7182,2024-02-07,1661000,소방청
중앙-03호,1,제주특별자치도,서귀포시,50130,제주특별자치도 서귀포시 중앙로 94,,33.25306731,126.5615739,워너비 안경 앞 인도,동홍119안전센터,Y,1991,3.2,서귀포소방서,064-730-7182,2024-02-07,1661000,소방청
중앙-02호,1,제주특별자치도,서귀포시,50130,제주특별자치도 서귀포시 일주동로 8665,,33.25322461,126.5627149928,맥도날드 앞 인도,동홍119안전센터,N,1987,3.2,서귀포소방서,064-730-7182,2024-02-07,1661000,소방청
중앙-01호,1,제주특별자치도,서귀포시,50130,제주특별자치도 서귀포시 일주동로 8639,,33.2537344395,126.5651718732,열린병원 맞은편,동홍119안전센터,Y,1989,2.5,서귀포소방서,064-730-7182,2024-02-07,1661000,소방청
서홍-29호,1,제주특별자치도,서귀포시,50130,제주특별자치도 서귀포시 서홍로 14,,33.24917911,126.5532677874,동홍119센터 입구,동홍119안전센터,Y,2020,4.0,서귀포소방서,064-730-7182,2024-02-07,1661000,소방청
서홍-28호,1,제주특별자치도,서귀포시,50130,제주특별자치도 서귀포시 중산간동로 8128-35,,33.2634821304,126.5479295891,대도로변,동홍119안전센터,Y,2019,5.0,서귀포소방서,064-730-7182,2024-02-07,1661000,소방청
서홍-27호,1,제주특별자치도,서귀포시,50130,제주특별자치도 서귀포시 솜반천로46번길 4,,33.25385111,126.5560732627,서귀서초등학교 서측,동홍119안전센터,Y,2019,4.8,서귀포소방서,064-730-7182,2024-02-07,1661000,소방청
서홍-26호,1,제주특별자치도,서귀포시,50130,제주특별자치도 서귀포시 홍중로 74,,33.2590685339,126.5563651,건강나라 찜질방 앞,동홍119안전센터,Y,2019,3.5,서귀포소방서,064-730-7182,2024-02-07,1661000,소방청
서홍-25호,1,제주특별자치도,서귀포시,50130,제주특별자치도 서귀포시 서홍로 191,,33.26475111,126.55054401,구 서홍동사무소 북측 100미터 지점,동홍119안전센터,Y,2018,4.7,서귀포소방서,064-730-7182,2024-02-07,1661000,소방청
서홍-24호,1,제주특별자치도,서귀포시,50130,제주특별자치도 서귀포시 태평로 270,,33.2463334208,126.5507911454,서귀포 예술의전당 입구,동홍119안전센터,Y,2016,4.7,서귀포소방서,064-730-7182,2024-02-07,1661000,소방청
서홍-23호,1,제주특별자치도,서귀포시,50130,제주특별자치도 서귀포시 서홍로 246-10,,33.2699202607,126.5481291,구름위에산장 입구,동홍119안전센터,Y,2016,6.5,서귀포소방서,064-730-7182,2024-02-07,1661000,소방청
서홍-22호,1,제주특별자치도,서귀포시,50130,제주특별자치도 서귀포시 현청로 51,,33.26576511,126.5559661,놀멍쉬멍 맞은편,동홍119안전센터,Y,2015,2.8,서귀포소방서,064-730-7182,2024-02-07,1661000,소방청
서홍-21호,1,제주특별자치도,서귀포시,50130,제주특별자치도 서귀포시 중산간동로 8063,,33.26390911,126.5552061751,광진빌 건너편 인도상,동홍119안전센터,Y,2013,3.0,서귀포소방서,064-730-7182,2024-02-07,1661000,소방청
서홍-20호,1,제주특별자치도,서귀포시,50130,제주특별자치도 서귀포시 서홍로 161,,33.26213811,126.5512511,신성기업 앞,동홍119안전센터,Y,2012,2.0,서귀포소방서,064-730-7182,2024-02-07,1661000,소방청
서홍-19호,1,제주특별자치도,서귀포시,50130,제주특별자치도 서귀포시 일주동로 8796,,33.2539780267,126.5495086007,애플웨딩홀 앞 인도,동홍119안전센터,Y,2012,3.5,서귀포소방서,064-730-7182,2024-02-07,1661000,소방청
서홍-18호,1,제주특별자치도,서귀포시,50130,제주특별자치도 서귀포시 일주동로 8734,,33.25253111,126.5552541,세림피스 아파트 앞 인도상,동홍119안전센터,Y,2009,3.5,서귀포소방서,064-730-7182,2024-02-07,1661000,소방청
서홍-17호,1,제주특별자치도,서귀포시,50130,제주특별자치도 서귀포시 일주동로 8818,,33.25465811,126.5471588942,서귀여중 정문 앞,동홍119안전센터,Y,2005,4.2,서귀포소방서,064-730-7182,2024-02-07,1661000,소방청
서홍-16호,1,제주특별자치도,서귀포시,50130,제주특별자치도 서귀포시 서홍로 119,,33.2584548882,126.5523310562,흙담솔사가 버스정류장,동홍119안전센터,Y,2005,4.7,서귀포소방서,064-730-7182,2024-02-07,1661000,소방청
서홍-15호,1,제주특별자치도,서귀포시,50130,제주특별자치도 서귀포시 중앙로 175,,33.2602698469,126.5582756086,서귀북초등학교 후문 인도상,동홍119안전센터,N,1997,3.2,서귀포소방서,064-730-7182,2024-02-07,1661000,소방청
서홍-14호,1,제주특별자치도,서귀포시,50130,제주특별자치도 서귀포시 중앙로195번길 25,,33.26177711,126.5560921871,경동나비엔 앞,동홍119안전센터,Y,1998,2.1,서귀포소방서,064-730-7182,2024-02-07,1661000,소방청
서홍-13호,1,제주특별자치도,서귀포시,50130,제주특별자치도 서귀포시 중앙로 197,,33.2620893843,126.5587791,과일애 앞 도로변,동홍119안전센터,Y,1998,3.0,서귀포소방서,064-730-7182,2024-02-07,1661000,소방청
서홍-12호,1,제주특별자치도,서귀포시,50130,제주특별자치도 서귀포시 지장샘로42번길 4,,33.2677849921,126.5592631,마을 벤치 앞,동홍119안전센터,N,2015,3.0,서귀포소방서,064-730-7182,2024-02-07,1661000,소방청
서홍-11호,1,제주특별자치도,서귀포시,50130,제주특별자치도 서귀포시 중앙로 249,,33.2665805251,126.5574321,삼거리 도로상 전봇대 앞,동홍119안전센터,Y,1995,2.5,서귀포소방서,064-730-7182,2024-02-07,1661000,소방청
서홍-10호,1,제주특별자치도,서귀포시,50130,제주특별자치도 서귀포시 중산간동로 8034,,33.26437611,126.5584391,기아모터스 건너편,동홍119안전센터,Y,2022,3.0,서귀포소방서,064-730-7182,2024-02-07,1661000,소방청
서홍-09호,1,제주특별자치도,서귀포시,50130,제주특별자치도 서귀포시 중산간동로 8051,,33.26398211,126.5566611067,무지개마트 앞,동홍119안전센터,Y,1997,3.0,서귀포소방서,064-730-7182,2024-02-07,1661000,소방청
서홍-08호,1,제주특별자치도,서귀포시,50130,제주특별자치도 서귀포시 홍중로 92,,33.2607107231,126.5558653239,GS25 편의점 맞은편,동홍119안전센터,Y,1995,2.5,서귀포소방서,064-730-7182,2024-02-07,1661000,소방청
서홍-07호,1,제주특별자치도,서귀포시,50130,제주특별자치도 서귀포시 홍중로 46,,33.2569913699,126.5575979857,서홍마트 맞은편,동홍119안전센터,Y,1996,3.0,서귀포소방서,064-730-7182,2024-02-07,1661000,소방청
서홍-06호,1,제주특별자치도,서귀포시,50130,제주특별자치도 서귀포시 중산간동로 8102,,33.26393711,126.5510796696,GS서홍주유소 맞은편,동홍119안전센터,N,1991,2.5,서귀포소방서,064-730-7182,2024-02-07,1661000,소방청
서홍-05호,1,제주특별자치도,서귀포시,50130,제주특별자치도 서귀포시 서홍로 77,,33.25478911,126.5529017077,신성파이프 입구 남측 10M 인도,동홍119안전센터,Y,2002,3.0,서귀포소방서,064-730-7182,2024-02-07,1661000,소방청
서홍-04호,1,제주특별자치도,서귀포시,50130,제주특별자치도 서귀포시 남성중로 169,,33.24688111,126.5527981,칠십리공원 주차장 입구,동홍119안전센터,Y,1998,3.1,서귀포소방서,064-730-7182,2024-02-07,1661000,소방청
서홍-03호,1,제주특별자치도,서귀포시,50130,제주특별자치도 서귀포시 남성로 140,,33.24338411,126.5547427342,별빛옥상게스트하우스 앞 인도상,동홍119안전센터,Y,2000,2.2,서귀포소방서,064-730-7182,2024-02-07,1661000,소방청
서홍-02호,1,제주특별자치도,서귀포시,50130,제주특별자치도 서귀포시 태평로 204,,33.24475711,126.5442171,삼매봉 서쪽 외돌개 입구,동홍119안전센터,Y,2009,4.7,서귀포소방서,064-730-7182,2024-02-07,1661000,소방청
서홍-01호,1,제주특별자치도,서귀포시,50130,제주특별자치도 서귀포시 홍중로 14,,33.25435111,126.5588651,동남칼라 서랍속 동화 앞 인도상,동홍119안전센터,Y,1989,1.5,서귀포소방서,064-730-7182,2024-02-07,1661000,소방청
동홍-69호,1,제주특별자치도,서귀포시,50130,제주특별자치도 서귀포시 장수로 10,,33.25656111,126.5668831,파밀리움 아파트 맞은편,동홍119안전센터,Y,2019,5.0,서귀포소방서,064-730-7182,2024-02-07,1661000,소방청
동홍-68호,1,제주특별자치도,서귀포시,50130,제주특별자치도 서귀포시 동홍로 228,,33.2684274294,126.5693303554,서귀포시 동홍로 228,동홍119안전센터,Y,2016,6.5,서귀포소방서,064-730-7182,2024-02-07,1661000,소방청
동홍-67호,1,제주특별자치도,서귀포시,50130,제주특별자치도 서귀포시 칠십리로 203,,33.2470246402,126.5743590105,정방폭포 입구 언덕위 풍차닭해물탕 앞,동홍119안전센터,Y,2016,5.0,서귀포소방서,064-730-7182,2024-02-07,1661000,소방청
동홍-66호,1,제주특별자치도,서귀포시,50130,제주특별자치도 서귀포시 정방연로 47-1,,33.25183111,126.5765491,서귀포제일교회 맞은편 인도 CU편의점 정방연로점 앞,동홍119안전센터,Y,2015,3.5,서귀포소방서,064-730-7182,2024-02-07,1661000,소방청
동홍-65호,1,제주특별자치도,서귀포시,50130,제주특별자치도 서귀포시 장수로 36,,33.256462233,126.5642455335,동홍동 한빛약국 건물 맞은편,동홍119안전센터,Y,2014,3.5,서귀포소방서,064-730-7182,2024-02-07,1661000,소방청
동홍-64호,1,제주특별자치도,서귀포시,50130,제주특별자치도 서귀포시 중산간동로 7833,,33.2666414343,126.5792611,동홍동 오일장 동쪽 200m 지점,동홍119안전센터,N,2022,3.2,서귀포소방서,064-730-7182,2024-02-07,1661000,소방청
동홍-63호,1,제주특별자치도,서귀포시,50130,제주특별자치도 서귀포시 동홍로 59,,33.2537558886,126.5670814988,무지개마트 서측,동홍119안전센터,Y,2010,3.2,서귀포소방서,064-730-7182,2024-02-07,1661000,소방청
동홍-62호,1,제주특별자치도,서귀포시,50130,제주특별자치도 서귀포시 중앙로 110-1,,33.25444311,126.5610421,서귀화랑 앞,동홍119안전센터,Y,2010,3.0,서귀포소방서,064-730-7182,2024-02-07,1661000,소방청
동홍-61호,1,제주특별자치도,서귀포시,50130,제주특별자치도 서귀포시 중앙로 196-3,,33.2619943693,126.5593191,주공 6단지 입구,동홍119안전센터,Y,2009,3.2,서귀포소방서,064-730-7182,2024-02-07,1661000,소방청
동홍-60호,1,제주특별자치도,서귀포시,50130,제주특별자치도 서귀포시 태평로 557,,33.25342911,126.5757890994,에코빌 앞 인도,동홍119안전센터,Y,2007,4.5,서귀포소방서,064-730-7182,2024-02-07,1661000,소방청
동홍-59호,1,제주특별자치도,서귀포시,50130,제주특별자치도 서귀포시 중산간동로 7914,,33.26581111,126.5709441,탐라는 규리네 앞,동홍119안전센터,Y,2007,4.5,서귀포소방서,064-730-7182,2024-02-07,1661000,소방청
동홍-58호,1,제주특별자치도,서귀포시,50130,제주특별자치도 서귀포시 동홍로 101,,33.25762711,126.5681811,빨간대게 앞,동홍119안전센터,Y,2000,2.7,서귀포소방서,064-730-7182,2024-02-07,1661000,소방청
동홍-57호,1,제주특별자치도,서귀포시,50130,제주특별자치도 서귀포시 동홍로 192,,33.26564611,126.5681851,카페랑스 앞,동홍119안전센터,Y,2005,3.8,서귀포소방서,064-730-7182,2024-02-07,1661000,소방청
동홍-56호,1,제주특별자치도,서귀포시,50130,제주특별자치도 서귀포시 동홍로 176,,33.263921169,126.5681049278,한라골프연습장 입구,동홍119안전센터,Y,1998,2.5,서귀포소방서,064-730-7182,2024-02-07,1661000,소방청
동홍-55호,1,제주특별자치도,서귀포시,50130,제주특별자치도 서귀포시 동홍로 162번길 3,,33.2629947338,126.5678521,반석아파트 버스정류장 옆,동홍119안전센터,Y,1996,3.2,서귀포소방서,064-730-7182,2024-02-07,1661000,소방청
동홍-54호,1,제주특별자치도,서귀포시,50130,제주특별자치도 서귀포시 동홍로 142,,33.2610678542,126.5676579172,대한통운 서귀포대리점 앞,동홍119안전센터,Y,1998,3.2,서귀포소방서,064-730-7182,2024-02-07,1661000,소방청
동홍-53호,1,제주특별자치도,서귀포시,50130,제주특별자치도 서귀포시 동홍로 8,,33.24913111,126.5679411,비안디앤씨 앞,동홍119안전센터,Y,1998,2.3,서귀포소방서,064-730-7182,2024-02-07,1661000,소방청
동홍-52호,1,제주특별자치도,서귀포시,50130,제주특별자치도 서귀포시 동홍로 94,,33.25694611,126.5685151,대신카센터 앞,동홍119안전센터,Y,1996,2.5,서귀포소방서,064-730-7182,2024-02-07,1661000,소방청
동홍-51호,1,제주특별자치도,서귀포시,50130,제주특별자치도 서귀포시 동홍로 56,,33.25371111,126.5680961,서귀포교회 입구,동홍119안전센터,Y,1998,3.2,서귀포소방서,064-730-7182,2024-02-07,1661000,소방청
동홍-50호,1,제주특별자치도,서귀포시,50130,제주특별자치도 서귀포시 정방연로 6,,33.248461281,126.5782811,한라궁호텔 맞은편,동홍119안전센터,Y,1998,2.3,서귀포소방서,064-730-7182,2024-02-07,1661000,소방청
동홍-49호,1,제주특별자치도,서귀포시,50130,제주특별자치도 서귀포시 토평서로 11번길 130,,33.268166275,126.5748455055,오일장 북측 주차장입구 승진목재 옆,동홍119안전센터,Y,2004,3.0,서귀포소방서,064-730-7182,2024-02-07,1661000,소방청
동홍-48호,1,제주특별자치도,서귀포시,50130,제주특별자치도 서귀포시 토평서로 11번길 150,,33.2665213365,126.5732903498,청호청과 맞은편,동홍119안전센터,Y,2004,3.0,서귀포소방서,064-730-7182,2024-02-07,1661000,소방청
동홍-47호,1,제주특별자치도,서귀포시,50130,제주특별자치도 서귀포시 중산간동로 7884,,33.26581111,126.5738750802,한라가구.주방 앞,동홍119안전센터,Y,2004,3.0,서귀포소방서,064-730-7182,2024-02-07,1661000,소방청
동홍-46호,1,제주특별자치도,서귀포시,50130,제주특별자치도 서귀포시 토평서로 11번길 155,,33.2657501455,126.5735712187,오일장 입구 GS편의점 앞,동홍119안전센터,Y,1998,3.2,서귀포소방서,064-730-7182,2024-02-07,1661000,소방청
동홍-45호,1,제주특별자치도,서귀포시,50130,제주특별자치도 서귀포시 동홍로 298,,33.2742052449,126.5679371,서귀포시 동홍로 298,동홍119안전센터,Y,2000,2.5,서귀포소방서,064-730-7182,2024-02-07,1661000,소방청
동홍-44호,1,제주특별자치도,서귀포시,50130,제주특별자치도 서귀포시 중산간동로 7936,,33.26620911,126.5685821,CU 옆,동홍119안전센터,Y,2015,2.5,서귀포소방서,064-730-7182,2024-02-07,1661000,소방청
동홍-43호,1,제주특별자치도,서귀포시,50130,제주특별자치도 서귀포시 중산간동로 8004,,33.2646817115,126.5615923055,주공5단지 까다쟁이 앞,동홍119안전센터,Y,1999,3.2,서귀포소방서,064-730-7182,2024-02-07,1661000,소방청
동홍-42호,1,제주특별자치도,서귀포시,50130,제주특별자치도 서귀포시 중앙로 150번길 46,,33.26141711,126.5622821,협심빌라 맞은편,동홍119안전센터,Y,1993,2.5,서귀포소방서,064-730-7182,2024-02-07,1661000,소방청
동홍-41호,1,제주특별자치도,서귀포시,50130,제주특별자치도 서귀포시 중앙로 148,,33.25789511,126.5604991,GS25 앞,동홍119안전센터,N,2022,3.8,서귀포소방서,064-730-7182,2024-02-07,1661000,소방청
동홍-40호,1,제주특별자치도,서귀포시,50130,제주특별자치도 서귀포시 장수로 57,,33.25593911,126.5613023496,홍로공영주차장 서측,동홍119안전센터,Y,1998,4.0,서귀포소방서,064-730-7182,2024-02-07,1661000,소방청
동홍-39호,1,제주특별자치도,서귀포시,50130,제주특별자치도 서귀포시 동홍중앙로 82,,33.25774111,126.5723021,아이나비 입구,동홍119안전센터,Y,1998,3.2,서귀포소방서,064-730-7182,2024-02-07,1661000,소방청
동홍-38호,1,제주특별자치도,서귀포시,50130,제주특별자치도 서귀포시 동홍동로 32번길 32,,33.2573661757,126.5782000729,동화나라 어린이집 앞,동홍119안전센터,Y,1998,3.2,서귀포소방서,064-730-7182,2024-02-07,1661000,소방청
동홍-37호,1,제주특별자치도,서귀포시,50130,제주특별자치도 서귀포시 동홍남로 74,,33.25669911,126.5761095346,현대사우나 주차장 입구,동홍119안전센터,Y,1998,3.2,서귀포소방서,064-730-7182,2024-02-07,1661000,소방청
동홍-36호,1,제주특별자치도,서귀포시,50130,제주특별자치도 서귀포시 동홍동로 19,,33.25670511,126.5745867364,시티레노시스 북측,동홍119안전센터,Y,1998,3.2,서귀포소방서,064-730-7182,2024-02-07,1661000,소방청
동홍-35호,1,제주특별자치도,서귀포시,50130,제주특별자치도 서귀포시 동홍중앙로 66번길 30-8,,33.25596911,126.5750904925,표선얼큰이 피자디노 앞,동홍119안전센터,Y,1998,3.2,서귀포소방서,064-730-7182,2024-02-07,1661000,소방청
동홍-34호,1,제주특별자치도,서귀포시,50130,제주특별자치도 서귀포시 동홍남로 82번길 13,,33.25569111,126.5769022761,비석거리 드림카랜드,동홍119안전센터,Y,1998,3.2,서귀포소방서,064-730-7182,2024-02-07,1661000,소방청
동홍-33호,1,제주특별자치도,서귀포시,50130,제주특별자치도 서귀포시 동홍남로 85,,33.25681611,126.5774617163,SK LPG주유소 앞,동홍119안전센터,Y,2020,3.2,서귀포소방서,064-730-7182,2024-02-07,1661000,소방청
동홍-32호,1,제주특별자치도,서귀포시,50130,제주특별자치도 서귀포시 동홍동로 32번길 32,,33.2573661757,126.5782000729,아이진3차 아파트 앞,동홍119안전센터,Y,1998,3.2,서귀포소방서,064-730-7182,2024-02-07,1661000,소방청
동홍-31호,1,제주특별자치도,서귀포시,50130,제주특별자치도 서귀포시 동홍북로 95,,33.25878411,126.5786577769,성완건설 맞은편,동홍119안전센터,Y,1998,3.2,서귀포소방서,064-730-7182,2024-02-07,1661000,소방청
동홍-30호,1,제주특별자치도,서귀포시,50130,제주특별자치도 서귀포시 동홍북로 86,,33.25845511,126.5774681,동홍북로 86 북측,동홍119안전센터,Y,1996,3.2,서귀포소방서,064-730-7182,2024-02-07,1661000,소방청
동홍-29호,1,제주특별자치도,서귀포시,50130,제주특별자치도 서귀포시 동홍북로 70,,33.25863411,126.5757841,밥먹엉갑써 앞,동홍119안전센터,Y,1998,3.2,서귀포소방서,064-730-7182,2024-02-07,1661000,소방청
동홍-28호,1,제주특별자치도,서귀포시,50130,제주특별자치도 서귀포시 동홍동로 41,,33.25874711,126.5746971,,동홍119안전센터,Y,1998,3.0,서귀포소방서,064-730-7182,2024-02-07,1661000,소방청
동홍-27호,1,제주특별자치도,서귀포시,50130,제주특별자치도 서귀포시 동홍북로 48,,33.25889711,126.5733141,대신오토바이 앞,동홍119안전센터,Y,1998,3.2,서귀포소방서,064-730-7182,2024-02-07,1661000,소방청
동홍-26호,1,제주특별자치도,서귀포시,50130,제주특별자치도 서귀포시 동홍북로 34,,33.25907911,126.5718671,하이스터디 앞,동홍119안전센터,Y,1996,3.2,서귀포소방서,064-730-7182,2024-02-07,1661000,소방청
동홍-25호,1,제주특별자치도,서귀포시,50130,제주특별자치도 서귀포시 동홍북로 22번길 2,,33.25909811,126.5705551,재즈앤클래식 음악학원 앞,동홍119안전센터,Y,1998,3.2,서귀포소방서,064-730-7182,2024-02-07,1661000,소방청
동홍-24호,1,제주특별자치도,서귀포시,50130,제주특별자치도 서귀포시 동홍서로 106,,33.2582820799,126.5697451,정음 음악학원 앞,동홍119안전센터,Y,1998,3.2,서귀포소방서,064-730-7182,2024-02-07,1661000,소방청
동홍-23호,1,제주특별자치도,서귀포시,50130,제주특별자치도 서귀포시 동홍서로 96,,33.25716811,126.5699865467,동홍위더스빌 앞,동홍119안전센터,Y,2020,3.2,서귀포소방서,064-730-7182,2024-02-07,1661000,소방청
동홍-22호,1,제주특별자치도,서귀포시,50130,제주특별자치도 서귀포시 동홍남로 24,,33.25679611,126.5706881,고기점방 앞,동홍119안전센터,Y,1998,3.2,서귀포소방서,064-730-7182,2024-02-07,1661000,소방청
동홍-21호,1,제주특별자치도,서귀포시,50130,제주특별자치도 서귀포시 동홍남로 45,,33.25708111,126.5733371,소랑 앞,동홍119안전센터,Y,1998,3.2,서귀포소방서,064-730-7182,2024-02-07,1661000,소방청
동홍-20호,1,제주특별자치도,서귀포시,50130,제주특별자치도 서귀포시 동홍남로 34,,33.25680211,126.5718641,산타가 주는 선물 앞,동홍119안전센터,Y,1998,3.2,서귀포소방서,064-730-7182,2024-02-07,1661000,소방청
동홍-19호,1,제주특별자치도,서귀포시,50130,제주특별자치도 서귀포시 동홍중앙로 58-1,,33.25599111,126.5722924,CU편의점 앞,동홍119안전센터,N,1998,3.2,서귀포소방서,064-730-7182,2024-02-07,1661000,소방청
동홍-18호,1,제주특별자치도,서귀포시,50130,제주특별자치도 서귀포시 동홍중앙로 50,,33.25509611,126.5722491,GS편의점 앞,동홍119안전센터,Y,2020,3.2,서귀포소방서,064-730-7182,2024-02-07,1661000,소방청
동홍-17호,1,제주특별자치도,서귀포시,50130,제주특별자치도 서귀포시 일주동로 8564,,33.25515711,126.5736211,전자랜드 앞,동홍119안전센터,Y,1998,3.2,서귀포소방서,064-730-7182,2024-02-07,1661000,소방청
동홍-16호,1,제주특별자치도,서귀포시,50130,제주특별자치도 서귀포시 일주동로 8554,,33.255245983,126.5740706115,마트로 앞,동홍119안전센터,Y,1998,3.2,서귀포소방서,064-730-7182,2024-02-07,1661000,소방청
동홍-15호,1,제주특별자치도,서귀포시,50130,제주특별자치도 서귀포시 일주동로 8538,,33.25507711,126.5760741,우리약국 앞,동홍119안전센터,Y,1996,3.2,서귀포소방서,064-730-7182,2024-02-07,1661000,소방청
동홍-14호,1,제주특별자치도,서귀포시,50130,제주특별자치도 서귀포시 태평로 540,,33.25204811,126.5748521,신신낚시 앞,동홍119안전센터,Y,1996,3.2,서귀포소방서,064-730-7182,2024-02-07,1661000,소방청
동홍-13호,1,제주특별자치도,서귀포시,50130,제주특별자치도 서귀포시 동홍중앙로 10,,33.2516099514,126.5721190093,주공1단지 입구,동홍119안전센터,Y,1993,3.5,서귀포소방서,064-730-7182,2024-02-07,1661000,소방청
동홍-12호,1,제주특별자치도,서귀포시,50130,제주특별자치도 서귀포시 태평로 512번길 9,,33.2499541133,126.5742225859,주공3단지 입구 인도상,동홍119안전센터,Y,1995,3.2,서귀포소방서,064-730-7182,2024-02-07,1661000,소방청
동홍-11+B14:N14호,1,제주특별자치도,서귀포시,50130,제주특별자치도 서귀포시 동홍서로 68,,33.25498111,126.5698541,정품 전자담배 앞,동홍119안전센터,Y,1998,3.2,서귀포소방서,064-730-7182,2024-02-07,1661000,소방청
동홍-10호,1,제주특별자치도,서귀포시,50130,제주특별자치도 서귀포시 일주동로 8622,,33.2546796962,126.5669772488,침대마을 앞,동홍119안전센터,Y,1998,3.2,서귀포소방서,064-730-7182,2024-02-07,1661000,소방청
동홍-09호,1,제주특별자치도,서귀포시,50130,제주특별자치도 서귀포시 동홍중앙로 39,,33.25436811,126.5718571,청해식당 남측,동홍119안전센터,Y,1998,3.2,서귀포소방서,064-730-7182,2024-02-07,1661000,소방청
동홍-08호,1,제주특별자치도,서귀포시,50130,제주특별자치도 서귀포시 일주동로 8593,,33.2543151596,126.56998918,노인복지회관 앞,동홍119안전센터,Y,1998,3.7,서귀포소방서,064-730-7182,2024-02-07,1661000,소방청
동홍-07호,1,제주특별자치도,서귀포시,50130,제주특별자치도 서귀포시 일주동로 8607,,33.25432511,126.5686529379,탑텐 앞,동홍119안전센터,Y,1998,3.2,서귀포소방서,064-730-7182,2024-02-07,1661000,소방청
동홍-06호,1,제주특별자치도,서귀포시,50130,제주특별자치도 서귀포시 문부로 11번길 9,,33.25296991,126.5687931685,동광기전 맞은편,동홍119안전센터,Y,1994,3.5,서귀포소방서,064-730-7182,2024-02-07,1661000,소방청
동홍-05호,1,제주특별자치도,서귀포시,50130,제주특별자치도 서귀포시 동홍중앙로 23,,33.25265941,126.5716167045,우성탕 앞,동홍119안전센터,Y,1996,3.2,서귀포소방서,064-730-7182,2024-02-07,1661000,소방청
동홍-04호,1,제주특별자치도,서귀포시,50130,제주특별자치도 서귀포시 문부로 25,,33.25224881,126.5706810808,문부로 커피숍 앞,동홍119안전센터,Y,1998,3.7,서귀포소방서,064-730-7182,2024-02-07,1661000,소방청
동홍-03호,1,제주특별자치도,서귀포시,50130,제주특별자치도 서귀포시 동홍서로 37,,33.25219821,126.5694718,CU편의점 앞,동홍119안전센터,Y,2020,3.2,서귀포소방서,064-730-7182,2024-02-07,1661000,소방청
동홍-02호,1,제주특별자치도,서귀포시,50130,제주특별자치도 서귀포시 동홍로 19,,33.2503109012,126.5676526,제주인화찐빵 앞,동홍119안전센터,Y,1998,2.5,서귀포소방서,064-730-7182,2024-02-07,1661000,소방청
동홍-01호,1,제주특별자치도,서귀포시,50130,제주특별자치도 서귀포시 동홍로 31,,33.2510259892,126.5671753346,구. 동홍119센터 입구,동홍119안전센터,Y,1996,3.2,서귀포소방서,064-730-7182,2024-02-07,1661000,소방청
혁신44호,1,제주특별자치도,서귀포시,50130,,제주특별자치도 서귀포시 법환동 1666-3,33.2497161283,126.5127756514,법환동 1666-3 공터주차장 입구 앞 인도상,대신119안전센터,Y,2015,4.5,서귀포소방서,064-730-7182,2024-02-07,1661000,소방청
혁신43호,1,제주특별자치도,서귀포시,50130,,제주특별자치도 서귀포시 서호동 1615-6,33.25074274,126.5206195206,LH3단지 입구 내리막길 인도상,대신119안전센터,Y,2015,4.5,서귀포소방서,064-730-7182,2024-02-07,1661000,소방청
혁신42호,1,제주특별자치도,서귀포시,50130,,제주특별자치도 서귀포시 서호동 1615-4,33.2516871774,126.521049549,LH3단지 입구 앞 인도상,대신119안전센터,Y,2015,4.5,서귀포소방서,064-730-7182,2024-02-07,1661000,소방청
혁신41호,1,제주특별자치도,서귀포시,50130,,제주특별자치도 서귀포시 서호동 1613-5,33.259014367,126.5153691,서호동 1613-5 도로상,대신119안전센터,Y,2015,4.5,서귀포소방서,064-730-7182,2024-02-07,1661000,소방청
혁신40호,1,제주특별자치도,서귀포시,50130,제주특별자치도 서귀포시 서호호근로 77,,33.2540469827,126.5241411,워시엔조이 셀프빨래방 맞은편 인도상,대신119안전센터,Y,2015,4.5,서귀포소방서,064-730-7182,2024-02-07,1661000,소방청
혁신39호,1,제주특별자치도,서귀포시,50130,,제주특별자치도 서귀포시 서호동 1544,33.2476121078,126.5221849552,서호동 1544 인근 삼거리 인도상,대신119안전센터,Y,2015,5.0,서귀포소방서,064-730-7182,2024-02-07,1661000,소방청
혁신38호,1,제주특별자치도,서귀포시,50130,,제주특별자치도 서귀포시 서호동 1548,33.2479266076,126.5180604694,혁신도시주유소 맞은편 인도상,대신119안전센터,Y,2015,5.0,서귀포소방서,064-730-7182,2024-02-07,1661000,소방청
혁신37호,1,제주특별자치도,서귀포시,50130,,제주특별자치도 서귀포시 서호동 1611,33.2496628671,126.517537902,서호동 1611 인근 인도상,대신119안전센터,Y,2015,5.0,서귀포소방서,064-730-7182,2024-02-07,1661000,소방청
혁신36호,1,제주특별자치도,서귀포시,50130,,제주특별자치도 서귀포시 서호동 1554-12,33.2482690554,126.5150362653,광대왓 버스정류장 앞 인도상,대신119안전센터,Y,2015,5.0,서귀포소방서,064-730-7182,2024-02-07,1661000,소방청
혁신35호,1,제주특별자치도,서귀포시,50130,제주특별자치도 서귀포시 서호남로32번길 29,,33.2484758517,126.5141603741,채점석베이커리 앞 인도상,대신119안전센터,Y,2015,4.0,서귀포소방서,064-730-7182,2024-02-07,1661000,소방청
혁신34호,1,제주특별자치도,서귀포시,50130,제주특별자치도 서귀포시 서호남로32번길 37,,33.2494698379,126.5144917104,에이바우트커피 앞 인도상,대신119안전센터,Y,2015,5.0,서귀포소방서,064-730-7182,2024-02-07,1661000,소방청
혁신33호,1,제주특별자치도,서귀포시,50130,,제주특별자치도 서귀포시 서호동 222-1,33.24981811,126.5242713253,서호동 222-1(LH1차 101동 앞 삼거리),대신119안전센터,N,2015,4.5,서귀포소방서,064-730-7182,2024-02-07,1661000,소방청
혁신32호,1,제주특별자치도,서귀포시,50130,,제주특별자치도 서귀포시 서호동 1577,33.2502206852,126.5194342701,CU서귀포부영점 맞은편 인도상,대신119안전센터,Y,2015,5.0,서귀포소방서,064-730-7182,2024-02-07,1661000,소방청
혁신31호,1,제주특별자치도,서귀포시,50130,제주특별자치도 서귀포시 서호남로 65,,33.2504129244,126.5195487523,하나로마트 맞은편 인도상,대신119안전센터,Y,2015,6.0,서귀포소방서,064-730-7182,2024-02-07,1661000,소방청
혁신30호,1,제주특별자치도,서귀포시,50130,,제주특별자치도 서귀포시 서호동 1611,33.2496628671,126.517537902,서호동 1611 로터리상 인도,대신119안전센터,Y,2015,6.0,서귀포소방서,064-730-7182,2024-02-07,1661000,소방청
혁신29호,1,제주특별자치도,서귀포시,50130,,제주특별자치도 서귀포시 서호동 1609,33.2481628842,126.5159145083,삼다체육공원 남측 맞은편 인도상,대신119안전센터,Y,2015,4.0,서귀포소방서,064-730-7182,2024-02-07,1661000,소방청
혁신28호,1,제주특별자치도,서귀포시,50130,제주특별자치도 서귀포시 서호남로32번길 45,,33.25023211,126.5149561,빠리바게뜨 앞 인도상,대신119안전센터,Y,2015,4.0,서귀포소방서,064-730-7182,2024-02-07,1661000,소방청
혁신27호,1,제주특별자치도,서귀포시,50130,제주특별자치도 서귀포시 신동로 20,,33.250115236,126.5127681,서귀포육아종합지원센터 앞 인도상,대신119안전센터,Y,2015,4.0,서귀포소방서,064-730-7182,2024-02-07,1661000,소방청
혁신26호,1,제주특별자치도,서귀포시,50130,,제주특별자치도 서귀포시 서호동 1576,33.2521444054,126.523461024,서호동 1576 (부영아파트111동 앞 정자 옆),대신119안전센터,Y,2015,6.0,서귀포소방서,064-730-7182,2024-02-07,1661000,소방청
혁신25호,1,제주특별자치도,서귀포시,50130,,제주특별자치도 서귀포시 서호동 1576,33.2521444054,126.523461024,서호동 1576 (부영아파트 106동 우측 골목길),대신119안전센터,Y,2015,4.0,서귀포소방서,064-730-7182,2024-02-07,1661000,소방청
혁신24호,1,제주특별자치도,서귀포시,50130,제주특별자치도 서귀포시 서호중앙로 55,,33.2525493248,126.5186144038,유포리아지식산업센터 입구 맞은편 인도상,대신119안전센터,Y,2015,5.0,서귀포소방서,064-730-7182,2024-02-07,1661000,소방청
혁신23호,1,제주특별자치도,서귀포시,50130,제주특별자치도 서귀포시 서호중앙로 63,,33.2536692363,126.5186143796,공무원연금공단 주차장 입구 맞은편 인도상,대신119안전센터,Y,2015,4.5,서귀포소방서,064-730-7182,2024-02-07,1661000,소방청
혁신22호,1,제주특별자치도,서귀포시,50130,,제주특별자치도 서귀포시 서호동 1603,33.2521538208,126.515698996,서호동 1603(혁신도시국민체육센터 인근 주차장 앞 인도상),대신119안전센터,Y,2015,4.5,서귀포소방서,064-730-7182,2024-02-07,1661000,소방청
혁신21호,1,제주특별자치도,서귀포시,50130,제주특별자치도 서귀포시 서호남로 19-30,,33.25281711,126.5157751,혁신도시국민체육센터 입구 앞 인도상,대신119안전센터,Y,2015,4.5,서귀포소방서,064-730-7182,2024-02-07,1661000,소방청
혁신20호,1,제주특별자치도,서귀포시,50130,제주특별자치도 서귀포시 서호중로 71,,33.2545666296,126.5204588933,한국국토정보공사 맞은편 인도상,대신119안전센터,Y,2015,4.5,서귀포소방서,064-730-7182,2024-02-07,1661000,소방청
혁신19호,1,제주특별자치도,서귀포시,50130,제주특별자치도 서귀포시 서호중앙로 63,,33.2536692363,126.5186143796,신신호텔 서귀포점 맞은편 인도상,대신119안전센터,Y,2015,4.5,서귀포소방서,064-730-7182,2024-02-07,1661000,소방청
혁신18호,1,제주특별자치도,서귀포시,50130,제주특별자치도 서귀포시 서호남로 19-40,,33.2537485616,126.5165643904,서귀포시노인복지관 입구 인도상,대신119안전센터,Y,2015,4.5,서귀포소방서,064-730-7182,2024-02-07,1661000,소방청
혁신17호,1,제주특별자치도,서귀포시,50130,,제주특별자치도 서귀포시 서호동 1526,33.2540791398,126.5153816099,서호동 1526 동측 인도상,대신119안전센터,Y,2015,4.5,서귀포소방서,064-730-7182,2024-02-07,1661000,소방청
혁신16호,1,제주특별자치도,서귀포시,50130,,제주특별자치도 서귀포시 서호동 1526,33.25404911,126.5153816099,서호동 1526 교차로 인근 인도상,대신119안전센터,Y,2015,4.5,서귀포소방서,064-730-7182,2024-02-07,1661000,소방청
혁신15호,1,제주특별자치도,서귀포시,50130,제주특별자치도 서귀포시 서호로 7-23,,33.2534358736,126.5228433134,서호로 7-23 인근 도로상,대신119안전센터,Y,2015,5.0,서귀포소방서,064-730-7182,2024-02-07,1661000,소방청
혁신14호,1,제주특별자치도,서귀포시,50130,제주특별자치도 서귀포시 새왓로 6,,33.2546459566,126.5210161668,서호동 1572 (수림빌II 서측 도로변),대신119안전센터,Y,2015,5.0,서귀포소방서,064-730-7182,2024-02-07,1661000,소방청
혁신13호,1,제주특별자치도,서귀포시,50130,제주특별자치도 서귀포시 새왓로 20,,33.2558033563,126.5204964582,서호동 824-6 순두부앤짬뽕 맞은편 도로상,대신119안전센터,Y,2015,5.0,서귀포소방서,064-730-7182,2024-02-07,1661000,소방청
혁신12호,1,제주특별자치도,서귀포시,50130,제주특별자치도 서귀포시 서호중앙로 84,,33.2545563574,126.5200164973,그랜드밀리언스서귀포 호텔 앞 인도상,대신119안전센터,Y,2015,5.0,서귀포소방서,064-730-7182,2024-02-07,1661000,소방청
혁신11호,1,제주특별자치도,서귀포시,50130,제주특별자치도 서귀포시 서호중앙로 99,,33.25612511,126.5184690666,국세공무원교육원 주차장 입구 맞은편 도로상,대신119안전센터,Y,2015,5.0,서귀포소방서,064-730-7182,2024-02-07,1661000,소방청
혁신10호,1,제주특별자치도,서귀포시,50130,제주특별자치도 서귀포시 서호중로 19,,33.2562415724,126.5156868812,"국세공무원교육원, 감귤길 공원 사잇도로상",대신119안전센터,Y,2015,5.0,서귀포소방서,064-730-7182,2024-02-07,1661000,소방청
혁신9호,1,제주특별자치도,서귀포시,50130,제주특별자치도 서귀포시 서호중로 19,,33.2562415724,126.5156868812,"국세공무원교육원, 감귤길 공원 사잇도로상",대신119안전센터,Y,2015,5.0,서귀포소방서,064-730-7182,2024-02-07,1661000,소방청
혁신8호,1,제주특별자치도,서귀포시,50130,제주특별자치도 서귀포시 새왓로 42,,33.2577990511,126.5202479561,바당어린이공원 인근 도로상,대신119안전센터,Y,2015,4.5,서귀포소방서,064-730-7182,2024-02-07,1661000,소방청
혁신7호,1,제주특별자치도,서귀포시,50130,제주특별자치도 서귀포시 서호북로 36,,33.2571859022,126.5177196077,국세상담센터 입구 로터리상,대신119안전센터,Y,2015,4.5,서귀포소방서,064-730-7182,2024-02-07,1661000,소방청
혁신6호,1,제주특별자치도,서귀포시,50130,제주특별자치도 서귀포시 서호북로 23,,33.25806811,126.5162751,서호동 1598 인근 삼거리상,대신119안전센터,Y,2015,4.5,서귀포소방서,064-730-7182,2024-02-07,1661000,소방청
혁신5호,1,제주특별자치도,서귀포시,50130,제주특별자치도 서귀포시 신서로98번길 80,,33.2584265073,126.5141902979,신서로98번길 80 인근 교차로 동측편,대신119안전센터,Y,2015,4.0,서귀포소방서,064-730-7182,2024-02-07,1661000,소방청
혁신4호,1,제주특별자치도,서귀포시,50130,제주특별자치도 서귀포시 새왓로 55,,33.25899211,126.5198408816,새왓로 55,대신119안전센터,Y,2015,5.0,서귀포소방서,064-730-7182,2024-02-07,1661000,소방청
혁신3호,1,제주특별자치도,서귀포시,50130,제주특별자치도 서귀포시 새왓로 63번길,,33.26061911,126.5199511,새왓로 63번길 도로변,대신119안전센터,Y,2015,5.0,서귀포소방서,064-730-7182,2024-02-07,1661000,소방청
혁신2호,1,제주특별자치도,서귀포시,50130,,제주특별자치도 서귀포시 서호동 1606,33.25915411,126.5187871,서호동 1606 (국립기상과학원1 북동측),대신119안전센터,Y,2015,5.0,서귀포소방서,064-730-7182,2024-02-07,1661000,소방청
혁신1호,1,제주특별자치도,서귀포시,50130,,제주특별자치도 서귀포시 서호동 1606,33.2591323309,126.5187097536,서호동 1606 (국립기상과학원2 입구 북동측),대신119안전센터,Y,2015,4.0,서귀포소방서,064-730-7182,2024-02-07,1661000,소방청
월산1호,1,제주특별자치도,서귀포시,50130,제주특별자치도 서귀포시 염돈로 123,,33.2596267189,126.4918291,염돈로 123 월산동 입구,대신119안전센터,Y,1998,3.0,서귀포소방서,064-730-7182,2024-02-07,1661000,소방청
도순7호,1,제주특별자치도,서귀포시,50130,제주특별자치도 서귀포시 도순로 44,,33.2507620647,126.4775399156,서귀포시 도순로 44(대천동주민센터 정문 서측),대신119안전센터,Y,2018,5.0,서귀포소방서,064-730-7182,2024-02-07,1661000,소방청
도순6호,1,제주특별자치도,서귀포시,50130,제주특별자치도 서귀포시 도순남로 55,,33.2492981583,126.4759477222,도순남로 55 (도순마을회관 남측 100m),대신119안전센터,Y,2017,3.0,서귀포소방서,064-730-7182,2024-02-07,1661000,소방청
도순5호,1,제주특별자치도,서귀포시,50130,제주특별자치도 서귀포시 일주서로 356,,33.2530087797,126.4708333478,일주서로 356 GS도순주유소 동측,대신119안전센터,Y,2013,7.0,서귀포소방서,064-730-7182,2024-02-07,1661000,소방청
도순4호,1,제주특별자치도,서귀포시,50130,제주특별자치도 서귀포시 중산간서로 355-1,,33.25894111,126.4752411,중산간서로 355-1 (도순동226-3) 장원산업 입구,대신119안전센터,Y,2012,6.0,서귀포소방서,064-730-7182,2024-02-07,1661000,소방청
도순3호,1,제주특별자치도,서귀포시,50130,제주특별자치도 서귀포시 말질로 34,,33.24827711,126.4779721,말질로 34 도순초등학교 동측입구 삼거리,대신119안전센터,Y,1996,3.0,서귀포소방서,064-730-7182,2024-02-07,1661000,소방청
도순2호,1,제주특별자치도,서귀포시,50130,제주특별자치도 서귀포시 도순남로29번길 1,,33.2506555222,126.4740921,도순남로29번길 1 도순 새마을금고 남측 100m,대신119안전센터,Y,1994,2.8,서귀포소방서,064-730-7182,2024-02-07,1661000,소방청
도순1호,1,제주특별자치도,서귀포시,50130,제주특별자치도 서귀포시 일주서로 324,,33.2529660837,126.4742071,일주서로 324 도순 대동철물 서측,대신119안전센터,Y,1994,6.0,서귀포소방서,064-730-7182,2024-02-07,1661000,소방청
염돈2호,1,제주특별자치도,서귀포시,50130,제주특별자치도 서귀포시 염돈로 22,,33.2520070726,126.4941021,염돈로 22 염돈마을 삼거리,대신119안전센터,Y,2004,5.0,서귀포소방서,064-730-7182,2024-02-07,1661000,소방청
염돈1호,1,제주특별자치도,서귀포시,50130,제주특별자치도 서귀포시 일주서로 136,,33.2502592169,126.4934467597,일주서로 136 염돈주유소 동측,대신119안전센터,Y,1999,3.0,서귀포소방서,064-730-7182,2024-02-07,1661000,소방청
용흥3호,1,제주특별자치도,서귀포시,50130,제주특별자치도 서귀포시 중산간서로 278,,33.2612941824,126.4819064745,중산간서로 278 건너편 궁산입구 삼거리,대신119안전센터,Y,2003,6.0,서귀포소방서,064-730-7182,2024-02-07,1661000,소방청
용흥2호,1,제주특별자치도,서귀포시,50130,제주특별자치도 서귀포시 일주서로 232,,33.2505773282,126.4832385333,일주서로 232 용흥코사마트 동측,대신119안전센터,Y,1994,6.0,서귀포소방서,064-730-7182,2024-02-07,1661000,소방청
용흥1호,1,제주특별자치도,서귀포시,50130,제주특별자치도 서귀포시 용흥로 35,,33.2514876952,126.4843452195,용흥로 35 용흥상회 동측 60m,대신119안전센터,N,2015,3.0,서귀포소방서,064-730-7182,2024-02-07,1661000,소방청
월평5호,1,제주특별자치도,서귀포시,50130,제주특별자치도 서귀포시 이어도로 417번길 1,,33.2426648001,126.4636831,,대신119안전센터,N,2020,3.0,서귀포소방서,064-730-7182,2024-02-07,1661000,소방청
월평4호,1,제주특별자치도,서귀포시,50130,제주특별자치도 서귀포시 월평로 17-4,,33.2451251562,126.4591397429,월평로 17-4 월평교회 북측 삼거리,대신119안전센터,N,2009,3.0,서귀포소방서,064-730-7182,2024-02-07,1661000,소방청
월평3호,1,제주특별자치도,서귀포시,50130,제주특별자치도 서귀포시 월평하원로 11,,33.2432484306,126.4603039059,월평하원로 11 송이슈퍼 앞,대신119안전센터,Y,1996,3.0,서귀포소방서,064-730-7182,2024-02-07,1661000,소방청
월평2호,1,제주특별자치도,서귀포시,50130,제주특별자치도 서귀포시 월평로 44,,33.24578211,126.4613262726,월평로 44 월평마을회관 앞,대신119안전센터,Y,2007,2.5,서귀포소방서,064-730-7182,2024-02-07,1661000,소방청
월평1호,1,제주특별자치도,서귀포시,50130,제주특별자치도 서귀포시 월평로 142,,33.2535390521,126.4614097021,월평로 142 하원버스 정류소 서측,대신119안전센터,Y,2007,2.5,서귀포소방서,064-730-7182,2024-02-07,1661000,소방청
호근10호,1,제주특별자치도,서귀포시,50130,,제주특별자치도 서귀포시 호근동 1054-3,33.2715088113,126.5284251,서귀포시 호근동 1054-3,대신119안전센터,Y,2020,8.0,서귀포소방서,064-730-7182,2024-02-07,1661000,소방청
호근9호,1,제주특별자치도,서귀포시,50130,제주특별자치도 서귀포시 호근북로 13,,33.25848411,126.5283339431,호근북로 13,대신119안전센터,Y,2019,4.0,서귀포소방서,064-730-7182,2024-02-07,1661000,소방청
호근8호,1,제주특별자치도,서귀포시,50130,제주특별자치도 서귀포시 중산간동로 8260,,33.2619730805,126.534514774,서귀포시 중산간동로 8260(호근동) 구.용진카센터 앞,대신119안전센터,Y,2015,4.5,서귀포소방서,064-730-7182,2024-02-07,1661000,소방청
호근7호,1,제주특별자치도,서귀포시,50130,제주특별자치도 서귀포시 태평로 58,,33.24475911,126.5292488988,태평로 58 서귀여고 서측 사거리,대신119안전센터,Y,2007,5.0,서귀포소방서,064-730-7182,2024-02-07,1661000,소방청
호근6호,1,제주특별자치도,서귀포시,50130,제주특별자치도 서귀포시 호근서호로 93,,33.2570973119,126.5308578583,호근서호로 93 호근동 동문버스 정류장 맞은편,대신119안전센터,Y,2007,5.0,서귀포소방서,064-730-7182,2024-02-07,1661000,소방청
호근5호,1,제주특별자치도,서귀포시,50130,제주특별자치도 서귀포시 호근서호로 2번길 1,,33.2553931058,126.5405308289,호근서호로 2번길 1 호근동 용당삼거리,대신119안전센터,Y,2000,3.5,서귀포소방서,064-730-7182,2024-02-07,1661000,소방청
호근4호,1,제주특별자치도,서귀포시,50130,제주특별자치도 서귀포시 중산간동로 8212,,33.2626169363,126.5393579622,서귀포시 중산간동로 8212(구.한라웨딩홀 동측 30m),대신119안전센터,Y,2018,7.0,서귀포소방서,064-730-7182,2024-02-07,1661000,소방청
호근3호,1,제주특별자치도,서귀포시,50130,제주특별자치도 서귀포시 중산간동로 8338,,33.2615234781,126.5260519442,중산간동로 8338 반도주유소 동측,대신119안전센터,Y,1995,7.5,서귀포소방서,064-730-7182,2024-02-07,1661000,소방청
호근2호,1,제주특별자치도,서귀포시,50130,제주특별자치도 서귀포시 호근서호로 94,,33.2575220242,126.5308699687,호근서호로 94 호근동 동문 버스정류장,대신119안전센터,Y,1993,6.0,서귀포소방서,064-730-7182,2024-02-07,1661000,소방청
호근1호,1,제주특별자치도,서귀포시,50130,제주특별자치도 서귀포시 호근서호로 123,,33.2571155071,126.5277328173,호근서호로 123 호근마을회관 앞,대신119안전센터,Y,1993,6.0,서귀포소방서,064-730-7182,2024-02-07,1661000,소방청
법환11호,1,제주특별자치도,서귀포시,50130,제주특별자치도 서귀포시 이어도로 870,,33.23645111,126.507690061,서귀포시 이어도로 870(해사랑 식당 맞은편),대신119안전센터,Y,2018,7.0,서귀포소방서,064-730-7182,2024-02-07,1661000,소방청
법환10호,1,제주특별자치도,서귀포시,50130,제주특별자치도 서귀포시 월드컵로30번길 3,,33.2468143972,126.5065280481,월드컵로30번길 3 (제주월컵경기장 정문 맞은편),대신119안전센터,Y,2017,3.0,서귀포소방서,064-730-7182,2024-02-07,1661000,소방청
법환9호,1,제주특별자치도,서귀포시,50130,제주특별자치도 서귀포시 법환상로 20,,33.2415134298,126.5146795827,법환상로 20 헤리지움 앞,대신119안전센터,Y,2011,3.0,서귀포소방서,064-730-7182,2024-02-07,1661000,소방청
법환8호,1,제주특별자치도,서귀포시,50130,제주특별자치도 서귀포시 법환로 1,,33.236140604,126.5146141,법환로 1 법환어촌계회관 서측 30m지점,대신119안전센터,Y,2011,4.0,서귀포소방서,064-730-7182,2024-02-07,1661000,소방청
법환7호,1,제주특별자치도,서귀포시,50130,제주특별자치도 서귀포시 법환하로 25,,33.235126585,126.5122891645,법환하로 21번길 2 법환 GS25시 남측 200m 지점,대신119안전센터,N,2010,4.0,서귀포소방서,064-730-7182,2024-02-07,1661000,소방청
법환6호,1,제주특별자치도,서귀포시,50130,제주특별자치도 서귀포시 일주동로 9097,,33.2469593057,126.5209689303,일주동로 9097 서귀포GS충전소 옆,대신119안전센터,Y,2009,4.0,서귀포소방서,064-730-7182,2024-02-07,1661000,소방청
법환5호,1,제주특별자치도,서귀포시,50130,제주특별자치도 서귀포시 법환상로 53,,33.2406809436,126.5109931961,법환상로 53 법환작목반 앞,대신119안전센터,N,2009,2.5,서귀포소방서,064-730-7182,2024-02-07,1661000,소방청
법환4호,1,제주특별자치도,서귀포시,50130,제주특별자치도 서귀포시 이어도로 930-1,,33.2379598913,126.5138849718,이어도로 930-1 법환 새마을금고 맞은편 인도,대신119안전센터,Y,1993,3.0,서귀포소방서,064-730-7182,2024-02-07,1661000,소방청
법환3호,1,제주특별자치도,서귀포시,50130,제주특별자치도 서귀포시 이어도로 879,,33.2377394343,126.5088333579,서귀포시 이어도로 879(법환초등학교 정문 동측),대신119안전센터,Y,1993,5.0,서귀포소방서,064-730-7182,2024-02-07,1661000,소방청
법환2호,1,제주특별자치도,서귀포시,50130,제주특별자치도 서귀포시 이어도로 913,,33.23734611,126.5121729872,서귀포시 이어도로 913(서귀포농협 법환지점 서측 사거리),대신119안전센터,Y,1994,4.5,서귀포소방서,064-730-7182,2024-02-07,1661000,소방청
법환1호,1,제주특별자치도,서귀포시,50130,제주특별자치도 서귀포시 이어도로 968,,33.240465099,126.5165996411,서귀포시 이어도로 968(법환마을회관 옆),대신119안전센터,Y,2016,4.5,서귀포소방서,064-730-7182,2024-02-07,1661000,소방청
신법환11호,1,제주특별자치도,서귀포시,50130,제주특별자치도 서귀포시 서호남로20,,33.2495630573,126.514096949,서귀포시 서호남로20(서귀포소방서 대신119센터 앞),대신119안전센터,Y,2018,3.5,서귀포소방서,064-730-7182,2024-02-07,1661000,소방청
신법환10호,1,제주특별자치도,서귀포시,50130,제주특별자치도 서귀포시 신서귀로 3,,33.249588851,126.5097337036,,대신119안전센터,Y,1993,3.0,서귀포소방서,064-730-7182,2024-02-07,1661000,소방청
신법환9호,1,제주특별자치도,서귀포시,50130,제주특별자치도 서귀포시 김정문화로 52,,33.2509551303,126.5101336326,,대신119안전센터,Y,1993,5.0,서귀포소방서,064-730-7182,2024-02-07,1661000,소방청
신법환8호,1,제주특별자치도,서귀포시,50130,제주특별자치도 서귀포시 신중남로 1,,33.25180811,126.507978739,서귀포시 김정문화로 32(김정문화회관 북측 삼거리),대신119안전센터,Y,1993,6.0,서귀포소방서,064-730-7182,2024-02-07,1661000,소방청
신법환7호,1,제주특별자치도,서귀포시,50130,제주특별자치도 서귀포시 신서로48번길 39,,33.253434615,126.5093356709,서귀포시 신서로48번길 39(신서귀자동차공업사 서측 사거리),대신119안전센터,Y,1993,5.0,서귀포소방서,064-730-7182,2024-02-07,1661000,소방청
신법환6호,1,제주특별자치도,서귀포시,50130,제주특별자치도 서귀포시 신서귀로 43,,33.25296311,126.5109196236,,대신119안전센터,Y,1993,6.0,서귀포소방서,064-730-7182,2024-02-07,1661000,소방청
신법환5호,1,제주특별자치도,서귀포시,50130,제주특별자치도 서귀포시 신중로 56,,33.2541064965,126.5107975899,서귀포시 신중로 56(한국전력 동측 사거리),대신119안전센터,Y,1993,6.0,서귀포소방서,064-730-7182,2024-02-07,1661000,소방청
신법환4호,1,제주특별자치도,서귀포시,50130,제주특별자치도 서귀포시 신중로 46,,33.2546983435,126.5099093867,서귀포시 신중로 46(전. 대륜119센터 앞),대신119안전센터,Y,1993,6.0,서귀포소방서,064-730-7182,2024-02-07,1661000,소방청
신법환3호,1,제주특별자치도,서귀포시,50130,제주특별자치도 서귀포시 신중로 27,,33.2561527307,126.5092395624,서귀포시 신서로122번길 81(서귀포경찰서 후문 입구),대신119안전센터,Y,1993,6.0,서귀포소방서,064-730-7182,2024-02-07,1661000,소방청
신법환2호,1,제주특별자치도,서귀포시,50130,제주특별자치도 서귀포시 신동로67번길 23,,33.25584611,126.511915148,서귀포시 신동로67번길 23(시청 제2청사 후문 북측),대신119안전센터,Y,1993,6.0,서귀포소방서,064-730-7182,2024-02-07,1661000,소방청
신법환1호,1,제주특별자치도,서귀포시,50130,제주특별자치도 서귀포시 신서로122번길 67,,33.2571880199,126.5096843952,서귀포시 신서로122번길 67(시청 제2청사 북측 삼거리),대신119안전센터,Y,2015,3.0,서귀포소방서,064-730-7182,2024-02-07,1661000,소방청
서호8호,1,제주특별자치도,서귀포시,50130,제주특별자치도 서귀포시 이어도로 1060,,33.2457392793,126.5240840279,서귀포시 서호동 30-7(화이트캐슬 앞 인도),대신119안전센터,Y,2019,3.5,서귀포소방서,064-730-7182,2024-02-07,1661000,소방청
서호7호,1,제주특별자치도,서귀포시,50130,제주특별자치도 서귀포시 호근서호로 182-9,,33.25792111,126.5222987579,서귀포시 호근서호로 182-9(서호마을회관 북측 삼거리),대신119안전센터,Y,1985,3.5,서귀포소방서,064-730-7182,2024-02-07,1661000,소방청
서호6호,1,제주특별자치도,서귀포시,50130,제주특별자치도 서귀포시 일주동로 9052,,33.2474112606,126.5259020386,,대신119안전센터,Y,2007,5.0,서귀포소방서,064-730-7182,2024-02-07,1661000,소방청
서호5호,1,제주특별자치도,서귀포시,50130,제주특별자치도 서귀포시 호근로26번길 10,,33.2540349214,126.5268329416,서귀포시 호근로26번길 10(호근 재활용 도움센터 옆),대신119안전센터,Y,2018,4.0,서귀포소방서,064-730-7182,2024-02-07,1661000,소방청
서호4호,1,제주특별자치도,서귀포시,50130,제주특별자치도 서귀포시 호근서호로 154,,33.2576370523,126.5246680445,서귀포시 호근서호로 154(호근 GS편의점 사거리 동북측),대신119안전센터,Y,1992,4.5,서귀포소방서,064-730-7182,2024-02-07,1661000,소방청
서호3호,1,제주특별자치도,서귀포시,50130,제주특별자치도 서귀포시 서호상로 39,,33.2599615887,126.5219063527,서귀포시 서호상로 39(중산간 서호 입구 남측 200m),대신119안전센터,Y,1993,6.0,서귀포소방서,064-730-7182,2024-02-07,1661000,소방청
서호2호,1,제주특별자치도,서귀포시,50130,제주특별자치도 서귀포시 막동산로 25,,33.25626311,126.5233499554,서귀포시 막동산로 25(막동산식당 북측 사거리),대신119안전센터,Y,1992,6.0,서귀포소방서,064-730-7182,2024-02-07,1661000,소방청
서호1호,1,제주특별자치도,서귀포시,50130,제주특별자치도 서귀포시 이어도로 1042,,33.2445059892,126.5225204707,서귀포시 이어도로 1042(하영횟집 입구 맞은편),대신119안전센터,Y,1992,5.5,서귀포소방서,064-730-7182,2024-02-07,1661000,소방청
신서호10호,1,제주특별자치도,서귀포시,50130,제주특별자치도 서귀포시 김정문화로 73,,33.2507879708,126.5123596062,,대신119안전센터,Y,2017,3.0,서귀포소방서,064-730-7182,2024-02-07,1661000,소방청
신서호9호,1,제주특별자치도,서귀포시,50130,제주특별자치도 서귀포시 신중로 74,,33.2539124545,126.5129998608,서귀포시 신중로 74(일심공인중개사 사무소 앞),대신119안전센터,Y,2015,3.5,서귀포소방서,064-730-7182,2024-02-07,1661000,소방청
신서호8호,1,제주특별자치도,서귀포시,50130,제주특별자치도 서귀포시 신서귀로76번길 6-3,,33.2566772509,126.5133114056,서귀포시 신서귀로76번길 6-3(새서귀초등학교 남동측),대신119안전센터,Y,1994,6.0,서귀포소방서,064-730-7182,2024-02-07,1661000,소방청
신서호7호,1,제주특별자치도,서귀포시,50130,제주특별자치도 서귀포시 신서귀로76번길 17,,33.2570593772,126.5124640649,서귀포시 신서귀로76번길 17(새서귀초등학교 서측),대신119안전센터,Y,2017,6.0,서귀포소방서,064-730-7182,2024-02-07,1661000,소방청
신서호6호,1,제주특별자치도,서귀포시,50130,제주특별자치도 서귀포시 신서로88번길 79,,33.2578933569,126.514070156,서귀포시 신서로88번길 79(새서귀초등학교 북동측),대신119안전센터,Y,2015,4.0,서귀포소방서,064-730-7182,2024-02-07,1661000,소방청
신서호5호,1,제주특별자치도,서귀포시,50130,제주특별자치도 서귀포시 신북로 25,,33.25835211,126.5114980999,서귀포시 신북로 25(매일유업 앞 사거리),대신119안전센터,Y,2005,4.5,서귀포소방서,064-730-7182,2024-02-07,1661000,소방청
신서호4호,1,제주특별자치도,서귀포시,50130,제주특별자치도 서귀포시 신북로 9,,33.2580428104,126.5131849263,,대신119안전센터,Y,2005,6.0,서귀포소방서,064-730-7182,2024-02-07,1661000,소방청
신서호3호,1,제주특별자치도,서귀포시,50130,제주특별자치도 서귀포시 신동로 129,,33.2599289206,126.5144758231,서귀포시 신동로 129(찬밀면 식당 맞은편 인도상),대신119안전센터,Y,2017,6.0,서귀포소방서,064-730-7182,2024-02-07,1661000,소방청
신서호2호,1,제주특별자치도,서귀포시,50130,제주특별자치도 서귀포시 신동로67번길 76,,33.25981911,126.5110474635,서귀포시 신동로67번길 76(삼강식당 서쪽 100m),대신119안전센터,Y,2018,4.5,서귀포소방서,064-730-7182,2024-02-07,1661000,소방청
신서호1호,1,제주특별자치도,서귀포시,50130,제주특별자치도 서귀포시 신동로 119,,33.2591242868,126.514308457,신동로 119,대신119안전센터,Y,2017,3.0,서귀포소방서,064-730-7182,2024-02-07,1661000,소방청
강정9호,1,제주특별자치도,서귀포시,50130,제주특별자치도 서귀포시 말질로 274,,33.2288131466,126.4758307957,서귀포시 말질로 274,대신119안전센터,Y,2023,3.0,서귀포소방서,064-730-7182,2024-02-07,1661000,소방청
강정8호,1,제주특별자치도,서귀포시,50130,,제주특별자치도 서귀포시 강정동 4289-2,33.240499342,126.4794106965,강정동 4289-2,대신119안전센터,Y,2015,3.0,서귀포소방서,064-730-7182,2024-02-07,1661000,소방청
강정7호,1,제주특별자치도,서귀포시,50130,제주특별자치도 서귀포시 이어도로 826-6,,33.234993665,126.5028998494,이어도로 826-6(서건도 버스정류소 옆),대신119안전센터,Y,2015,3.0,서귀포소방서,064-730-7182,2024-02-07,1661000,소방청
강정6호,1,제주특별자치도,서귀포시,50130,제주특별자치도 서귀포시 이어도로 793,,33.23661311,126.5000917673,이어도로 793(레지나식당 앞 인도상),대신119안전센터,Y,2008,3.0,서귀포소방서,064-730-7182,2024-02-07,1661000,소방청
강정5호,1,제주특별자치도,서귀포시,50130,제주특별자치도 서귀포시 이어도로 721,,33.2359358858,126.4920354594,이어도로 721(조은리조트 입구),대신119안전센터,Y,2005,5.0,서귀포소방서,064-730-7182,2024-02-07,1661000,소방청
강정4호,1,제주특별자치도,서귀포시,50130,제주특별자치도 서귀포시 이어도로 541-1,,33.2377942286,126.4751810934,이어도로 541-1 일강정선과장(새마을금고 서측 150m)옆,대신119안전센터,Y,2004,5.0,서귀포소방서,064-730-7182,2024-02-07,1661000,소방청
강정3호,1,제주특별자치도,서귀포시,50130,제주특별자치도 서귀포시 말질로 178,,33.2358274893,126.4797698331,말질로 178 (강정동 코사마트 앞),대신119안전센터,Y,1994,5.0,서귀포소방서,064-730-7182,2024-02-07,1661000,소방청
강정2호,1,제주특별자치도,서귀포시,50130,제주특별자치도 서귀포시 이어도로 571,,33.23630111,126.4777413583,이어도로 571(중문농협 강정지점 맞은편 인도상),대신119안전센터,Y,2018,5.0,서귀포소방서,064-730-7182,2024-02-07,1661000,소방청
강정1호,1,제주특별자치도,서귀포시,50130,제주특별자치도 서귀포시 말질로 162-2,,33.23715211,126.4798925131,강정동 4458-1 맞은편,대신119안전센터,Y,1993,3.5,서귀포소방서,064-730-7182,2024-02-07,1661000,소방청
신강정25호,1,제주특별자치도,서귀포시,50130,제주특별자치도 서귀포시 대청로 37,,33.252768419,126.5036821807,대청로 37 (강정지구 유승한내들 아파트 북측 도로상),대신119안전센터,Y,2013,3.5,서귀포소방서,064-730-7182,2024-02-07,1661000,소방청
신강정24호,1,제주특별자치도,서귀포시,50130,제주특별자치도 서귀포시 신서로 55,,33.2549064896,126.5047559975,신서로 55 (강정지구 상록아파트 103동 앞 도로상),대신119안전센터,Y,2013,3.5,서귀포소방서,064-730-7182,2024-02-07,1661000,소방청
신강정23호,1,제주특별자치도,서귀포시,50130,제주특별자치도 서귀포시 대청로 25번길 8,,33.2530683277,126.5028341,대청로 25번길 8 (강정지구 LH아파트 101동 앞 도로상),대신119안전센터,Y,2013,3.5,서귀포소방서,064-730-7182,2024-02-07,1661000,소방청
신강정22호,1,제주특별자치도,서귀포시,50130,제주특별자치도 서귀포시 대청로 11,,33.2528988807,126.5003937565,대청로 11 (강정지구 골드클레스아파트 105동 앞 도로상),대신119안전센터,Y,2013,3.5,서귀포소방서,064-730-7182,2024-02-07,1661000,소방청
신강정21호,1,제주특별자치도,서귀포시,50130,제주특별자치도 서귀포시 대청로 34,,33.2523511151,126.5030648227,대청로 34 (강정지구 중흥S클레스와 유승한내들 사이 인도상),대신119안전센터,Y,2013,3.5,서귀포소방서,064-730-7182,2024-02-07,1661000,소방청
신강정20호,1,제주특별자치도,서귀포시,50130,제주특별자치도 서귀포시 일주서로 63,,33.2495162073,126.5011699478,강정동 197 앞 인도상,대신119안전센터,Y,2013,3.5,서귀포소방서,064-730-7182,2024-02-07,1661000,소방청
신강정19호,1,제주특별자치도,서귀포시,50130,제주특별자치도 서귀포시 대청로 11,,33.25280711,126.5003937565,대청로 11 (강정지구 골드클레스아파트 101동 앞 도로상),대신119안전센터,Y,2013,3.5,서귀포소방서,064-730-7182,2024-02-07,1661000,소방청
신강정18호,1,제주특별자치도,서귀포시,50130,제주특별자치도 서귀포시 대청로25번길 9,,33.2532596317,126.5022400354,대청로25번길 9 (강정LH아파트 104동 뒤 도로상),대신119안전센터,Y,2013,3.5,서귀포소방서,064-730-7182,2024-02-07,1661000,소방청
신강정17호,1,제주특별자치도,서귀포시,50130,제주특별자치도 서귀포시 신서로 55,,33.2549064896,126.5047559975,신서로 55 (강정상록아파트 105동 뒤 도로상),대신119안전센터,Y,2013,3.5,서귀포소방서,064-730-7182,2024-02-07,1661000,소방청
신강정16호,1,제주특별자치도,서귀포시,50130,제주특별자치도 서귀포시 일주서로 7,,33.24936111,126.5073568367,일주서로 7 (맥도날드 동측 횡단보도),대신119안전센터,Y,2008,2.1,서귀포소방서,064-730-7182,2024-02-07,1661000,소방청
신강정15호,1,제주특별자치도,서귀포시,50130,제주특별자치도 서귀포시 중산간서로 95,,33.2598740836,126.5017752867,중산간서로 95 (강창학구장 입구 동측 50m),대신119안전센터,Y,2015,5.0,서귀포소방서,064-730-7182,2024-02-07,1661000,소방청
신강정14호,1,제주특별자치도,서귀포시,50130,제주특별자치도 서귀포시 신서귀로 97번길 87,,33.2512153559,126.5061708701,신서귀로 97번길 87 (대림한숲빌라 입구 남측50m),대신119안전센터,Y,2013,3.5,서귀포소방서,064-730-7182,2024-02-07,1661000,소방청
신강정13호,1,제주특별자치도,서귀포시,50130,제주특별자치도 서귀포시 신서귀로 97번길 87,,33.2512153559,126.5061708701,신서귀로 97번길 87 (호텔빠레브 건너편),대신119안전센터,Y,1993,6.0,서귀포소방서,064-730-7182,2024-02-07,1661000,소방청
신강정12호,1,제주특별자치도,서귀포시,50130,제주특별자치도 서귀포시 김정문화로 3,,33.25258211,126.5050051,김정문화로 3 (중문농협 동부지점 앞),대신119안전센터,Y,2015,3.0,서귀포소방서,064-730-7182,2024-02-07,1661000,소방청
신강정11호,1,제주특별자치도,서귀포시,50130,제주특별자치도 서귀포시 신서로 50,,33.2544342489,126.5053528531,신서로 50 (상록@ 102동 동측사거리 인도),대신119안전센터,Y,2014,6.0,서귀포소방서,064-730-7182,2024-02-07,1661000,소방청
신강정10호,1,제주특별자치도,서귀포시,50130,제주특별자치도 서귀포시 신서귀로 97번길 47,,33.2542816977,126.5071251234,신서귀로 97번길 47 (국민건강보험공단 남측100m),대신119안전센터,Y,1993,6.0,서귀포소방서,064-730-7182,2024-02-07,1661000,소방청
신강정9호,1,제주특별자치도,서귀포시,50130,제주특별자치도 서귀포시 신중로 26,,33.2551865218,126.5078641572,신중로 26 (국민건강보험공단 서측 사거리),대신119안전센터,Y,1993,6.0,서귀포소방서,064-730-7182,2024-02-07,1661000,소방청
신강정8호,1,제주특별자치도,서귀포시,50130,제주특별자치도 서귀포시 신서로 66,,33.25587411,126.5055153651,신서로 66 (대신중학교 후문 남측도로 끝),대신119안전센터,Y,2015,3.0,서귀포소방서,064-730-7182,2024-02-07,1661000,소방청
신강정7호,1,제주특별자치도,서귀포시,50130,제주특별자치도 서귀포시 신서로 81-3,,33.2572275293,126.5054313363,서귀포시 신서로 81-3(대신중학교 후문 맞은편),대신119안전센터,Y,2018,6.0,서귀포소방서,064-730-7182,2024-02-07,1661000,소방청
신강정6호,1,제주특별자치도,서귀포시,50130,제주특별자치도 서귀포시 신중로13번길 16,,33.25709311,126.5074406258,신중로 13번길 16 (대신중학교 정문앞),대신119안전센터,Y,2015,3.0,서귀포소방서,064-730-7182,2024-02-07,1661000,소방청
신강정5호,1,제주특별자치도,서귀포시,50130,제주특별자치도 서귀포시 신북로 65-1,,33.25812111,126.5073051,신북로 65-1 (빅토리아 원룸 맞은편),대신119안전센터,Y,2014,3.0,서귀포소방서,064-730-7182,2024-02-07,1661000,소방청
신강정4호,1,제주특별자치도,서귀포시,50130,제주특별자치도 서귀포시 신북로 51,,33.25849211,126.508889907,신북로 51 (사거리 횡단보도),대신119안전센터,Y,2014,3.0,서귀포소방서,064-730-7182,2024-02-07,1661000,소방청
신강정3호,1,제주특별자치도,서귀포시,50130,제주특별자치도 서귀포시 신서로108번길 2,,33.2594028705,126.5061021,신서로 108번길 2(공간하이츠빌 우측 화단),대신119안전센터,Y,2017,3.5,서귀포소방서,064-730-7182,2024-02-07,1661000,소방청
신강정2호,1,제주특별자치도,서귀포시,50130,제주특별자치도 서귀포시 신서로108번길 25,,33.26066411,126.5080750216,서귀포시 신서로108번길 25(녹지공원 계단 입구),대신119안전센터,Y,2018,4.0,서귀포소방서,064-730-7182,2024-02-07,1661000,소방청
신강정1호,1,제주특별자치도,서귀포시,50130,제주특별자치도 서귀포시 신서로 120,,33.2607749608,126.5063803449,서귀포시 신서로 120(건물뒷편 삼거리),대신119안전센터,Y,2018,3.0,서귀포소방서,064-730-7182,2024-02-07,1661000,소방청
제주추자-020,1,제주특별자치도,제주시,50110,,제주특별자치도 제주시 추자면 예초리 200-7,33.9554844716,126.3324983806,예초리 버스정류장 옆,추자119지역대,Y,2023,3.2,제주소방서,064-729-0172,2024-02-07,1661000,소방청
제주추자-019,1,제주특별자치도,제주시,50110,제주특별자치도 제주시 추자면 신양2길 97,제주특별자치도 제주시 추자면 신양리 158,33.9474916005,126.3317805593,추자면 추자피싱랜드 인근,추자119지역대,Y,2019,3.2,제주소방서,064-729-0172,2024-02-07,1661000,소방청
제주추자-018,1,제주특별자치도,제주시,50110,제주특별자치도 제주시 추자면 신양서길 12,제주특별자치도 제주시 추자면 신양리 805-1,33.9415467903,126.3208351772,신양2리 경로당 앞,추자119지역대,Y,2019,3.2,제주소방서,064-729-0172,2024-02-07,1661000,소방청
제주추자-017,1,제주특별자치도,제주시,50110,제주특별자치도 제주시 추자면 대서2길 11,제주특별자치도 제주시 추자면 대서리 9,33.9639452318,126.2970971,추자도 우체국 정면,추자119지역대,Y,2017,3.6,제주소방서,064-729-0172,2024-02-07,1661000,소방청
제주추자-016,1,제주특별자치도,제주시,50110,제주특별자치도 제주시 추자면 대서4길 20,제주특별자치도 제주시 추자면 대서리 112,33.96325411,126.2935478074,추자면 조은민박 뒤쪽,추자119지역대,Y,2017,4.0,제주소방서,064-729-0172,2024-02-07,1661000,소방청
제주추자-015,1,제주특별자치도,제주시,50110,제주특별자치도 제주시 추자면 영흥1길 44,제주특별자치도 제주시 추자면 영흥리 355-1,33.9601784173,126.2955460772,영흥1길44 앞 화단,추자119지역대,Y,2017,3.2,제주소방서,064-729-0172,2024-02-07,1661000,소방청
제주추자-014,1,제주특별자치도,제주시,50110,제주특별자치도 제주시 추자면 묵리 2길 37-11,제주특별자치도 제주시 추자면 묵리 401-1,33.9455680535,126.3144202812,추자면 묵리 산방향 중앙지점,추자119지역대,Y,2017,4.5,제주소방서,064-729-0172,2024-02-07,1661000,소방청
제주추자-013,1,제주특별자치도,제주시,50110,제주특별자치도 제주시 추자면 묵리2길 37,제주특별자치도 제주시 추자면 묵리 255-1,33.9451963649,126.3145832455,추자면 묵리 경로당 앞,추자119지역대,N,2017,4.3,제주소방서,064-729-0172,2024-02-07,1661000,소방청
제주추자-012,1,제주특별자치도,제주시,50110,제주특별자치도 제주시 추자면 추자로 8,제주특별자치도 제주시 추자면 대서리 5-15,33.9629256905,126.2977403019,추자면 대서리 수협바다마트 옆,추자119지역대,N,2016,4.3,제주소방서,064-729-0172,2024-02-07,1661000,소방청
제주추자-011,1,제주특별자치도,제주시,50110,제주특별자치도 제주시 추자면 추자로 60,제주특별자치도 제주시 추자면 대서리 168,33.9616511245,126.293799632,추자면 대서리 순효각 앞,추자119지역대,Y,2016,4.5,제주소방서,064-729-0172,2024-02-07,1661000,소방청
제주추자-010,1,제주특별자치도,제주시,50110,제주특별자치도 제주시 추자면 추자로 471,제주특별자치도 제주시 추자면 신양리 799-1,33.9411684991,126.3206526774,추자면 신양2리 버스정류소 앞,추자119지역대,Y,2011,4.3,제주소방서,064-729-0172,2024-02-07,1661000,소방청
제주추자-009,1,제주특별자치도,제주시,50110,제주특별자치도 제주시 추자면 대서1길 16,제주특별자치도 제주시 추자면 대서리 4-17,33.9621771877,126.299642733,대서1길16 수협저장고 후면,추자119지역대,N,2011,4.5,제주소방서,064-729-0172,2024-02-07,1661000,소방청
제주추자-008,1,제주특별자치도,제주시,50110,제주특별자치도 제주시 추자면 추자로 577,제주특별자치도 제주시 추자면 신양리 390,33.9459663591,126.3280911,추자면 신양항 버스정류소앞,추자119지역대,Y,2010,4.3,제주소방서,064-729-0172,2024-02-07,1661000,소방청
제주추자-007,1,제주특별자치도,제주시,50110,제주특별자치도 제주시 추자면 추자로 174,제주특별자치도 제주시 추자면 영흥리 43,33.9571497742,126.300094711,추자면 추자119지역센터 앞,추자119지역대,Y,2004,4.3,제주소방서,064-729-0172,2024-02-07,1661000,소방청
제주추자-006,1,제주특별자치도,제주시,50110,제주특별자치도 제주시 추자면 대서3길 22-5,제주특별자치도 제주시 추자면 대서리 42,33.96337611,126.295023655,추자면 대서리 추광교회 앞,추자119지역대,N,2004,4.5,제주소방서,064-729-0172,2024-02-07,1661000,소방청
제주추자-005,1,제주특별자치도,제주시,50110,제주특별자치도 제주시 추자면예초길 29,제주특별자치도 제주시 추자면 예초리 306,33.954110079,126.3323541,추자면 예초리 교회입구,추자119지역대,N,2001,4.3,제주소방서,064-729-0172,2024-02-07,1661000,소방청
제주추자-004,1,제주특별자치도,제주시,50110,제주특별자치도 제주시 추자면 추자로 532,제주특별자치도 제주시 추자면 신양리 560-3,33.9426656535,126.3252605079,추자면 신양1리 추자해변장 맞은편,추자119지역대,Y,2001,4.3,제주소방서,064-729-0172,2024-02-07,1661000,소방청
제주추자-003,1,제주특별자치도,제주시,50110,제주특별자치도 제주시 추자면 추자로 363,제주특별자치도 제주시 추자면 묵리 701-1,33.9458330933,126.3127451,추자면 묵리마을입구,추자119지역대,Y,2001,4.5,제주소방서,064-729-0172,2024-02-07,1661000,소방청
제주추자-002,1,제주특별자치도,제주시,50110,제주특별자치도 제주시 추자면 추자로 96,제주특별자치도 제주시 추자면 영흥리 227-1,33.95963511,126.2964339394,추자면 영흥리사무소 남측 50m,추자119지역대,Y,2001,4.3,제주소방서,064-729-0172,2024-02-07,1661000,소방청
제주추자-001,1,제주특별자치도,제주시,50110,제주특별자치도 제주시 추자면 대서3길 2,제주특별자치도 제주시 추자면 대서리 19,33.9639220284,126.2959393371,추자면 경찰파출소앞,추자119지역대,Y,2001,4.5,제주소방서,064-729-0172,2024-02-07,1661000,소방청
화북20호* 항만119센터 이전 예정,1,제주특별자치도,제주시,50110,제주특별자치도 제주시 거로길37,,33.5126223554,126.5586277324,클린하우스 좌측,화북119안전센터,Y,2020,2.5,제주소방서,064-729-0415,2024-02-07,1661000,소방청
화북178호,1,제주특별자치도,제주시,50110,제주특별자치도 제주시 봉개7길 8,,33.49180411,126.5910396,건물 북서측 삼거리,화북119안전센터,Y,2020,2.5,제주소방서,064-729-0415,2024-02-07,1661000,소방청
화북177호,1,제주특별자치도,제주시,50110,제주특별자치도 제주시 송이길 206,,33.46343472,126.6279661,제주환경플라스틱 처리시설 입구,화북119안전센터,Y,2019,2.5,제주소방서,064-729-0415,2024-02-07,1661000,소방청
화북176호,1,제주특별자치도,제주시,50110,제주특별자치도 제주시 삼봉로99,,33.51247111,126.5895537,마리조아 식당 입구,화북119안전센터,Y,2018,2.5,제주소방서,064-729-0415,2024-02-07,1661000,소방청
화북175호,1,제주특별자치도,제주시,50110,제주특별자치도 제주시 서회천길33,,33.49813339,126.6074131,서회천마을회관 앞,화북119안전센터,Y,2018,2.5,제주소방서,064-729-0415,2024-02-07,1661000,소방청
화북174호,1,제주특별자치도,제주시,50110,제주특별자치도 제주시 삼봉로 299,,33.49607351,126.5946407,건물 북서측 건너편 버스정류장 옆,화북119안전센터,Y,2018,2.5,제주소방서,064-729-0415,2024-02-07,1661000,소방청
화북173호,1,제주특별자치도,제주시,50110,제주특별자치도 제주시 연삼로 738,,33.51149664,126.5649261,심종합건설 서측 20m,화북119안전센터,Y,2017,4.0,제주소방서,064-729-0415,2024-02-07,1661000,소방청
화북172호,1,제주특별자치도,제주시,50110,제주특별자치도 제주시 일주동로80,,33.51375386,126.5555275,문화아파트 건물 북측 인도상,화북119안전센터,Y,2017,3.0,제주소방서,064-729-0415,2024-02-07,1661000,소방청
화북171호,1,제주특별자치도,제주시,50110,제주특별자치도 제주시 일주동로 203,,33.51904117,126.5671174,"건물 앞 인도상, 동제주신협 옆",화북119안전센터,Y,2016,3.5,제주소방서,064-729-0415,2024-02-07,1661000,소방청
화북170호,1,제주특별자치도,제주시,50110,제주특별자치도 제주시 일주동로 157,,33.5186245151,126.5613927266,화북초등학교 버스정류장 서측,화북119안전센터,Y,2015,3.0,제주소방서,064-729-0415,2024-02-07,1661000,소방청
화북169호,1,제주특별자치도,제주시,50110,제주특별자치도 제주시 명림로 584,,33.44000511,126.6252034012,절물휴양림 입구 국기게양대 옆,화북119안전센터,Y,2009,3.0,제주소방서,064-729-0415,2024-02-07,1661000,소방청
화북168호,1,제주특별자치도,제주시,50110,제주특별자치도 제주시 명림로 437,,33.4514609306,126.6233198498,어린이교통공원 입구,화북119안전센터,Y,2009,3.0,제주소방서,064-729-0415,2024-02-07,1661000,소방청
화북167호,1,제주특별자치도,제주시,50110,제주특별자치도 제주시 명림도 430,,33.45210911,126.6211561,명도암 유스호스텔 입구 남측 160m,화북119안전센터,Y,2009,3.0,제주소방서,064-729-0415,2024-02-07,1661000,소방청
화북166호,1,제주특별자치도,제주시,50110,제주특별자치도 제주시 명림로 393,,33.4537246632,126.6209780892,명도암 유스호스텔 입구,화북119안전센터,Y,2009,3.0,제주소방서,064-729-0415,2024-02-07,1661000,소방청
화북165호,1,제주특별자치도,제주시,50110,제주특별자치도 제주시 진목3길 27,,33.49035111,126.5997328364,"건물 남측, 좋은세상 남측 50m",화북119안전센터,Y,2009,3.0,제주소방서,064-729-0415,2024-02-07,1661000,소방청
화북164호,1,제주특별자치도,제주시,50110,제주특별자치도 제주시 진목5길 4,,33.48977111,126.5986651,"맞은편, 노블하우스 아파트 입구",화북119안전센터,Y,2009,3.0,제주소방서,064-729-0415,2024-02-07,1661000,소방청
화북163호,1,제주특별자치도,제주시,50110,제주특별자치도 제주시 번영로553,,33.4876737611,126.5999591,"북측, 돈동래식당 옆길 30m",화북119안전센터,Y,2009,3.0,제주소방서,064-729-0415,2024-02-07,1661000,소방청
화북162호,1,제주특별자치도,제주시,50110,제주특별자치도 제주시 진목2길 12,,33.4882724441,126.598967223,건물 북측 맞은편,화북119안전센터,Y,2009,3.0,제주소방서,064-729-0415,2024-02-07,1661000,소방청
화북161호,1,제주특별자치도,제주시,50110,제주특별자치도 제주시 진목2길 9-7,,33.48889811,126.5997535372,건물 동측 맞은편,화북119안전센터,Y,2009,3.0,제주소방서,064-729-0415,2024-02-07,1661000,소방청
화북160호,1,제주특별자치도,제주시,50110,제주특별자치도 제주시 중산간동로20,,33.4894815765,126.5996391,건물 서측,화북119안전센터,Y,2009,3.0,제주소방서,064-729-0415,2024-02-07,1661000,소방청
화북159호,1,제주특별자치도,제주시,50110,제주특별자치도 제주시 진목2길 5,,33.4888218729,126.5986594247,"북측 30m, 봉개교차로 회천방면 40m",화북119안전센터,Y,2009,4.0,제주소방서,064-729-0415,2024-02-07,1661000,소방청
화북158호,1,제주특별자치도,제주시,50110,제주특별자치도 제주시 연삼로 705,,33.51044311,126.5614208,건물 동측 삼거리,화북119안전센터,Y,2004,4.0,제주소방서,064-729-0415,2024-02-07,1661000,소방청
화북157호,1,제주특별자치도,제주시,50110,제주특별자치도 제주시 거로중길61,,33.5111866532,126.5613928026,한남빌라 남서측,화북119안전센터,Y,2004,4.0,제주소방서,064-729-0415,2024-02-07,1661000,소방청
화북156호,1,제주특별자치도,제주시,50110,제주특별자치도 제주시 거로남8길 57,,33.50803023,126.5658108,북측 60m 삼거리,화북119안전센터,Y,2007,2.0,제주소방서,064-729-0415,2024-02-07,1661000,소방청
화북155호,1,제주특별자치도,제주시,50110,제주특별자치도 제주시 거로남4길3,,33.5094309294,126.5608689073,건물 북측 인도상,화북119안전센터,Y,2004,3.0,제주소방서,064-729-0415,2024-02-07,1661000,소방청
화북154호,1,제주특별자치도,제주시,50110,제주특별자치도 제주시 봉개4길 22,,33.4891170346,126.5925743542,봉개갤럭시타운 건물 동측 건너편,화북119안전센터,Y,2014,4.0,제주소방서,064-729-0415,2024-02-07,1661000,소방청
화북153호,1,제주특별자치도,제주시,50110,제주특별자치도 제주시 아봉로 720,,33.48785593,126.5906207,반석타운 앞 도로변,화북119안전센터,Y,2013,3.0,제주소방서,064-729-0415,2024-02-07,1661000,소방청
화북152호,3,제주특별자치도,제주시,50110,제주특별자치도 제주시 일주동로 389,,33.52148361,126.5866557,,화북119안전센터,N,2002,4.0,제주소방서,064-729-0415,2024-02-07,1661000,소방청
화북151호,1,제주특별자치도,제주시,50110,제주특별자치도 제주시 연삼로 864,,33.5118020674,126.5783191314,삼다건재사 앞,화북119안전센터,Y,2012,2.0,제주소방서,064-729-0415,2024-02-07,1661000,소방청
화북150호,1,제주특별자치도,제주시,50110,제주특별자치도 제주시 화삼로 167,,33.51917074,126.5849787,삼화부영 3차 303동 북동측 횡단보도 앞,화북119안전센터,Y,2011,3.0,제주소방서,064-729-0415,2024-02-07,1661000,소방청
화북149호,1,제주특별자치도,제주시,50110,제주특별자치도 제주시 화삼북로 143,,33.51727518,126.5882863,BBQ삼화점 앞,화북119안전센터,Y,2011,3.0,제주소방서,064-729-0415,2024-02-07,1661000,소방청
화북148호,1,제주특별자치도,제주시,50110,제주특별자치도 제주시 화삼북로 131,,33.51730037,126.5871891,"삼화마트 서측 50m 횡단보도 앞, 매화공원 남서측 입구",화북119안전센터,Y,2011,3.0,제주소방서,064-729-0415,2024-02-07,1661000,소방청
화북147호,1,제주특별자치도,제주시,50110,제주특별자치도 제주시 화삼로 145,,33.51663509,126.5857575,"남측 50m, 삼화부영 1차 106동 서측 건너편",화북119안전센터,Y,2011,3.0,제주소방서,064-729-0415,2024-02-07,1661000,소방청
화북146호,1,제주특별자치도,제주시,50110,제주특별자치도 제주시 화삼로 107,,33.51580121,126.5843334,삼화부영 6차 612동 동측 10m,화북119안전센터,Y,2011,3.0,제주소방서,064-729-0415,2024-02-07,1661000,소방청
화북145호,1,제주특별자치도,제주시,50110,제주특별자치도 제주시 화삼로 167,,33.51917074,126.5849787,삼화부영 3차 312동 남측 10m,화북119안전센터,Y,2011,3.0,제주소방서,064-729-0415,2024-02-07,1661000,소방청
화북144호,1,제주특별자치도,제주시,50110,제주특별자치도 제주시 삼봉로2길 38,,33.51966932,126.5838791,서측 30m,화북119안전센터,Y,2011,3.0,제주소방서,064-729-0415,2024-02-07,1661000,소방청
화북143호,1,제주특별자치도,제주시,50110,제주특별자치도 제주시 화삼북로 87,,33.51767933,126.5820578,NHF제주삼화1단지 101동 남측 인도상,화북119안전센터,Y,2011,3.0,제주소방서,064-729-0415,2024-02-07,1661000,소방청
화북142호,1,제주특별자치도,제주시,50110,제주특별자치도 제주시 건주로2길 5,,33.51861014,126.5807264,건물 남측 공터 앞,화북119안전센터,Y,2011,3.0,제주소방서,064-729-0415,2024-02-07,1661000,소방청
화북141호,1,제주특별자치도,제주시,50110,제주특별자치도 제주시 건주로2길 27-16,,33.51898411,126.5792771,건물 북측,화북119안전센터,Y,2011,3.0,제주소방서,064-729-0415,2024-02-07,1661000,소방청
화북140호,1,제주특별자치도,제주시,50110,제주특별자치도 제주시 화삼북로 59,,33.51749953,126.5795003641,건물 남측,화북119안전센터,Y,2011,3.0,제주소방서,064-729-0415,2024-02-07,1661000,소방청
화북139호,1,제주특별자치도,제주시,50110,제주특별자치도 제주시 건주로 27,,33.51701711,126.5811411,건물 남측,화북119안전센터,Y,2011,3.0,제주소방서,064-729-0415,2024-02-07,1661000,소방청
화북138호,1,제주특별자치도,제주시,50110,제주특별자치도 제주시 건주로 43,,33.51561911,126.5809871,건물 동측,화북119안전센터,Y,2011,3.0,제주소방서,064-729-0415,2024-02-07,1661000,소방청
화북137호,1,제주특별자치도,제주시,50110,제주특별자치도 제주시 건주로4길 6-4,,33.5162821028,126.5802898383,아빌로스빌딩 남측 건너편 공터 앞,화북119안전센터,Y,2011,3.0,제주소방서,064-729-0415,2024-02-07,1661000,소방청
화북136호,1,제주특별자치도,제주시,50110,제주특별자치도 제주시 건주로6길 2,,33.51517211,126.5799811,건물 동측 건너편 공터 앞,화북119안전센터,Y,2011,3.0,제주소방서,064-729-0415,2024-02-07,1661000,소방청
화북135호,1,제주특별자치도,제주시,50110,제주특별자치도 제주시 화삼로 89,,33.51552191,126.5816029,삼화부영 8차 입구 동측,화북119안전센터,Y,2011,3.0,제주소방서,064-729-0415,2024-02-07,1661000,소방청
화북134호,1,제주특별자치도,제주시,50110,제주특별자치도 제주시 건주로7길 19,,33.51383031,126.5817779,건물 북측 공터 앞,화북119안전센터,Y,2011,3.0,제주소방서,064-729-0415,2024-02-07,1661000,소방청
화북133호,1,제주특별자치도,제주시,50110,제주특별자치도 제주시 건주로7길 48,,33.51287803,126.5824466,건물 서측 40m 공터 앞,화북119안전센터,Y,2011,3.0,제주소방서,064-729-0415,2024-02-07,1661000,소방청
화북132호,1,제주특별자치도,제주시,50110,제주특별자치도 제주시 건주로7길 66,,33.51322711,126.5813269,건물 서측 건너편,화북119안전센터,Y,2011,3.0,제주소방서,064-729-0415,2024-02-07,1661000,소방청
화북131호,1,제주특별자치도,제주시,50110,제주특별자치도 제주시 건주로8길46,,33.51258811,126.5787141,건물 서측 15m 공터 앞,화북119안전센터,Y,2011,3.0,제주소방서,064-729-0415,2024-02-07,1661000,소방청
화북130호,1,제주특별자치도,제주시,50110,제주특별자치도 제주시 건주로6길 52,,33.51444578,126.5795582,"건물 남측, 새마을금고 동측 60m",화북119안전센터,Y,2011,3.0,제주소방서,064-729-0415,2024-02-07,1661000,소방청
화북129호,1,제주특별자치도,제주시,50110,제주특별자치도 제주시 건주로8길 21,,33.51379604,126.5790909,건물 북측,화북119안전센터,Y,2014,3.0,제주소방서,064-729-0415,2024-02-07,1661000,소방청
화북128호,1,제주특별자치도,제주시,50110,제주특별자치도 제주시 건주로4길 20,,33.51601553,126.5789441,불불이족발 옆,화북119안전센터,Y,2011,3.0,제주소방서,064-729-0415,2024-02-07,1661000,소방청
화북127호,1,제주특별자치도,제주시,50110,제주특별자치도 제주시 건주로 6길 42,,33.51443049,126.5784535,건물 입구,화북119안전센터,Y,2011,3.0,제주소방서,064-729-0415,2024-02-07,1661000,소방청
화북126호,1,제주특별자치도,제주시,50110,제주특별자치도 제주시 건주로 74,,33.51283639,126.5803679,로뎀빌딩 서측,화북119안전센터,Y,2011,3.0,제주소방서,064-729-0415,2024-02-07,1661000,소방청
화북125호,1,제주특별자치도,제주시,50110,제주특별자치도 제주시 화삼북로 40,,33.51709404,126.5770976,"공원 남측, 연세수목화치과 뒤 동측 40m",화북119안전센터,Y,2011,3.0,제주소방서,064-729-0415,2024-02-07,1661000,소방청
화북124호,1,제주특별자치도,제주시,50110,제주특별자치도 제주시 화삼북로2길 27,,33.51522409,126.5770051,삼화초등학교 북측 20m,화북119안전센터,Y,2011,3.0,제주소방서,064-729-0415,2024-02-07,1661000,소방청
화북123호,1,제주특별자치도,제주시,50110,제주특별자치도 제주시 화삼로36,,33.51392777,126.5768966,임마뉴엘 교회 동측,화북119안전센터,Y,2011,3.0,제주소방서,064-729-0415,2024-02-07,1661000,소방청
화북122호,1,제주특별자치도,제주시,50110,제주특별자치도 제주시 화삼로32,,33.51340165,126.5764097,삼화LH 2단지 211동 북측,화북119안전센터,Y,2011,3.0,제주소방서,064-729-0415,2024-02-07,1661000,소방청
화북121호,1,제주특별자치도,제주시,50110,제주특별자치도 제주시 화삼로12,,33.51387652,126.5738346,삼화부영 2차 210동 북측,화북119안전센터,Y,2011,3.0,제주소방서,064-729-0415,2024-02-07,1661000,소방청
화북120호,1,제주특별자치도,제주시,50110,제주특별자치도 제주시 번영로 836,,33.4787314296,126.626274947,"건물 북측 100m, 청봉환경 입구",화북119안전센터,Y,2010,3.0,제주소방서,064-729-0415,2024-02-07,1661000,소방청
화북119호,1,제주특별자치도,제주시,50110,제주특별자치도 제주시 삼봉로 170,,33.50657511,126.5910301779,반석아파트 가동 입구,화북119안전센터,Y,2010,5.0,제주소방서,064-729-0415,2024-02-07,1661000,소방청
화북118호,1,제주특별자치도,제주시,50110,제주특별자치도 제주시 부록길 4,,33.5021590654,126.5688951,남측 30m 부록마을 입구,화북119안전센터,Y,2010,4.6,제주소방서,064-729-0415,2024-02-07,1661000,소방청
화북117호,1,제주특별자치도,제주시,50110,제주특별자치도 제주시 거로길 30,,33.51320412,126.5578843,117호 남측 70m,화북119안전센터,Y,2009,2.5,제주소방서,064-729-0415,2024-02-07,1661000,소방청
화북116호,1,제주특별자치도,제주시,50110,제주특별자치도 제주시 거로길 17,,33.51404319,126.5575461,건물 맞은편,화북119안전센터,Y,2009,2.5,제주소방서,064-729-0415,2024-02-07,1661000,소방청
화북115호,1,제주특별자치도,제주시,50110,제주특별자치도 제주시 거로길 8,,33.51365535,126.5563435,제동해피죤아파트 입구,화북119안전센터,Y,2009,2.5,제주소방서,064-729-0415,2024-02-07,1661000,소방청
화북114호,1,제주특별자치도,제주시,50110,제주특별자치도 제주시 거로중길 9,,33.5130159183,126.557268395,,화북119안전센터,Y,2009,2.3,제주소방서,064-729-0415,2024-02-07,1661000,소방청
화북113호,1,제주특별자치도,제주시,50110,제주특별자치도 제주시 거로중길 20,,33.51191208,126.5572892,,화북119안전센터,Y,2009,2.1,제주소방서,064-729-0415,2024-02-07,1661000,소방청
화북112호,1,제주특별자치도,제주시,50110,제주특별자치도 제주시 거로길 40,,33.51238573,126.5582599,"화북20호 맞은편, 거로썬빌라 옆",화북119안전센터,Y,2009,2.1,제주소방서,064-729-0415,2024-02-07,1661000,소방청
화북111호,1,제주특별자치도,제주시,50110,제주특별자치도 제주시 진동로 74-9,,33.52521022,126.5686683,"맞은편, 삼공주회센터 동측 40m",화북119안전센터,Y,2004,3.0,제주소방서,064-729-0415,2024-02-07,1661000,소방청
화북110호,1,제주특별자치도,제주시,50110,제주특별자치도 제주시 진동로 70-6,,33.52483511,126.5680541,동마을복지회관 동측 70m,화북119안전센터,Y,2004,3.0,제주소방서,064-729-0415,2024-02-07,1661000,소방청
화북109호,1,제주특별자치도,제주시,50110,제주특별자치도 제주시 진동로 63,,33.52481477,126.5672168,동마을복지회관 앞,화북119안전센터,Y,2004,3.0,제주소방서,064-729-0415,2024-02-07,1661000,소방청
화북108호,1,제주특별자치도,제주시,50110,제주특별자치도 제주시 거로남3길13,,33.51066896,126.5602496,길광고기획 옆,화북119안전센터,Y,2004,2.5,제주소방서,064-729-0415,2024-02-07,1661000,소방청
화북107호,1,제주특별자치도,제주시,50110,제주특별자치도 제주시 거로남3길3,,33.51000569,126.5601311,일우기술용역 북측,화북119안전센터,Y,2004,2.5,제주소방서,064-729-0415,2024-02-07,1661000,소방청
화북106호,1,제주특별자치도,제주시,50110,제주특별자치도 제주시 거로남4길 5,,33.5091834555,126.5609235401,하덴로얄빌 아파트 서측 30m,화북119안전센터,Y,2004,2.5,제주소방서,064-729-0415,2024-02-07,1661000,소방청
화북105호,1,제주특별자치도,제주시,50110,제주특별자치도 제주시 거로남6길 20,,33.50890549,126.5621699,,화북119안전센터,Y,2004,2.5,제주소방서,064-729-0415,2024-02-07,1661000,소방청
화북104호,1,제주특별자치도,제주시,50110,제주특별자치도 제주시 거로남6길 14,,33.50915881,126.5616287,,화북119안전센터,Y,2004,2.5,제주소방서,064-729-0415,2024-02-07,1661000,소방청
화북103호,1,제주특별자치도,제주시,50110,제주특별자치도 제주시 거로남6길9,,33.50946371,126.5615717,거로마을 삼거리,화북119안전센터,Y,2004,2.5,제주소방서,064-729-0415,2024-02-07,1661000,소방청
화북102호,1,제주특별자치도,제주시,50110,제주특별자치도 제주시 명림로 4,,33.4852176097,126.6038601896,명도암교차로 가는 대도로변 가로등 뒤,화북119안전센터,Y,2009,2.5,제주소방서,064-729-0415,2024-02-07,1661000,소방청
화북101호,1,제주특별자치도,제주시,50110,제주특별자치도 제주시 도련안길 63,,33.5085255451,126.5828608019,"맞은편, 도련일동 마을회관 서측 200m",화북119안전센터,Y,2008,5.5,제주소방서,064-729-0415,2024-02-07,1661000,소방청
화북100호,1,제주특별자치도,제주시,50110,제주특별자치도 제주시 도련안길 46,,33.5090267975,126.5845411382,도련일동 마을회관 앞,화북119안전센터,Y,2008,3.5,제주소방서,064-729-0415,2024-02-07,1661000,소방청
화북099호,1,제주특별자치도,제주시,50110,제주특별자치도 제주시 도련4길 20,,33.5084333942,126.5849711,도련일동 마을회관 남측 90m,화북119안전센터,Y,2008,5.5,제주소방서,064-729-0415,2024-02-07,1661000,소방청
화북098호,1,제주특별자치도,제주시,50110,제주특별자치도 제주시 도련3길 17,,33.50828111,126.586249482,다호예그린1차아파트 서측 70m,화북119안전센터,Y,2008,5.5,제주소방서,064-729-0415,2024-02-07,1661000,소방청
화북097호,1,제주특별자치도,제주시,50110,제주특별자치도 제주시 도련2길 41,,33.5087757962,126.5877807045,다호예그린1차아파트 동측 50m,화북119안전센터,Y,2008,5.5,제주소방서,064-729-0415,2024-02-07,1661000,소방청
화북096호,1,제주특별자치도,제주시,50110,제주특별자치도 제주시 도련길 1,,33.5092156674,126.5895551,,화북119안전센터,Y,2008,5.5,제주소방서,064-729-0415,2024-02-07,1661000,소방청
화북095호,1,제주특별자치도,제주시,50110,제주특별자치도 제주시 매촌안길 12,,33.51425211,126.5918297506,도련교회 남측 20m,화북119안전센터,Y,2008,5.5,제주소방서,064-729-0415,2024-02-07,1661000,소방청
화북094호,1,제주특별자치도,제주시,50110,제주특별자치도 제주시 매촌서2길 13,,33.513551981,126.5898156604,도련그린빌라트 서측 30m,화북119안전센터,Y,2008,5.0,제주소방서,064-729-0415,2024-02-07,1661000,소방청
화북093호,1,제주특별자치도,제주시,50110,제주특별자치도 제주시 연삼로 994,,33.5158133805,126.5910225557,동측도로변 셀스퀘어빌딩 동측 20m,화북119안전센터,Y,2008,5.0,제주소방서,064-729-0415,2024-02-07,1661000,소방청
화북092호,1,제주특별자치도,제주시,50110,제주특별자치도 제주시 연삼로 978,,33.5151313179,126.5895755024,CU편의점 동측 도로,화북119안전센터,Y,2008,5.0,제주소방서,064-729-0415,2024-02-07,1661000,소방청
화북091호,1,제주특별자치도,제주시,50110,제주특별자치도 제주시 삼봉로 79,,33.5143670384,126.5894941886,자동차 검사소 버스정류장,화북119안전센터,Y,2008,5.0,제주소방서,064-729-0415,2024-02-07,1661000,소방청
화북090호,1,제주특별자치도,제주시,50110,제주특별자치도 제주시 동제원길 41,,33.51887187,126.5592467,별도봉 떡방앗간 옆,화북119안전센터,Y,2007,2.5,제주소방서,064-729-0415,2024-02-07,1661000,소방청
화북089호,1,제주특별자치도,제주시,50110,제주특별자치도 제주시 거로남6길 48,,33.5078861487,126.5647547628,리치캐슬 앞,화북119안전센터,Y,2007,2.4,제주소방서,064-729-0415,2024-02-07,1661000,소방청
화북088호,1,제주특별자치도,제주시,50110,제주특별자치도 제주시 거로남 6길 26,,33.50829581,126.5626551,거로부웅빌라 사거리,화북119안전센터,Y,2007,2.4,제주소방서,064-729-0415,2024-02-07,1661000,소방청
화북087호,1,제주특별자치도,제주시,50110,제주특별자치도 제주시 거로남4길 21,,33.50802511,126.5615071,동그라미 어린이집 앞,화북119안전센터,Y,2007,2.0,제주소방서,064-729-0415,2024-02-07,1661000,소방청
화북086호,1,제주특별자치도,제주시,50110,제주특별자치도 제주시 봉개서길 11,,33.49155311,126.5900342355,,화북119안전센터,Y,2007,3.0,제주소방서,064-729-0415,2024-02-07,1661000,소방청
화북085호,1,제주특별자치도,제주시,50110,제주특별자치도 제주시 삼봉로 2길 6,,33.51990391,126.5871361,공터 서측 삼양초 체육관 동측 100m,화북119안전센터,Y,2006,2.0,제주소방서,064-729-0415,2024-02-07,1661000,소방청
화북084호,1,제주특별자치도,제주시,50110,제주특별자치도 제주시 벌랑1길 68,,33.52637579,126.5764264,,화북119안전센터,Y,2002,3.0,제주소방서,064-729-0415,2024-02-07,1661000,소방청
화북083호,1,제주특별자치도,제주시,50110,제주특별자치도 제주시 황사평6길 65,,33.4937674408,126.5602812584,삼거리 드림하우스 입구 맞은편,화북119안전센터,Y,2005,3.5,제주소방서,064-729-0415,2024-02-07,1661000,소방청
화북082호,1,제주특별자치도,제주시,50110,제주특별자치도 제주시 아봉로 754,,33.4905839036,126.5910327321,버스정거장,화북119안전센터,N,2023,3.0,제주소방서,064-729-0415,2024-02-07,1661000,소방청
화북081호,1,제주특별자치도,제주시,50110,제주특별자치도 제주시 거로중길 29,,33.51205747,126.5582874,거로마을 버스정류장,화북119안전센터,N,2004,2.5,제주소방서,064-729-0415,2024-02-07,1661000,소방청
화북080호,1,제주특별자치도,제주시,50110,제주특별자치도 제주시 명림로 175,,33.4713275241,126.6108111,명도암 버스정류소 옆,화북119안전센터,N,2003,1.7,제주소방서,064-729-0415,2024-02-07,1661000,소방청
화북079호,1,제주특별자치도,제주시,50110,제주특별자치도 제주시 거로남6길14,,33.50910811,126.5616287,"팽나무 앞, 하덴로얄빌아파트 남측 20m",화북119안전센터,Y,2002,2.0,제주소방서,064-729-0415,2024-02-07,1661000,소방청
화북078호,1,제주특별자치도,제주시,50110,제주특별자치도 제주시 청풍남6길 17,,33.5171839885,126.5672734006,한라육계조합 입구,화북119안전센터,Y,2002,2.4,제주소방서,064-729-0415,2024-02-07,1661000,소방청
화북077호,1,제주특별자치도,제주시,50110,제주특별자치도 제주시 동회천길 12,,33.50414343,126.6144205,동회천마을 입구 표지석 동남측 100m,화북119안전센터,N,2023,2.0,제주소방서,064-729-0415,2024-02-07,1661000,소방청
화북076호,1,제주특별자치도,제주시,50110,제주특별자치도 제주시 서회천길31-1,,33.4983110321,126.607052964,서회천마을 입구,화북119안전센터,Y,2002,2.5,제주소방서,064-729-0415,2024-02-07,1661000,소방청
화북075호,1,제주특별자치도,제주시,50110,제주특별자치도 제주시 번영로504,,33.4898746031,126.5951470357,번영마트 앞 (봉개농협 맞은편),화북119안전센터,Y,2002,2.5,제주소방서,064-729-0415,2024-02-07,1661000,소방청
화북074호,1,제주특별자치도,제주시,50110,제주특별자치도 제주시 번영로 476,,33.4912551999,126.5926103958,대기고 맞은편 정류장 옆,화북119안전센터,Y,2002,3.0,제주소방서,064-729-0415,2024-02-07,1661000,소방청
화북073호,1,제주특별자치도,제주시,50110,제주특별자치도 제주시 삼봉로 131,,33.5096638893,126.5899338844,삼다마트 우측 20m,화북119안전센터,Y,2000,2.0,제주소방서,064-729-0415,2024-02-07,1661000,소방청
화북072호,1,제주특별자치도,제주시,50110,제주특별자치도 제주시 도련3길 34,,33.50969211,126.5862992735,,화북119안전센터,Y,2002,3.5,제주소방서,064-729-0415,2024-02-07,1661000,소방청
화북071호,1,제주특별자치도,제주시,50110,제주특별자치도 제주시 매촌2길 10,,33.5146855724,126.5903933622,,화북119안전센터,Y,2002,4.5,제주소방서,064-729-0415,2024-02-07,1661000,소방청
화북070호,1,제주특별자치도,제주시,50110,제주특별자치도 제주시 원당로 15길 35,,33.53100711,126.5913522,삼양대유아파트 북측 120m,화북119안전센터,Y,2002,4.0,제주소방서,064-729-0415,2024-02-07,1661000,소방청
화북069호,1,제주특별자치도,제주시,50110,제주특별자치도 제주시 원당로 13길 22,,33.52972429,126.5919783759,맞은편 (삼양영진빌라 북측 30m),화북119안전센터,Y,2002,3.5,제주소방서,064-729-0415,2024-02-07,1661000,소방청
화북068호,1,제주특별자치도,제주시,50110,제주특별자치도 제주시 선사로 8길 81,,33.52950673,126.5925439,삼양종점 버스정거장,화북119안전센터,Y,2002,3.5,제주소방서,064-729-0415,2024-02-07,1661000,소방청
화북067호,1,제주특별자치도,제주시,50110,제주특별자치도 제주시 원당로 91,,33.52853545,126.5934256,아너스빌 2차 동측 30m,화북119안전센터,Y,2002,2.0,제주소방서,064-729-0415,2024-02-07,1661000,소방청
화북066호,1,제주특별자치도,제주시,50110,제주특별자치도 제주시 원당로79,,33.52752347,126.5926731,삼양한전아파트 입구,화북119안전센터,Y,2002,2.0,제주소방서,064-729-0415,2024-02-07,1661000,소방청
화북065호,1,제주특별자치도,제주시,50110,제주특별자치도 제주시 선사로 8길 65,,33.52863688,126.5912871,,화북119안전센터,Y,2002,3.0,제주소방서,064-729-0415,2024-02-07,1661000,소방청
화북064호,1,제주특별자치도,제주시,50110,제주특별자치도 제주시 서흘길 41,,33.52908282,126.5896291,맞은편 느영나영민박 앞,화북119안전센터,N,2002,3.0,제주소방서,064-729-0415,2024-02-07,1661000,소방청
화북063호,1,제주특별자치도,제주시,50110,제주특별자치도 제주시 선사로 6길 58,,33.52734078,126.5910511,삼부장미아파트 나동 앞,화북119안전센터,Y,2002,3.0,제주소방서,064-729-0415,2024-02-07,1661000,소방청
화북062호,1,제주특별자치도,제주시,50110,제주특별자치도 제주시 선사로 8길 49,,33.52767721,126.5899531,삼양동 버스정류소 옆,화북119안전센터,Y,2002,4.0,제주소방서,064-729-0415,2024-02-07,1661000,소방청
화북061호,1,제주특별자치도,제주시,50110,제주특별자치도 제주시 원당로7길 4,,33.52610439,126.5913132,에코그린빌 건물 우측,화북119안전센터,Y,2011,3.0,제주소방서,064-729-0415,2024-02-07,1661000,소방청
화북060호,1,제주특별자치도,제주시,50110,제주특별자치도 제주시 원당로 37,,33.52440222,126.5899592,,화북119안전센터,Y,2002,3.0,제주소방서,064-729-0415,2024-02-07,1661000,소방청
화북059호,1,제주특별자치도,제주시,50110,제주특별자치도 제주시 원당로5길 16,,33.52572711,126.5898485,맞은편(삼양일동 마을회관 앞 맞은편),화북119안전센터,Y,2002,4.0,제주소방서,064-729-0415,2024-02-07,1661000,소방청
화북058호,1,제주특별자치도,제주시,50110,제주특별자치도 제주시 선사로8길 30,,33.52628559,126.5883551,럭키하우스 동측 80m,화북119안전센터,Y,2002,4.5,제주소방서,064-729-0415,2024-02-07,1661000,소방청
화북057호,1,제주특별자치도,제주시,50110,제주특별자치도 제주시 선사로8길 12,,33.52542616,126.5870825,,화북119안전센터,Y,2002,4.5,제주소방서,064-729-0415,2024-02-07,1661000,소방청
화북056호,1,제주특별자치도,제주시,50110,제주특별자치도 제주시 원당로3길 17,,33.52470811,126.5882296,서측 (통성탑빌라트 동남측),화북119안전센터,Y,2015,3.5,제주소방서,064-729-0415,2024-02-07,1661000,소방청
화북055호,1,제주특별자치도,제주시,50110,제주특별자치도 제주시 선사로4길 14,,33.52427255,126.5876976,서측 (토성탑빌라트 남측도로상),화북119안전센터,Y,2002,3.5,제주소방서,064-729-0415,2024-02-07,1661000,소방청
화북054호,1,제주특별자치도,제주시,50110,제주특별자치도 제주시 원당로 23,,33.52362583,126.5891251,옆 공터 인도(신도그린빌라 앞),화북119안전센터,Y,2002,3.2,제주소방서,064-729-0415,2024-02-07,1661000,소방청
화북053호,1,제주특별자치도,제주시,50110,제주특별자치도 제주시 원당로 9,,33.52255327,126.5883376,북측 도로변,화북119안전센터,Y,2002,3.5,제주소방서,064-729-0415,2024-02-07,1661000,소방청
화북052호,1,제주특별자치도,제주시,50110,제주특별자치도 제주시 선사로 15,,33.52282311,126.5863662,선사스포츠센터 남측 10m,화북119안전센터,Y,2002,3.5,제주소방서,064-729-0415,2024-02-07,1661000,소방청
화북051호,1,제주특별자치도,제주시,50110,제주특별자치도 제주시 설촌로8길 42,,33.5233907668,126.5858795991,삼일카센터 북측 10m,화북119안전센터,Y,2013,3.5,제주소방서,064-729-0415,2024-02-07,1661000,소방청
화북050호,1,제주특별자치도,제주시,50110,제주특별자치도 제주시 선사로 33,,33.52434379,126.5858648,한라하이츠빌 B동 북측,화북119안전센터,Y,2011,4.5,제주소방서,064-729-0415,2024-02-07,1661000,소방청
화북049호,1,제주특별자치도,제주시,50110,제주특별자치도 제주시 설촌로 12길 36,,33.52446519,126.5840744,모닝세탁소 북측,화북119안전센터,Y,2014,5.0,제주소방서,064-729-0415,2024-02-07,1661000,소방청
화북048호,1,제주특별자치도,제주시,50110,제주특별자치도 제주시 지석13길 27,,33.52337611,126.5845037,YG엘리시움 서측,화북119안전센터,Y,2002,5.0,제주소방서,064-729-0415,2024-02-07,1661000,소방청
화북047호,1,제주특별자치도,제주시,50110,제주특별자치도 제주시 지석13길 10,,33.52188096,126.5852593,"건물 앞, 삼양동 주민센터 북측",화북119안전센터,Y,2002,3.5,제주소방서,064-729-0415,2024-02-07,1661000,소방청
화북046호,1,제주특별자치도,제주시,50110,제주특별자치도 제주시 일주동로 379,,33.52141041,126.5856074,CU편의점 남측,화북119안전센터,Y,2002,3.5,제주소방서,064-729-0415,2024-02-07,1661000,소방청
화북045호,1,제주특별자치도,제주시,50110,제주특별자치도 제주시 일주동로 373,,33.5212942881,126.5849616106,삼양농협 앞,화북119안전센터,Y,2015,3.5,제주소방서,064-729-0415,2024-02-07,1661000,소방청
화북044호,1,제주특별자치도,제주시,50110,제주특별자치도 제주시 일주동로 355,,33.52140532,126.5830421,영웅독서실 남측,화북119안전센터,Y,2002,3.5,제주소방서,064-729-0415,2024-02-07,1661000,소방청
화북043호,1,제주특별자치도,제주시,50110,제주특별자치도 제주시 지석9길 16,,33.52250744,126.5830191,아지스카이빌라 남측,화북119안전센터,N,2002,3.5,제주소방서,064-729-0415,2024-02-07,1661000,소방청
화북042호,1,제주특별자치도,제주시,50110,제주특별자치도 제주시 설촌로 8길 15,,33.52358912,126.5831665,한마음빌라 서남측,화북119안전센터,Y,2002,4.5,제주소방서,064-729-0415,2024-02-07,1661000,소방청
화북041호,1,제주특별자치도,제주시,50110,제주특별자치도 제주시 설촌로 12길 12,,33.52428759,126.5817786,상봉식당횟집 서측 100m,화북119안전센터,Y,2014,5.0,제주소방서,064-729-0415,2024-02-07,1661000,소방청
화북040호,1,제주특별자치도,제주시,50110,제주특별자치도 제주시 설촌로 16,,33.52277151,126.5816275,유원빌라 서측,화북119안전센터,Y,2000,3.5,제주소방서,064-729-0415,2024-02-07,1661000,소방청
화북039호,1,제주특별자치도,제주시,50110,제주특별자치도 제주시 일주동로 341,,33.52154511,126.5816104,크린업 24시 셀프빨래방 서남측,화북119안전센터,Y,2002,3.0,제주소방서,064-729-0415,2024-02-07,1661000,소방청
화북038호,1,제주특별자치도,제주시,50110,제주특별자치도 제주시 지석14길 14,,33.5198661469,126.5852519551,옆 주차장동남측(삼양초 후문 남서측 30m),화북119안전센터,Y,2002,2.5,제주소방서,064-729-0415,2024-02-07,1661000,소방청
화북037호,1,제주특별자치도,제주시,50110,제주특별자치도 제주시 지석10길 13,,33.52007324,126.5829959,진양해장국 남측,화북119안전센터,Y,2002,2.5,제주소방서,064-729-0415,2024-02-07,1661000,소방청
화북036호,1,제주특별자치도,제주시,50110,제주특별자치도 제주시 지석8길 19,,33.51956299,126.5816111,,화북119안전센터,Y,2002,2.5,제주소방서,064-729-0415,2024-02-07,1661000,소방청
화북035호,1,제주특별자치도,제주시,50110,제주특별자치도 제주시 지석4길 17,,33.51960689,126.5799231,대일아파트 다동 남측,화북119안전센터,Y,2002,2.5,제주소방서,064-729-0415,2024-02-07,1661000,소방청
화북034호,1,제주특별자치도,제주시,50110,제주특별자치도 제주시 일주동로 336,,33.52103945,126.5808509,동제주 새마을금고 앞,화북119안전센터,Y,2002,2.5,제주소방서,064-729-0415,2024-02-07,1661000,소방청
화북033호,1,제주특별자치도,제주시,50110,제주특별자치도 제주시 지석2길 3,,33.52094997,126.5786351,건물 북측(다연아파트 서측 100m),화북119안전센터,Y,2013,3.0,제주소방서,064-729-0415,2024-02-07,1661000,소방청
화북032호,1,제주특별자치도,제주시,50110,제주특별자치도 제주시 동화로1길10,,33.51807811,126.5739458,화북주공 412동앞(동화카센터 남측),화북119안전센터,Y,2000,3.1,제주소방서,064-729-0415,2024-02-07,1661000,소방청
화북031호,1,제주특별자치도,제주시,50110,제주특별자치도 제주시 동화로1길 10,,33.51800241,126.5739458,화북주공 409동 남측 횡단보도,화북119안전센터,Y,2000,3.0,제주소방서,064-729-0415,2024-02-07,1661000,소방청
화북030호,1,제주특별자치도,제주시,50110,제주특별자치도 제주시 화삼북로 2길 12,,33.51653441,126.5761162,삼화휴먼시아 1단지 118동 북측 횡단보도 건너편,화북119안전센터,Y,2000,3.1,제주소방서,064-729-0415,2024-02-07,1661000,소방청
화북029호,1,제주특별자치도,제주시,50110,제주특별자치도 제주시 동화로1길 49-26,,33.518010733,126.5785393748,화북주공 화북 건강생활지원센터 동남측 화단,화북119안전센터,Y,2000,3.1,제주소방서,064-729-0415,2024-02-07,1661000,소방청
화북028호,1,제주특별자치도,제주시,50110,제주특별자치도 제주시 동화로1길 45-16,,33.51836342,126.5778671,화북주공 205동 앞,화북119안전센터,Y,2000,3.2,제주소방서,064-729-0415,2024-02-07,1661000,소방청
화북027호,1,제주특별자치도,제주시,50110,제주특별자치도 제주시 동화로1길47,,33.51836345,126.5766411,"맞은편, 동화초등학교 남측 50m",화북119안전센터,Y,2000,3.2,제주소방서,064-729-0415,2024-02-07,1661000,소방청
화북026호,1,제주특별자치도,제주시,50110,제주특별자치도 제주시 동화로1길 37,,33.51936154,126.5767793,"북측, 화북주공 201동 앞",화북119안전센터,N,2000,3.2,제주소방서,064-729-0415,2024-02-07,1661000,소방청
화북025호,1,제주특별자치도,제주시,50110,제주특별자치도 제주시 동화로1길 44,,33.5185292673,126.5757481672,동화초등학교 북측 운동장 인도,화북119안전센터,Y,2000,3.2,제주소방서,064-729-0415,2024-02-07,1661000,소방청
화북024호,1,제주특별자치도,제주시,50110,제주특별자치도 제주시 동화로1길11,,33.5207155485,126.5753567677,화북주공 110동 앞,화북119안전센터,Y,2000,3.2,제주소방서,064-729-0415,2024-02-07,1661000,소방청
화북023호,1,제주특별자치도,제주시,50110,제주특별자치도 제주시 동화로1길3,,33.51942772,126.5734962,화북119센터 앞,화북119안전센터,N,2000,3.2,제주소방서,064-729-0415,2024-02-07,1661000,소방청
화북022호,1,제주특별자치도,제주시,50110,제주특별자치도 제주시 일주동로264,,33.52026119,126.5733492,그린자동차 서비스 동측,화북119안전센터,Y,2000,3.4,제주소방서,064-729-0415,2024-02-07,1661000,소방청
화북021호,1,제주특별자치도,제주시,50110,제주특별자치도 제주시 동화로 5,,33.5196125344,126.573072878,건물 앞(김밥천국 앞),화북119안전센터,Y,2000,3.4,제주소방서,064-729-0415,2024-02-07,1661000,소방청
화북020호,1,제주특별자치도,제주시,50110,제주특별자치도 제주시 삼양삼동 2567-7,,33.51262236,126.5586277,맞은편 클린하우스 좌측,화북119안전센터,Y,2023,2.0,제주소방서,064-729-0415,2024-02-07,1661000,소방청
화북019호,1,제주특별자치도,제주시,50110,제주특별자치도 제주시 일주동로 95,,33.51509367,126.5567738,오현고등학교 정문 서측,화북119안전센터,N,2000,2.3,제주소방서,064-729-0415,2024-02-07,1661000,소방청
화북018호,1,제주특별자치도,제주시,50110,제주특별자치도 제주시 선반로2길5,,33.51445821,126.5593716,화북공업단지 내 삼성물류센터 앞,화북119안전센터,Y,2010,2.5,제주소방서,064-729-0415,2024-02-07,1661000,소방청
화북017호,1,제주특별자치도,제주시,50110,제주특별자치도 제주시 선반남1길66,,33.51378854,126.5665116,화북공업단지 내 SK-LPG 충전소 앞,화북119안전센터,Y,2010,2.0,제주소방서,064-729-0415,2024-02-07,1661000,소방청
화북016호,1,제주특별자치도,제주시,50110,제주특별자치도 제주시 화남로 45,,33.5140126915,126.5636899536,화북공업단지 내 춘풍설렁탕 앞,화북119안전센터,Y,2019,2.0,제주소방서,064-729-0415,2024-02-07,1661000,소방청
화북015호,1,제주특별자치도,제주시,50110,제주특별자치도 제주시 선반로 40,,33.51478906,126.5621583,화북공업단지 내 먹고보자식당 앞,화북119안전센터,Y,1987,2.0,제주소방서,064-729-0415,2024-02-07,1661000,소방청
화북014호,1,제주특별자치도,제주시,50110,제주특별자치도 제주시 선반로 68,,33.514978842,126.5653582717,화북공업단지 내 산지공업사 앞,화북119안전센터,Y,2005,2.0,제주소방서,064-729-0415,2024-02-07,1661000,소방청
화북013호,1,제주특별자치도,제주시,50110,제주특별자치도 제주시 선반로 92,,33.51524251,126.5676597,화북공업단지 내 제성공업사 앞,화북119안전센터,Y,2009,1.9,제주소방서,064-729-0415,2024-02-07,1661000,소방청
화북012호,1,제주특별자치도,제주시,50110,제주특별자치도 제주시 선반로12길29,,33.5127706723,126.5684816819,화북공단 내 올레KT물류센터 남동측,화북119안전센터,Y,2022,2.1,제주소방서,064-729-0415,2024-02-07,1661000,소방청
화북011호,1,제주특별자치도,제주시,50110,제주특별자치도 제주시 선반로6길26,,33.51276712,126.5617164,대명스텐 입구,화북119안전센터,Y,2020,2.0,제주소방서,064-729-0415,2024-02-07,1661000,소방청
화북010호,1,제주특별자치도,제주시,50110,제주특별자치도 제주시 선반로 4길25,,33.51283411,126.5609253,우진운수 북동쪽 모퉁이,화북119안전센터,Y,2022,2.0,제주소방서,064-729-0415,2024-02-07,1661000,소방청
화북009호,1,제주특별자치도,제주시,50110,제주특별자치도 제주시 진남로 43,,33.52335087,126.5647711,화북중부락 버스정류소 앞,화북119안전센터,Y,2002,2.0,제주소방서,064-729-0415,2024-02-07,1661000,소방청
화북008호,1,제주특별자치도,제주시,50110,제주특별자치도 제주시 진동로 1,,33.51924511,126.5686248312,진동로 사거리 입구,화북119안전센터,Y,2016,2.0,제주소방서,064-729-0415,2024-02-07,1661000,소방청
화북007호,1,제주특별자치도,제주시,50110,제주특별자치도 제주시 진동로 55,,33.5239309862,126.5673076185,동부락입구 정진알미늄 앞,화북119안전센터,Y,2013,2.0,제주소방서,064-729-0415,2024-02-07,1661000,소방청
화북006호,1,제주특별자치도,제주시,50110,제주특별자치도 제주시 진동로5길 31,,33.52180665,126.5663772954,화북시장 GS25앞,화북119안전센터,Y,2017,4.0,제주소방서,064-729-0415,2024-02-07,1661000,소방청
화북005호,1,제주특별자치도,제주시,50110,제주특별자치도 제주시 일주동로 185,,33.51912881,126.5652368,화북남문약국 입구 앞 인도,화북119안전센터,Y,2018,2.5,제주소방서,064-729-0415,2024-02-07,1661000,소방청
화북004호,1,제주특별자치도,제주시,50110,제주특별자치도 제주시 진서로 24,,33.52078911,126.5632311,화북천일맨션 북측 20m,화북119안전센터,N,2023,1.9,제주소방서,064-729-0415,2024-02-07,1661000,소방청
화북003호,1,제주특별자치도,제주시,50110,제주특별자치도 제주시 진남로 6길 20,,33.52048579,126.5658451,화북주민센터 앞,화북119안전센터,Y,2017,4.0,제주소방서,064-729-0415,2024-02-07,1661000,소방청
화북002호,1,제주특별자치도,제주시,50110,제주특별자치도 제주시 진서로 43,,33.5225318617,126.562421234,CU 편의점 앞,화북119안전센터,N,2016,3.2,제주소방서,064-729-0415,2024-02-07,1661000,소방청
화북001호,1,제주특별자치도,제주시,50110,제주특별자치도 제주시 진남로6길 50,,33.5231095449,126.5652986603,화북청풍대 앞,화북119안전센터,Y,2002,3.2,제주소방서,064-729-0415,2024-02-07,1661000,소방청
제주아라-128,1,제주특별자치도,제주시,50110,제주특별자치도 제주시 연신로 196,제주특별자치도 제주시 영평동 2661-7,33.48608311,126.5552850865,삼장주유소 맞은편,아라119안전센터,Y,2022,2.0,제주소방서,064-729-0172,2024-02-07,1661000,소방청
제주아라-127,1,제주특별자치도,제주시,50110,제주특별자치도 제주시 아연로 553,제주특별자치도 제주시 아라일동 2265-1,33.4781857329,126.5386377148,LPG 충전소 맞은편,아라119안전센터,Y,2021,5.0,제주소방서,064-729-0172,2024-02-07,1661000,소방청
제주아라-126,1,제주특별자치도,제주시,50110,제주특별자치도 제주시 연신로 252,제주특별자치도 제주시 영평동 2763-5,33.4822360576,126.5594507033,영평알동네 버스정류소 북측 40M,아라119안전센터,Y,2020,2.0,제주소방서,064-729-0172,2024-02-07,1661000,소방청
제주아라-125,1,제주특별자치도,제주시,50110,제주특별자치도 제주시 금월길 90-37,제주특별자치도 제주시 아라이동 1104-1,33.48177711,126.5527763838,아라2동 복지회관 골목길에서 북측방향80m지점,아라119안전센터,Y,2020,2.0,제주소방서,064-729-0172,2024-02-07,1661000,소방청
제주아라-124,1,제주특별자치도,제주시,50110,제주특별자치도 제주시 아봉로 549,제주특별자치도 제주시 용강동 1276-1,33.47709021,126.5858684,용강동 마을회관 횡단보도 앞,아라119안전센터,N,2002,2.0,제주소방서,064-729-0172,2024-02-07,1661000,소방청
제주아라-123,1,제주특별자치도,제주시,50110,제주특별자치도 제주시 사송길 116,제주특별자치도 제주시 영평동 2072,33.46804311,126.5657619,아라119센터 건물 동측,아라119안전센터,Y,2019,2.0,제주소방서,064-729-0172,2024-02-07,1661000,소방청
제주아라-122,1,제주특별자치도,제주시,50110,제주특별자치도 제주시 산록북로 660,제주특별자치도 제주시 아라일동 387,33.42172037,126.5587508,관음사 입구 북측 130M,아라119안전센터,Y,2016,3.0,제주소방서,064-729-0172,2024-02-07,1661000,소방청
제주아라-121,1,제주특별자치도,제주시,50110,제주특별자치도 제주시 제주대학로 105-1,제주특별자치도 제주시 아라이동 35-19,33.46031334,126.5611289,제주대학교 입구 회전교차로 북측 봄봄까페 앞,아라119안전센터,Y,2018,2.8,제주소방서,064-729-0172,2024-02-07,1661000,소방청
제주아라-120,1,제주특별자치도,제주시,50110,제주특별자치도 제주시 제주대학로 40,제주특별자치도 제주시 아라일동 324-3,33.45799511,126.5547944623,제대마을 버스정류장 동측 20M,아라119안전센터,Y,1993,3.5,제주소방서,064-729-0172,2024-02-07,1661000,소방청
제주아라-119,1,제주특별자치도,제주시,50110,제주특별자치도 제주시 영평길 153,제주특별자치도 제주시 영평동 944-1,33.4871704213,126.5733713604,영평하동 버스정류장 동측 10M,아라119안전센터,Y,2004,2.5,제주소방서,064-729-0172,2024-02-07,1661000,소방청
제주아라-118,1,제주특별자치도,제주시,50110,제주특별자치도 제주시 영평길 218,제주특별자치도 제주시 영평동 792-1,33.4821720948,126.5705103208,영평반석타운 입구 버스정류장 맞은편,아라119안전센터,Y,2014,3.5,제주소방서,064-729-0172,2024-02-07,1661000,소방청
제주아라-117,1,제주특별자치도,제주시,50110,제주특별자치도 제주시 월평9길 1,제주특별자치도 제주시 월평동 357-5,33.47142213,126.5800251,엔엔유치원 서측 삼거리 횡단보도 앞,아라119안전센터,Y,2004,2.7,제주소방서,064-729-0172,2024-02-07,1661000,소방청
제주아라-116,1,제주특별자치도,제주시,50110,제주특별자치도 제주시 월평5길 8,제주특별자치도 제주시 월평동 1040-1,33.4702626142,126.5752453029,월평마을회관 입구 북측 30M지점,아라119안전센터,N,2004,2.5,제주소방서,064-729-0172,2024-02-07,1661000,소방청
제주아라-115,1,제주특별자치도,제주시,50110,제주특별자치도 제주시 아봉로 306,제주특별자치도 제주시 영평동 1925-5,33.4720053743,126.5696167841,중앙고등학교 입구 삼거리 신호제어기 앞,아라119안전센터,N,2012,5.0,제주소방서,064-729-0172,2024-02-07,1661000,소방청
제주아라-114,1,제주특별자치도,제주시,50110,제주특별자치도 제주시 아봉로 248,제주특별자치도 제주시 영평동 1882-4,33.47646134,126.5681129,영평상동 마을회관 버스정류장 남측,아라119안전센터,Y,2012,7.0,제주소방서,064-729-0172,2024-02-07,1661000,소방청
제주아라-113,1,제주특별자치도,제주시,50110,제주특별자치도 제주시 아봉로 225,제주특별자치도 제주시 영평동 1826,33.47871171,126.5674875,영평초등학교 정문 표지석 앞,아라119안전센터,Y,2012,7.5,제주소방서,064-729-0172,2024-02-07,1661000,소방청
제주아라-112,1,제주특별자치도,제주시,50110,제주특별자치도 제주시 아봉로 194,제주특별자치도 제주시 영평동 2458-11,33.47887043,126.5639983,신성여고 입구 동측 삼거리 횡단보도,아라119안전센터,Y,2012,9.0,제주소방서,064-729-0172,2024-02-07,1661000,소방청
제주아라-111,1,제주특별자치도,제주시,50110,제주특별자치도 제주시 중앙로 477,제주특별자치도 제주시 아라이동 1590,33.48043008,126.5441952,유일농원 앞 인도 화단 내,아라119안전센터,N,2013,4.5,제주소방서,064-729-0172,2024-02-07,1661000,소방청
제주아라-110,1,제주특별자치도,제주시,50110,제주특별자치도 제주시 간월동로 27,제주특별자치도 제주시 아라이동 1419,33.486671301,126.5452542683,아라중학교 정문 맞은편,아라119안전센터,Y,2000,2.7,제주소방서,064-729-0172,2024-02-07,1661000,소방청
제주아라-109,1,제주특별자치도,제주시,50110,제주특별자치도 제주시 금천길 12,제주특별자치도 제주시 아라이동 939-4,33.47939965,126.5526911,금천길 12 신우스위트빌 건물 뒤편 은적빌리지 정문 앞,아라119안전센터,Y,2019,3.2,제주소방서,064-729-0172,2024-02-07,1661000,소방청
제주아라-108,1,제주특별자치도,제주시,50110,제주특별자치도 제주시 금월길 46,제주특별자치도 제주시 아라이동 1145-6,33.48457299,126.5515566,프로빌아파트와 샤르망 사이 삼거리 상,아라119안전센터,Y,2009,5.0,제주소방서,064-729-0172,2024-02-07,1661000,소방청
제주아라-107,1,제주특별자치도,제주시,50110,제주특별자치도 제주시 간월동로 53,제주특별자치도 제주시 아라이동 1344-1,33.48777275,126.5473142,럭키광고자재 입구 앞,아라119안전센터,Y,1994,2.5,제주소방서,064-729-0172,2024-02-07,1661000,소방청
제주아라-106,1,제주특별자치도,제주시,50110,제주특별자치도 제주시 간월동로 5길 57,제주특별자치도 제주시 아라이동 1337-3,33.48914078,126.5477521,아트빌 입구 바로 옆,아라119안전센터,Y,2019,3.2,제주소방서,064-729-0172,2024-02-07,1661000,소방청
제주아라-105,1,제주특별자치도,제주시,50110,제주특별자치도 제주시 신설로 56,제주특별자치도 제주시 아라이동 3006 탐라중학교,33.49202771,126.5450897,연삼로상 탐라중학교 입구 들어가는 길목(운동장쪽),아라119안전센터,Y,2010,2.6,제주소방서,064-729-0172,2024-02-07,1661000,소방청
제주아라-104,1,제주특별자치도,제주시,50110,제주특별자치도 제주시 신설로42,제주특별자치도 제주시 아라이동 3005-1,33.49270677,126.5446939,"김밥꼬순내, bhc치킨 건물 앞 인도상",아라119안전센터,Y,2010,2.6,제주소방서,064-729-0172,2024-02-07,1661000,소방청
제주아라-103,1,제주특별자치도,제주시,50110,제주특별자치도 제주시 승천로 63,제주특별자치도 제주시 아라이동 3001-5,33.49304985,126.5424222,뉴월드마트 앞 인도상,아라119안전센터,Y,2010,2.8,제주소방서,064-729-0172,2024-02-07,1661000,소방청
제주아라-102,1,제주특별자치도,제주시,50110,제주특별자치도 제주시 승천로 79,제주특별자치도 제주시 아라이동 3003-9,33.49198197,126.5434419,동남한올레아파트 서측150m지점 뜨레쥬르 앞,아라119안전센터,Y,2010,2.9,제주소방서,064-729-0172,2024-02-07,1661000,소방청
제주아라-101,1,제주특별자치도,제주시,50110,제주특별자치도 제주시 신설로11길 2-10,제주특별자치도 제주시 아라이동 3009-5,33.49099544,126.5443473,"탐라중학교 서측100m지점, 오롯일반음식점 남측",아라119안전센터,Y,2010,2.6,제주소방서,064-729-0172,2024-02-07,1661000,소방청
제주아라-100,1,제주특별자치도,제주시,50110,제주특별자치도 제주시 박성내동길 43,제주특별자치도 제주시 아라이동 3011-22,33.49098846,126.5432351,바닐라온(옷가게) 앞 인도상,아라119안전센터,Y,2010,2.6,제주소방서,064-729-0172,2024-02-07,1661000,소방청
제주아라-099,1,제주특별자치도,제주시,50110,제주특별자치도 제주시 박성내동길 27,제주특별자치도 제주시 아라이동 3013-13,33.49219557,126.5420025,MG새마을금고 앞 인도상,아라119안전센터,Y,2010,2.6,제주소방서,064-729-0172,2024-02-07,1661000,소방청
제주아라-098,1,제주특별자치도,제주시,50110,제주특별자치도 제주시 구남동1길 44,제주특별자치도 제주시 아라이동 3012-1,33.49307565,126.5411832,"남광초고 남동측 하천건너편, 황금손가락 음식점 앞",아라119안전센터,Y,2010,2.8,제주소방서,064-729-0172,2024-02-07,1661000,소방청
제주아라-097,1,제주특별자치도,제주시,50110,제주특별자치도 제주시 516로 3041-33,제주특별자치도 제주시 아라일동 392-8,33.44826071,126.5531892,소림정사 입구,아라119안전센터,Y,1995,2.0,제주소방서,064-729-0172,2024-02-07,1661000,소방청
제주아라-096,1,제주특별자치도,제주시,50110,제주특별자치도 제주시 산천단동길 16,제주특별자치도 제주시 아라일동 4-8,33.44729949,126.5582172,바이오융합센터 맞은편 인도상,아라119안전센터,Y,2010,2.6,제주소방서,064-729-0172,2024-02-07,1661000,소방청
제주아라-095,1,제주특별자치도,제주시,50110,제주특별자치도 제주시 산천단동길 24,제주특별자치도 제주시 아라일동 4-10,33.44705217,126.5584941,소방장비정비센터 정문,아라119안전센터,N,2015,3.0,제주소방서,064-729-0172,2024-02-07,1661000,소방청
제주아라-094,1,제주특별자치도,제주시,50110,제주특별자치도 제주시 첨단로8길 17,제주특별자치도 제주시 영평동 2188-1,33.4482554781,126.5697886503,첨단 보듬이나눔어린이집 맞은편 도로상,아라119안전센터,Y,2008,2.4,제주소방서,064-729-0172,2024-02-07,1661000,소방청
제주아라-093,1,제주특별자치도,제주시,50110,제주특별자치도 제주시 첨단로 8길 46-12,제주특별자치도 제주시 아라일동 3006,33.4463058696,126.5666342925,첨단길 엠제이 건물 북측방향 50m지점,아라119안전센터,Y,2008,2.6,제주소방서,064-729-0172,2024-02-07,1661000,소방청
제주아라-092,1,제주특별자치도,제주시,50110,제주특별자치도 제주시 첨단로8길 40,제주특별자치도 제주시 아라일동 3007,33.4472049933,126.5677841559,제주산학융방지구 캠퍼스에서 북측방향 삼거리 인근,아라119안전센터,Y,2008,2.9,제주소방서,064-729-0172,2024-02-07,1661000,소방청
제주아라-091,1,제주특별자치도,제주시,50110,제주특별자치도 제주시 첨단로8길 64,제주특별자치도 제주시 아라일동 3008,33.44416111,126.5677047,덴티움 정문에서 북측 50m지점 도로상,아라119안전센터,Y,2009,3.5,제주소방서,064-729-0172,2024-02-07,1661000,소방청
제주아라-090,1,제주특별자치도,제주시,50110,제주특별자치도 제주시 첨단로8길 64,제주특별자치도 제주시 아라일동 3008,33.44416111,126.5677047,첨단5교 서츨 약 50m 지점,아라119안전센터,Y,2008,3.5,제주소방서,064-729-0172,2024-02-07,1661000,소방청
제주아라-089,1,제주특별자치도,제주시,50110,제주특별자치도 제주시 첨단로 8길 92,제주특별자치도 제주시 영평동 2191-1,33.44416579,126.5704594,KLEM 건물 인근 서측(jdc 세미양빌딩 주차장) 인도상,아라119안전센터,Y,2008,3.5,제주소방서,064-729-0172,2024-02-07,1661000,소방청
제주아라-088,1,제주특별자치도,제주시,50110,제주특별자치도 제주시 첨단로 213-3,제주특별자치도 제주시 영평동 2170-1,33.45378446,126.5724986,대경엔지니어링 건물 남측 인도상,아라119안전센터,Y,2009,3.5,제주소방서,064-729-0172,2024-02-07,1661000,소방청
제주아라-087,1,제주특별자치도,제주시,50110,제주특별자치도 제주시 첨단로 318,제주특별자치도 제주시 영평동 2192-1,33.44417776,126.5716264,포텍마이크로시스템 앞 인도상,아라119안전센터,Y,2008,3.5,제주소방서,064-729-0172,2024-02-07,1661000,소방청
제주아라-086,1,제주특별자치도,제주시,50110,제주특별자치도 제주시 첨단로 300,제주특별자치도 제주시 영평동 2187-2,33.44533753,126.5710381,이스트소프트 맞은편 인도상,아라119안전센터,Y,2008,3.5,제주소방서,064-729-0172,2024-02-07,1661000,소방청
제주아라-085,1,제주특별자치도,제주시,50110,제주특별자치도 제주시 첨단로 300,제주특별자치도 제주시 영평동 2187-2,33.44533753,126.5710381,이스트소프트 버스정류장 앞 인도상,아라119안전센터,Y,2008,3.5,제주소방서,064-729-0172,2024-02-07,1661000,소방청
제주아라-084,1,제주특별자치도,제주시,50110,제주특별자치도 제주시 첨단로7길 11,제주특별자치도 제주시 영평동 2230-4,33.44969563,126.5731352,한국 BMI 북측 건너편 인도상,아라119안전센터,Y,2009,3.0,제주소방서,064-729-0172,2024-02-07,1661000,소방청
제주아라-083,1,제주특별자치도,제주시,50110,제주특별자치도 제주시 첨단로213-65,제주특별자치도 제주시 영평동 2170-4,33.45238022,126.5727637,첨단 2교 서측 20m 지점,아라119안전센터,Y,2008,2.6,제주소방서,064-729-0172,2024-02-07,1661000,소방청
제주아라-082,1,제주특별자치도,제주시,50110,제주특별자치도 제주시 첨단로동길 106,제주특별자치도 제주시 월평동 747,33.45140562,126.5764772,꿈에그린 3차 아파트 301동 앞 인도상,아라119안전센터,Y,2008,2.8,제주소방서,064-729-0172,2024-02-07,1661000,소방청
제주아라-081,1,제주특별자치도,제주시,50110,제주특별자치도 제주시 첨단로동길 106,제주특별자치도 제주시 월평동 747,33.45140562,126.5764772,꿈에그린 3차 아파트 315동 앞 인도상,아라119안전센터,Y,2008,2.7,제주소방서,064-729-0172,2024-02-07,1661000,소방청
제주아라-080,1,제주특별자치도,제주시,50110,제주특별자치도 제주시 첨단로동길 106,제주특별자치도 제주시 월평동 747,33.45140562,126.5764772,꿈에그린 3차 아파트 309동 앞 인도상,아라119안전센터,N,2008,2.6,제주소방서,064-729-0172,2024-02-07,1661000,소방청
제주아라-079,1,제주특별자치도,제주시,50110,제주특별자치도 제주시 첨단로7길 11,제주특별자치도 제주시 영평동 2230-4,33.44969563,126.5731352,첨단3교 동측 30m,아라119안전센터,Y,2008,2.6,제주소방서,064-729-0172,2024-02-07,1661000,소방청
제주아라-078,1,제주특별자치도,제주시,50110,제주특별자치도 제주시 첨단로7길 11,제주특별자치도 제주시 영평동 2230-4,33.44969563,126.5731352,한국BMI 동측 150m 지점,아라119안전센터,Y,2008,2.8,제주소방서,064-729-0172,2024-02-07,1661000,소방청
제주아라-077,1,제주특별자치도,제주시,50110,제주특별자치도 제주시 첨단로7길 11,제주특별자치도 제주시 영평동 2230-4,33.44969563,126.5731352,한국BMI 정문 서측,아라119안전센터,Y,2008,2.4,제주소방서,064-729-0172,2024-02-07,1661000,소방청
제주아라-076,1,제주특별자치도,제주시,50110,제주특별자치도 제주시 첨단로7길 3,제주특별자치도 제주시 영평동 2230-3,33.44919048,126.5721199673,㈜제농 건물 남측 20m,아라119안전센터,Y,2008,3.5,제주소방서,064-729-0172,2024-02-07,1661000,소방청
제주아라-075,1,제주특별자치도,제주시,50110,제주특별자치도 제주시 첨단로 242,제주특별자치도 제주시 영평동 2181,33.45068107,126.5704934,카카오스페이스닷원 건너편 인도상,아라119안전센터,Y,2008,3.5,제주소방서,064-729-0172,2024-02-07,1661000,소방청
제주아라-074,1,제주특별자치도,제주시,50110,제주특별자치도 제주시 첨단로동길 74,제주특별자치도 제주시 월평동 745,33.45416423,126.5757329606,첨단 꿈에그린아파트 214동 앞 도로상,아라119안전센터,N,2008,2.7,제주소방서,064-729-0172,2024-02-07,1661000,소방청
제주아라-073,1,제주특별자치도,제주시,50110,제주특별자치도 제주시 첨단로동길 74,제주특별자치도 제주시 월평동 750,33.45416423,126.5757096,"첨단로동길 도로상, 첨단1교 동측 삼거리에서 남측 30m 지점",아라119안전센터,Y,2008,2.7,제주소방서,064-729-0172,2024-02-07,1661000,소방청
제주아라-072,1,제주특별자치도,제주시,50110,제주특별자치도 제주시 첨단로동길 24,제주특별자치도 제주시 월평동 717-2,33.4560469624,126.5744716661,"첨단로동길 도로상, 첨단1교 동측 삼거리에서 북측 20m 지점",아라119안전센터,Y,2008,2.7,제주소방서,064-729-0172,2024-02-07,1661000,소방청
제주아라-071,1,제주특별자치도,제주시,50110,제주특별자치도 제주시 첨단안길 2-2,제주특별자치도 제주시 월평동 739-5,33.45501869,126.5745792,"첨단로3길 도로상, 첨단1교 동측",아라119안전센터,Y,2008,2.6,제주소방서,064-729-0172,2024-02-07,1661000,소방청
제주아라-070,1,제주특별자치도,제주시,50110,제주특별자치도 제주시 제주시 첨단로 213-4,제주특별자치도 제주시 영평동 2170-2,33.4529029642,126.5725520774,제주국제자유도시개발센터 건물 동측 도로상,아라119안전센터,Y,2010,2.6,제주소방서,064-729-0172,2024-02-07,1661000,소방청
제주아라-069,1,제주특별자치도,제주시,50110,제주특별자치도 제주시 첨단로3길 10,제주특별자치도 제주시 영평동 2169-2,33.4545535004,126.5724401846,제주국제자유도시개발센터 건물 북동측 맨끝 삼거리,아라119안전센터,Y,2011,2.6,제주소방서,064-729-0172,2024-02-07,1661000,소방청
제주아라-068,1,제주특별자치도,제주시,50110,제주특별자치도 제주시 첨단로 216-19,제주특별자치도 제주시 영평동 2184,33.45244995,126.5708658,스페이스닷투 주차장 입구 건너편 인도상,아라119안전센터,N,2008,2.6,제주소방서,064-729-0172,2024-02-07,1661000,소방청
제주아라-067,1,제주특별자치도,제주시,50110,제주특별자치도 제주시 첨단로5길 1,제주특별자치도 제주시 영평동 2169-18,33.45187512,126.5717096,첨단로5길 1 건물 앞,아라119안전센터,Y,2008,3.5,제주소방서,064-729-0172,2024-02-07,1661000,소방청
제주아라-066,1,제주특별자치도,제주시,50110,제주특별자치도 제주시 첨단로 217,제주특별자치도 제주시 영평동 2169-12,33.45295905,126.5716667,GS25 편의점 북측 10m,아라119안전센터,Y,2008,3.5,제주소방서,064-729-0172,2024-02-07,1661000,소방청
제주아라-065,1,제주특별자치도,제주시,50110,제주특별자치도 제주시 첨단로 199,제주특별자치도 제주시 영평동 2169-3,33.45456103,126.5719571,엠제이 벤처오름 CU편의점 앞,아라119안전센터,Y,2008,3.5,제주소방서,064-729-0172,2024-02-07,1661000,소방청
제주아라-064,1,제주특별자치도,제주시,50110,제주특별자치도 제주시 첨단로 185,제주특별자치도 제주시 영평동 2160-6,33.45584662,126.5719045,skincure 앞,아라119안전센터,Y,2008,3.5,제주소방서,064-729-0172,2024-02-07,1661000,소방청
제주아라-063,1,제주특별자치도,제주시,50110,제주특별자치도 제주시 첨단로 175,제주특별자치도 제주시 영평동 2160-2,33.45702329,126.5717434,제우스 앞,아라119안전센터,Y,2008,3.5,제주소방서,064-729-0172,2024-02-07,1661000,소방청
제주아라-062,1,제주특별자치도,제주시,50110,제주특별자치도 제주시 첨단로 161,제주특별자치도 제주시 영평동 2160-1,33.45806911,126.5721186,제주농장영농조합법인 입구에서 북측 30m,아라119안전센터,Y,2008,3.5,제주소방서,064-729-0172,2024-02-07,1661000,소방청
제주아라-061,1,제주특별자치도,제주시,50110,제주특별자치도 제주시 아봉로 87,제주특별자치도 제주시 아라이동 942-2,33.47862718,126.5530128,금천마을 입구,아라119안전센터,Y,2000,2.7,제주소방서,064-729-0172,2024-02-07,1661000,소방청
제주아라-060,1,제주특별자치도,제주시,50110,제주특별자치도 제주시 인다1길 20,제주특별자치도 제주시 아라일동 6121,33.47757412,126.5501248,아라아이파크 110동 동측 인도,아라119안전센터,Y,2013,2.8,제주소방서,064-729-0172,2024-02-07,1661000,소방청
제주아라-059,1,제주특별자치도,제주시,50110,제주특별자치도 제주시 인다1길 20,제주특별자치도 제주시 아라일동 6121,33.47757412,126.5501248,아라아이파크 103동 동측 인도,아라119안전센터,Y,2013,3.0,제주소방서,064-729-0172,2024-02-07,1661000,소방청
제주아라-058,1,제주특별자치도,제주시,50110,제주특별자치도 제주시 인다1길 20,제주특별자치도 제주시 아라일동 6121,33.47757412,126.5501248,아라아이파크 101동 동측 인도,아라119안전센터,Y,2013,3.2,제주소방서,064-729-0172,2024-02-07,1661000,소방청
제주아라-057,1,제주특별자치도,제주시,50110,제주특별자치도 제주시 인다2길 20,제주특별자치도 제주시 아라일동 6117-2,33.47600248,126.5497341,아라아이파크 정문 맞은편 인도상,아라119안전센터,Y,2013,3.2,제주소방서,064-729-0172,2024-02-07,1661000,소방청
제주아라-056,1,제주특별자치도,제주시,50110,제주특별자치도 제주시 인다5길 1,제주특별자치도 제주시 아라일동 6110-16,33.47665151,126.5477948,서해세탁소 북측 20m 지점,아라119안전센터,Y,2013,3.1,제주소방서,064-729-0172,2024-02-07,1661000,소방청
제주아라-055,1,제주특별자치도,제주시,50110,제주특별자치도 제주시 인다6길 11,제주특별자치도 제주시 아라일동 6109-17,33.47646461,126.5456947,인다6길 11 북측 50m 인도 상,아라119안전센터,Y,2013,3.4,제주소방서,064-729-0172,2024-02-07,1661000,소방청
제주아라-054,1,제주특별자치도,제주시,50110,제주특별자치도 제주시 중앙로 523,제주특별자치도 제주시 아라일동 6103-7,33.47645953,126.5447312,중앙로 523 건물 앞 인도상,아라119안전센터,Y,1995,2.0,제주소방서,064-729-0172,2024-02-07,1661000,소방청
제주아라-053,1,제주특별자치도,제주시,50110,제주특별자치도 제주시 인다8길 25,제주특별자치도 제주시 아라일동 6109-11,33.47638525,126.5474915,서해세탁소 남측 20m지점,아라119안전센터,Y,2013,2.8,제주소방서,064-729-0172,2024-02-07,1661000,소방청
제주아라-052,1,제주특별자치도,제주시,50110,제주특별자치도 제주시 인다9길 5,제주특별자치도 제주시 아라일동 6107-22,33.47554383,126.5457791,인다9길 5 건물 북서측 인도상,아라119안전센터,Y,2013,3.2,제주소방서,064-729-0172,2024-02-07,1661000,소방청
제주아라-051,1,제주특별자치도,제주시,50110,제주특별자치도 제주시 인다12길 2,제주특별자치도 제주시 아라일동 6136,33.47300074,126.5472188,까리따스유치원 서측 150m지점(공영주차장 앞),아라119안전센터,Y,2013,2.8,제주소방서,064-729-0172,2024-02-07,1661000,소방청
제주아라-050,1,제주특별자치도,제주시,50110,제주특별자치도 제주시 인다10길 15,제주특별자치도 제주시 아라일동 6105-15,33.47461697,126.5473259,까리따스유치원 서측 30m지점,아라119안전센터,Y,2013,3.2,제주소방서,064-729-0172,2024-02-07,1661000,소방청
제주아라-049,1,제주특별자치도,제주시,50110,제주특별자치도 제주시 인다10길 31,제주특별자치도 제주시 아라일동 6116-11,33.47458554,126.5489185,까리따스유치원 동측 100m지점,아라119안전센터,Y,2013,3.2,제주소방서,064-729-0172,2024-02-07,1661000,소방청
제주아라-048,1,제주특별자치도,제주시,50110,제주특별자치도 제주시 인다1길 20,제주특별자치도 제주시 아라일동 6121,33.47757412,126.5501248,아라아이파크 107동 남측 인도,아라119안전센터,Y,2013,2.8,제주소방서,064-729-0172,2024-02-07,1661000,소방청
제주아라-047,1,제주특별자치도,제주시,50110,제주특별자치도 제주시 인다12길 41,제주특별자치도 제주시 아라일동 6126-14,33.47354691,126.5501341,인다12길 41 건물 서측 인도상,아라119안전센터,Y,2013,2.7,제주소방서,064-729-0172,2024-02-07,1661000,소방청
제주아라-046,1,제주특별자치도,제주시,50110,제주특별자치도 제주시 인다1길 20,제주특별자치도 제주시 아라일동 6121,33.47757412,126.5501248,아라아이파크 108동 남측 인도,아라119안전센터,N,2013,3.0,제주소방서,064-729-0172,2024-02-07,1661000,소방청
제주아라-045,1,제주특별자치도,제주시,50110,제주특별자치도 제주시 인다1길 58-2,제주특별자치도 제주시 아라일동 6123-8,33.47311851,126.5520394,인다1길 58-2 남측 인도,아라119안전센터,Y,2013,2.7,제주소방서,064-729-0172,2024-02-07,1661000,소방청
제주아라-044,1,제주특별자치도,제주시,50110,제주특별자치도 제주시 중앙로 573,제주특별자치도 제주시 아라일동 6138,33.47230365,126.5459702,나우리마트 앞 인도상,아라119안전센터,Y,1993,2.5,제주소방서,064-729-0172,2024-02-07,1661000,소방청
제주아라-043,1,제주특별자치도,제주시,50110,제주특별자치도 제주시 인다14길 21,제주특별자치도 제주시 아라일동 6149-13,33.47169484,126.5478294,그랑드빌 앞,아라119안전센터,Y,2013,2.9,제주소방서,064-729-0172,2024-02-07,1661000,소방청
제주아라-042,1,제주특별자치도,제주시,50110,제주특별자치도 제주시 인다12길 2,제주특별자치도 제주시 아라일동 6136,33.4730007381,126.5472188062,아라주공아파트 108동 서남측,아라119안전센터,Y,2013,3.2,제주소방서,064-729-0172,2024-02-07,1661000,소방청
제주아라-041,1,제주특별자치도,제주시,50110,제주특별자치도 제주시 인다13길 28,제주특별자치도 제주시 아라일동 6148-5,33.47235646,126.5486043,아라휴팰리스 도로 맞은편 공원 앞 인도상,아라119안전센터,Y,2013,3.2,제주소방서,064-729-0172,2024-02-07,1661000,소방청
제주아라-040,1,제주특별자치도,제주시,50110,제주특별자치도 제주시 인다13길 39,제주특별자치도 제주시 아라일동 6130-6,33.47262822,126.5497742,"푸라닭치킨, 행복한제주 공인중개사 건물 앞 인도상",아라119안전센터,Y,2013,2.6,제주소방서,064-729-0172,2024-02-07,1661000,소방청
제주아라-039,1,제주특별자치도,제주시,50110,제주특별자치도 제주시 금월길 2,제주특별자치도 제주시 아라이동 1397-16,33.48763878,126.5492459,형제레카 맞은편 도로상(최근 이설됨),아라119안전센터,Y,1999,2.8,제주소방서,064-729-0172,2024-02-07,1661000,소방청
제주아라-038,1,제주특별자치도,제주시,50110,제주특별자치도 제주시 인다15길 53,제주특별자치도 제주시 아라일동 6160-12,33.47182621,126.5519521,동우유리 건물 앞 인도상,아라119안전센터,Y,2013,3.2,제주소방서,064-729-0172,2024-02-07,1661000,소방청
제주아라-037,1,제주특별자치도,제주시,50110,제주특별자치도 제주시 인다2길 77,제주특별자치도 제주시 아라일동 6160,33.47114272,126.5505127,송인정헤어 앞 인도상,아라119안전센터,Y,2013,3.2,제주소방서,064-729-0172,2024-02-07,1661000,소방청
제주아라-036,1,제주특별자치도,제주시,50110,제주특별자치도 제주시 인다15길 21,제주특별자치도 제주시 아라일동 6152-2,33.47048215,126.5491291,sk매직 제주지국 앞 인도상,아라119안전센터,Y,2013,3.3,제주소방서,064-729-0172,2024-02-07,1661000,소방청
제주아라-035,1,제주특별자치도,제주시,50110,제주특별자치도 제주시 인다15길 5-12,제주특별자치도 제주시 아라일동 6142-13,33.47074335,126.5480177017,염광아파트 3동 뒤편(북측) 화단,아라119안전센터,Y,2013,2.7,제주소방서,064-729-0172,2024-02-07,1661000,소방청
제주아라-034,1,제주특별자치도,제주시,50110,제주특별자치도 제주시 인다15길 6,제주특별자치도 제주시 아라일동 1810-5,33.46939905,126.5481128,염광아파트 입구(명륜원어린이집 도로 맞은편),아라119안전센터,Y,2013,3.0,제주소방서,064-729-0172,2024-02-07,1661000,소방청
제주아라-033,1,제주특별자치도,제주시,50110,제주특별자치도 제주시 중앙로 613,제주특별자치도 제주시 아라일동 1810-10,33.46936971,126.5478308,원삼계탕 앞 횡단보도 앞,아라119안전센터,Y,1993,2.7,제주소방서,064-729-0172,2024-02-07,1661000,소방청
제주아라-032,1,제주특별자치도,제주시,50110,제주특별자치도 제주시 아란9길 22,제주특별자치도 제주시 아라일동 6088,33.47410245,126.5420785,스위첸아파트 106동 동남측 인도,아라119안전센터,Y,2013,3.5,제주소방서,064-729-0172,2024-02-07,1661000,소방청
제주아라-031,1,제주특별자치도,제주시,50110,제주특별자치도 제주시 아란9길 6,제주특별자치도 제주시 아라일동 6091-7,33.47260163,126.5450358,본죽 아라점 앞 인도상,아라119안전센터,Y,2013,2.8,제주소방서,064-729-0172,2024-02-07,1661000,소방청
제주아라-030,1,제주특별자치도,제주시,50110,제주특별자치도 제주시 중앙로 596,제주특별자치도 제주시 아라일동 6080,33.47015518,126.5457072,교촌치킨 아라점 앞 인도상,아라119안전센터,Y,2013,2.0,제주소방서,064-729-0172,2024-02-07,1661000,소방청
제주아라-029,1,제주특별자치도,제주시,50110,제주특별자치도 제주시 중앙로 578,제주특별자치도 제주시 아라일동 6082-3,33.47152975,126.5441351,원신아파트 남측 후문 입구,아라119안전센터,Y,2013,3.0,제주소방서,064-729-0172,2024-02-07,1661000,소방청
제주아라-028,1,제주특별자치도,제주시,50110,제주특별자치도 제주시 아란15길 26,제주특별자치도 제주시 아라일동 6073-1,33.47020366,126.5431737,아라미화아파트 서측 150m 지점,아라119안전센터,Y,2013,3.0,제주소방서,064-729-0172,2024-02-07,1661000,소방청
제주아라-027,1,제주특별자치도,제주시,50110,제주특별자치도 제주시 아란12길 8,제주특별자치도 제주시 아라일동 6075-2,33.47049599,126.5447769,아라미화아파트 2동 북서측 모서리(공영주차장 맞은편),아라119안전센터,N,2013,3.5,제주소방서,064-729-0172,2024-02-07,1661000,소방청
제주아라-026,1,제주특별자치도,제주시,50110,제주특별자치도 제주시 아란13길 15,제주특별자치도 제주시 아라일동 1753-3,33.46720852,126.5452011,제주대학교병원 입구 태양빌라 남측 인도,아라119안전센터,Y,2013,2.8,제주소방서,064-729-0172,2024-02-07,1661000,소방청
제주아라-025,1,제주특별자치도,제주시,50110,제주특별자치도 제주시 아란13길 20,제주특별자치도 제주시 아라일동 6078-6,33.46907194,126.5455437,아라종합약국 동측 10m 지점,아라119안전센터,Y,2013,3.5,제주소방서,064-729-0172,2024-02-07,1661000,소방청
제주아라-024,1,제주특별자치도,제주시,50110,제주특별자치도 제주시 아란12길 25-2,제주특별자치도 제주시 아라일동 6078,33.46917865,126.5446238,아라종합약국 서측 100m(준파크빌 앞) 지점,아라119안전센터,Y,2013,3.5,제주소방서,064-729-0172,2024-02-07,1661000,소방청
제주아라-023,1,제주특별자치도,제주시,50110,제주특별자치도 제주시 아란15길 36,제주특별자치도 제주시 아라일동 6073-6,33.46935015,126.5431821,,아라119안전센터,Y,2013,2.8,제주소방서,064-729-0172,2024-02-07,1661000,소방청
제주아라-022,1,제주특별자치도,제주시,50110,제주특별자치도 제주시 아란4길 94,제주특별자치도 제주시 아라일동 6063-7,33.46938511,126.5415383,,아라119안전센터,Y,2013,3.0,제주소방서,064-729-0172,2024-02-07,1661000,소방청
제주아라-021,1,제주특별자치도,제주시,50110,제주특별자치도 제주시 아란11길 19,제주특별자치도 제주시 아라일동 6066,33.47023399,126.5418661,아란세탁소 앞 인도상,아라119안전센터,Y,2013,2.8,제주소방서,064-729-0172,2024-02-07,1661000,소방청
제주아라-020,1,제주특별자치도,제주시,50110,제주특별자치도 제주시 아란4길 71,제주특별자치도 제주시 아라일동 6069-18,33.47135439,126.5418842,아란4길 71 건물 사거리 남측 인도상,아라119안전센터,Y,2013,3.5,제주소방서,064-729-0172,2024-02-07,1661000,소방청
제주아라-019,1,제주특별자치도,제주시,50110,제주특별자치도 제주시 아란9길 33,제주특별자치도 제주시 아라일동 6069,33.47225823,126.5419304,아라디오반 건물 앞 인도 상,아라119안전센터,Y,2013,3.5,제주소방서,064-729-0172,2024-02-07,1661000,소방청
제주아라-018,1,제주특별자치도,제주시,50110,제주특별자치도 제주시 중앙로 518,제주특별자치도 제주시 아라일동 6101,33.47725479,126.5437398,아라초등학교 후문 남측 20m지점,아라119안전센터,N,2013,3.3,제주소방서,064-729-0172,2024-02-07,1661000,소방청
제주아라-017,1,제주특별자치도,제주시,50110,제주특별자치도 제주시 아란5길 18,제주특별자치도 제주시 아라일동 6097-15,33.47511571,126.5435545,리메인 헤어숍 앞 도로상,아라119안전센터,Y,2013,3.3,제주소방서,064-729-0172,2024-02-07,1661000,소방청
제주아라-016,1,제주특별자치도,제주시,50110,제주특별자치도 제주시 아란7길 4,제주특별자치도 제주시 아라일동 6095-10,33.47459752,126.5449186,맘스터치(아라점) 동측 20m지점,아라119안전센터,Y,2013,2.8,제주소방서,064-729-0172,2024-02-07,1661000,소방청
제주아라-015,1,제주특별자치도,제주시,50110,제주특별자치도 제주시 아란9길 22,제주특별자치도 제주시 아라일동 6088,33.47410245,126.5420785,스위첸아파트 103동 CU편의점 앞,아라119안전센터,Y,2013,3.3,제주소방서,064-729-0172,2024-02-07,1661000,소방청
제주아라-014,1,제주특별자치도,제주시,50110,제주특별자치도 제주시 아란4길 35,제주특별자치도 제주시 아라일동 6097-27,33.47455855,126.5418789,토박이 공인중개사 앞 인도상,아라119안전센터,Y,2013,3.5,제주소방서,064-729-0172,2024-02-07,1661000,소방청
제주아라-013,1,제주특별자치도,제주시,50110,제주특별자치도 제주시 아란서길 94,제주특별자치도 제주시 아라일동 2085-1,33.47032313,126.5401056,아란서길 94 삼거리 인도상,아라119안전센터,Y,2013,2.8,제주소방서,064-729-0172,2024-02-07,1661000,소방청
제주아라-012,1,제주특별자치도,제주시,50110,제주특별자치도 제주시 아란서길 74,제주특별자치도 제주시 아라일동 2100-2,33.47219884,126.5397967,,아라119안전센터,Y,2013,3.5,제주소방서,064-729-0172,2024-02-07,1661000,소방청
제주아라-011,1,제주특별자치도,제주시,50110,제주특별자치도 제주시 아란1길 51,제주특별자치도 제주시 아라일동 6052,33.47303386,126.5400271,유림아이앤씨 빌라 맞은편,아라119안전센터,Y,2013,3.3,제주소방서,064-729-0172,2024-02-07,1661000,소방청
제주아라-010,1,제주특별자치도,제주시,50110,제주특별자치도 제주시 아란1길 21,제주특별자치도 제주시 아라일동 6047-19,33.47568834,126.5403697,다은공인중개사 남측 50m지점,아라119안전센터,Y,2013,3.5,제주소방서,064-729-0172,2024-02-07,1661000,소방청
제주아라-009,1,제주특별자치도,제주시,50110,제주특별자치도 제주시 아란2길 22,제주특별자치도 제주시 아라일동 6047-3,33.47551786,126.5405896,아란2길 22 건물 인도상,아라119안전센터,Y,2013,3.3,제주소방서,064-729-0172,2024-02-07,1661000,소방청
제주아라-008,1,제주특별자치도,제주시,50110,제주특별자치도 제주시 아란2길 2,제주특별자치도 제주시 아라일동 6046,33.47706251,126.5405511,파크하임 빌라 서측 인도,아라119안전센터,Y,2013,3.3,제주소방서,064-729-0172,2024-02-07,1661000,소방청
제주아라-007,1,제주특별자치도,제주시,50110,제주특별자치도 제주시 구산서길 1,제주특별자치도 제주시 아라일동 2738-1,33.47658763,126.5342911,하나출판 앞,아라119안전센터,Y,1993,2.5,제주소방서,064-729-0172,2024-02-07,1661000,소방청
제주아라-006,1,제주특별자치도,제주시,50110,제주특별자치도 제주시 구산로 65,제주특별자치도 제주시 아라일동 2444,33.4858942107,126.5405107955,제주지방해양경찰청 입구,아라119안전센터,Y,2008,3.5,제주소방서,064-729-0172,2024-02-07,1661000,소방청
제주아라-005,1,제주특별자치도,제주시,50110,제주특별자치도 제주시 구산로 22-2,제주특별자치도 제주시 아라일동 2598,33.48325868,126.5370495,메가박스 사거리 남측 200m 지점,아라119안전센터,Y,2005,2.8,제주소방서,064-729-0172,2024-02-07,1661000,소방청
제주아라-004,1,제주특별자치도,제주시,50110,제주특별자치도 제주시 연북로 527,제주특별자치도 제주시 아라일동 6035-1,33.48519894,126.5361637,연북로 주유소 맞은편,아라119안전센터,Y,2010,4.0,제주소방서,064-729-0172,2024-02-07,1661000,소방청
제주아라-003,1,제주특별자치도,제주시,50110,제주특별자치도 제주시 연북로 541,제주특별자치도 제주시 아라일동 6038-2,33.48590433,126.5372687,연북로 541 진아아구찜 서측 10m,아라119안전센터,Y,2010,3.0,제주소방서,064-729-0172,2024-02-07,1661000,소방청
제주아라-002,1,제주특별자치도,제주시,50110,제주특별자치도 제주시 연북로 549,제주특별자치도 제주시 이도이동 2022-6,33.48649948,126.5381185,연북로 549 인천문화당 동측 20m,아라119안전센터,Y,2010,2.0,제주소방서,064-729-0172,2024-02-07,1661000,소방청
제주아라-001,1,제주특별자치도,제주시,50110,제주특별자치도 제주시 연북로 565,제주특별자치도 제주시 이도이동 2019-6,33.48725481,126.5393697,연북로 565 서측 10m,아라119안전센터,Y,2010,2.0,제주소방서,064-729-0172,2024-02-07,1661000,소방청
제주외도-087,1,제주특별자치도,제주시,50110,제주특별자치도 제주시 서해안로 100,제주특별자치도 제주시 이호일동 345,33.5030627739,126.4601750847,오드리인호텔 동측 도로,외도119안전센터,Y,2023,3.0,제주소방서,064-729-0172,2024-02-07,1661000,소방청
제주외도-086,1,제주특별자치도,제주시,50110,제주특별자치도 제주시 테우해안로 160,제주특별자치도 제주시 이호일동 1962-4,33.4967533021,126.4508455626,조아찌커피 삼거리,외도119안전센터,Y,2023,3.0,제주소방서,064-729-0172,2024-02-07,1661000,소방청
제주외도-085,1,제주특별자치도,제주시,50110,제주특별자치도 제주시 계명길 25,제주특별자치도 제주시 외도일동 2154-2,33.4879782711,126.4243031,건물 서측 모퉁이,외도119안전센터,N,2022,3.0,제주소방서,064-729-0172,2024-02-07,1661000,소방청
제주외도-084,1,제주특별자치도,제주시,50110,제주특별자치도 제주시 일주서로 7415,제주특별자치도 제주시 내도동 583-6,33.4939720653,126.4392464007,,외도119안전센터,Y,2021,3.0,제주소방서,064-729-0172,2024-02-07,1661000,소방청
제주외도-083,1,제주특별자치도,제주시,50110,제주특별자치도 제주시 우평로 64,제주특별자치도 제주시 도평동 6,33.4796423723,126.4592280368,에코그린빌 6차 서측 도로,외도119안전센터,Y,2021,3.0,제주소방서,064-729-0172,2024-02-07,1661000,소방청
제주외도-082,1,제주특별자치도,제주시,50110,제주특별자치도 제주시 사라길126,제주특별자치도 제주시 도평동 1191-3,33.47042911,126.4459127,,외도119안전센터,Y,2019,3.0,제주소방서,064-729-0172,2024-02-07,1661000,소방청
제주외도-081,1,제주특별자치도,제주시,50110,제주특별자치도 제주시 테우해안로32,제주특별자치도 제주시 내도동 529-1,33.49539472,126.4382171,한라 진 칼국수 앞 인도,외도119안전센터,Y,2019,3.0,제주소방서,064-729-0172,2024-02-07,1661000,소방청
제주외도-080,1,제주특별자치도,제주시,50110,제주특별자치도 제주시 서해안로297-1,제주특별자치도 제주시 도두이동 1669-2,33.50910386,126.4772251,사수동 버스정류장 옆,외도119안전센터,Y,2019,3.0,제주소방서,064-729-0172,2024-02-07,1661000,소방청
제주외도-079,1,제주특별자치도,제주시,50110,제주특별자치도 제주시 통물길75,제주특별자치도 제주시 외도일동 175-1,33.48663473,126.4375091,외도119센터 전정,외도119안전센터,Y,2018,3.0,제주소방서,064-729-0172,2024-02-07,1661000,소방청
제주외도-078,1,제주특별자치도,제주시,50110,제주특별자치도 제주시 연대마을길 42,제주특별자치도 제주시 외도이동 1971-1,33.49493443,126.4252378,비치빌 펜션 앞,외도119안전센터,Y,2016,3.0,제주소방서,064-729-0172,2024-02-07,1661000,소방청
제주외도-077,1,제주특별자치도,제주시,50110,제주특별자치도 제주시 조공포길 63,제주특별자치도 제주시 외도일동 652,33.48655717,126.4344141,부영1차 105동 동측,외도119안전센터,Y,2002,3.1,제주소방서,064-729-0172,2024-02-07,1661000,소방청
제주외도-076,1,제주특별자치도,제주시,50110,제주특별자치도 제주시 우정로15길 13,제주특별자치도 제주시 외도일동 639-4,33.48611759,126.4323321,진영마트 사거리,외도119안전센터,Y,2002,3.1,제주소방서,064-729-0172,2024-02-07,1661000,소방청
제주외도-075,1,제주특별자치도,제주시,50110,제주특별자치도 제주시 우평로 332,제주특별자치도 제주시 외도일동 645-3,33.4842156944,126.4313698492,부영2차 209동 남측,외도119안전센터,Y,2002,3.1,제주소방서,064-729-0172,2024-02-07,1661000,소방청
제주외도-074,1,제주특별자치도,제주시,50110,제주특별자치도 제주시 우평로 332,제주특별자치도 제주시 외도일동 645-3,33.48421569,126.4313698,부영2차 208동 남측,외도119안전센터,Y,2002,3.0,제주소방서,064-729-0172,2024-02-07,1661000,소방청
제주외도-073,1,제주특별자치도,제주시,50110,제주특별자치도 제주시 우정로 89,제주특별자치도 제주시 외도일동 645-1,33.48483036,126.4311067,부영2차 206동 서측 버스정류소,외도119안전센터,Y,2002,3.1,제주소방서,064-729-0172,2024-02-07,1661000,소방청
제주외도-072,1,제주특별자치도,제주시,50110,제주특별자치도 제주시 우령4길 40,제주특별자치도 제주시 외도일동 635-8,33.48529104,126.4300779,차밍아파트 1차 서측,외도119안전센터,Y,2002,2.3,제주소방서,064-729-0172,2024-02-07,1661000,소방청
제주외도-071,1,제주특별자치도,제주시,50110,제주특별자치도 제주시 우평로 348,제주특별자치도 제주시 외도일동 643-3,33.48419264,126.4295697,부영아파트208동 서측 80m,외도119안전센터,Y,2002,3.0,제주소방서,064-729-0172,2024-02-07,1661000,소방청
제주외도-070,1,제주특별자치도,제주시,50110,제주특별자치도 제주시 우정로18길 25,제주특별자치도 제주시 외도일동 641-1,33.48422551,126.4284657,아름마을 101동 남측 인도,외도119안전센터,Y,2002,2.3,제주소방서,064-729-0172,2024-02-07,1661000,소방청
제주외도-069,1,제주특별자치도,제주시,50110,제주특별자치도 제주시 우정로18길25,제주특별자치도 제주시 외도일동 641-1,33.4842255062,126.4284656912,아름마을 남측 102동 도로,외도119안전센터,Y,2002,2.5,제주소방서,064-729-0172,2024-02-07,1661000,소방청
제주외도-068,1,제주특별자치도,제주시,50110,제주특별자치도 제주시 우령서로 87,제주특별자치도 제주시 외도일동 640-1,33.48470184,126.4270262,해마루풍경 서측,외도119안전센터,Y,2002,2.3,제주소방서,064-729-0172,2024-02-07,1661000,소방청
제주외도-067,1,제주특별자치도,제주시,50110,제주특별자치도 제주시 우령6길 61,제주특별자치도 제주시 외도일동 634-1,33.48586911,126.4290162,서측 공영주차장 앞,외도119안전센터,Y,2002,2.3,제주소방서,064-729-0172,2024-02-07,1661000,소방청
제주외도-066,1,제주특별자치도,제주시,50110,제주특별자치도 제주시 우령서로 63,제주특별자치도 제주시 외도일동 534-7,33.48683711,126.4269491,우진빌라 서측,외도119안전센터,Y,2002,2.5,제주소방서,064-729-0172,2024-02-07,1661000,소방청
제주외도-065,1,제주특별자치도,제주시,50110,제주특별자치도 제주시 우정로 12길 31,제주특별자치도 제주시 외도일동 538-24,33.48701504,126.4278828,금성빌라 맞은편,외도119안전센터,N,2002,2.5,제주소방서,064-729-0172,2024-02-07,1661000,소방청
제주외도-064,1,제주특별자치도,제주시,50110,제주특별자치도 제주시 우정로12길 11,제주특별자치도 제주시 외도일동 540-16,33.48748211,126.4297452,외도1동 경로당 남측 건너편,외도119안전센터,Y,2002,3.5,제주소방서,064-729-0172,2024-02-07,1661000,소방청
제주외도-063,1,제주특별자치도,제주시,50110,제주특별자치도 제주시 우정로 66,제주특별자치도 제주시 외도일동 544-15,33.48689211,126.4307101,남도의원사거리 서측,외도119안전센터,Y,2002,3.0,제주소방서,064-729-0172,2024-02-07,1661000,소방청
제주외도-062,1,제주특별자치도,제주시,50110,제주특별자치도 제주시 우정로15길 21,제주특별자치도 제주시 외도일동 559-4,33.48666944,126.4324672,부영1차 108동 서측,외도119안전센터,Y,2002,3.0,제주소방서,064-729-0172,2024-02-07,1661000,소방청
제주외도-061,1,제주특별자치도,제주시,50110,제주특별자치도 제주시 우정로11길 10,제주특별자치도 제주시 외도일동 550-6,33.48765165,126.4319391,지호칼국수서측 10M,외도119안전센터,Y,2002,3.1,제주소방서,064-729-0172,2024-02-07,1661000,소방청
제주외도-060,1,제주특별자치도,제주시,50110,제주특별자치도 제주시 우정로 11길 29,제주특별자치도 제주시 외도일동 533-6,33.48800298,126.4340439,시티마트 앞,외도119안전센터,Y,2002,3.1,제주소방서,064-729-0172,2024-02-07,1661000,소방청
제주외도-059,1,제주특별자치도,제주시,50110,제주특별자치도 제주시 우정로7길 25,제주특별자치도 제주시 외도일동 485-3,33.48943595,126.4338236,한국타이어물류센터 남측 8m,외도119안전센터,Y,2002,2.5,제주소방서,064-729-0172,2024-02-07,1661000,소방청
제주외도-058,1,제주특별자치도,제주시,50110,제주특별자치도 제주시 우정로7길 7,제주특별자치도 제주시 외도일동 479-3,33.48938095,126.4320114,대송파크빌 서측 10m,외도119안전센터,Y,2002,2.5,제주소방서,064-729-0172,2024-02-07,1661000,소방청
제주외도-057,1,제주특별자치도,제주시,50110,제주특별자치도 제주시 우정로15길 41,제주특별자치도 제주시 외도일동 527-3,33.48815606,126.4324652,북측50m 어린이공원 클린하우스 옆,외도119안전센터,Y,2002,3.0,제주소방서,064-729-0172,2024-02-07,1661000,소방청
제주외도-056,1,제주특별자치도,제주시,50110,제주특별자치도 제주시 우정로 47,제주특별자치도 제주시 외도일동 499-3,33.48866396,126.4312137,삼성주유소 남측 10m,외도119안전센터,Y,2002,3.0,제주소방서,064-729-0172,2024-02-07,1661000,소방청
제주외도-055,1,제주특별자치도,제주시,50110,제주특별자치도 제주시 우령6길 32,제주특별자치도 제주시 외도일동 493-16,33.48846734,126.4286105,아라메빌 동측,외도119안전센터,Y,2002,3.0,제주소방서,064-729-0172,2024-02-07,1661000,소방청
제주외도-054,1,제주특별자치도,제주시,50110,제주특별자치도 제주시 우령서로 51,제주특별자치도 제주시 외도일동 486-8,33.48784329,126.4270162,,외도119안전센터,Y,2002,3.0,제주소방서,064-729-0172,2024-02-07,1661000,소방청
제주외도-053,1,제주특별자치도,제주시,50110,제주특별자치도 제주시 우령서로 27,제주특별자치도 제주시 외도일동 454-2,33.49003509,126.4268685,대원상록수7차 북측 10m,외도119안전센터,Y,2002,3.0,제주소방서,064-729-0172,2024-02-07,1661000,소방청
제주외도-052,1,제주특별자치도,제주시,50110,제주특별자치도 제주시 우정로8길 28,제주특별자치도 제주시 외도일동 457-2,33.48946129,126.4281306,CU 물류창고 앞,외도119안전센터,Y,2002,3.0,제주소방서,064-729-0172,2024-02-07,1661000,소방청
제주외도-051,1,제주특별자치도,제주시,50110,제주특별자치도 제주시 우정로8길 19,제주특별자치도 제주시 외도일동 494-1,33.48907398,126.4289541,가인힐아파트 앞,외도119안전센터,Y,2002,3.0,제주소방서,064-729-0172,2024-02-07,1661000,소방청
제주외도-050,3,제주특별자치도,제주시,50110,제주특별자치도 제주시 우정로 38,제주특별자치도 제주시 외도일동 475-6,33.48941211,126.4306744,삼성주유소 사거리 맞은편,외도119안전센터,N,2002,3.0,제주소방서,064-729-0172,2024-02-07,1661000,소방청
제주외도-049,1,제주특별자치도,제주시,50110,제주특별자치도 제주시 우정로5길 4,제주특별자치도 제주시 외도일동 476-1,33.49017111,126.4311607,농협외도지점 남측,외도119안전센터,Y,2002,3.1,제주소방서,064-729-0172,2024-02-07,1661000,소방청
제주외도-048,1,제주특별자치도,제주시,50110,제주특별자치도 제주시 절물3길 24-1,제주특별자치도 제주시 외도일동 480-7,33.49035111,126.4332157,외도절물회관,외도119안전센터,Y,2002,3.0,제주소방서,064-729-0172,2024-02-07,1661000,소방청
제주외도-047,1,제주특별자치도,제주시,50110,제주특별자치도 제주시 절물3길 14 앞,제주특별자치도 제주시 외도일동 452-8,33.4912238959,126.4335291661,제주성지교회 남동측 50m,외도119안전센터,Y,2002,2.5,제주소방서,064-729-0172,2024-02-07,1661000,소방청
제주외도-046,1,제주특별자치도,제주시,50110,제주특별자치도 제주시 우정로3길 14,제주특별자치도 제주시 외도일동 450-12,33.49115182,126.4321811,이안애아파트 서측,외도119안전센터,Y,2002,3.1,제주소방서,064-729-0172,2024-02-07,1661000,소방청
제주외도-045,1,제주특별자치도,제주시,50110,제주특별자치도 제주시 우정로18,제주특별자치도 제주시 외도일동 445-9,33.49124457,126.4307228,주천빌딩 남측,외도119안전센터,Y,2002,4.0,제주소방서,064-729-0172,2024-02-07,1661000,소방청
제주외도-044,1,제주특별자치도,제주시,50110,제주특별자치도 제주시 우정로6길 23,제주특별자치도 제주시 외도일동 455-4,33.49014502,126.4282204,정난주성당 앞 주차장 동측,외도119안전센터,Y,2002,4.0,제주소방서,064-729-0172,2024-02-07,1661000,소방청
제주외도-043,1,제주특별자치도,제주시,50110,제주특별자치도 제주시 우정로4길 25,제주특별자치도 제주시 외도일동 439-9,33.49117571,126.4282011,한라방방 서측,외도119안전센터,Y,2002,3.5,제주소방서,064-729-0172,2024-02-07,1661000,소방청
제주외도-042,1,제주특별자치도,제주시,50110,제주특별자치도 제주시 우정로4길 40,제주특별자치도 제주시 외도일동 400-5,33.49142913,126.4266174,네오하임아파트 남측,외도119안전센터,Y,2002,3.5,제주소방서,064-729-0172,2024-02-07,1661000,소방청
제주외도-041,1,제주특별자치도,제주시,50110,제주특별자치도 제주시 일주서로 7311,제주특별자치도 제주시 외도이동 1925,33.49298483,126.4282578,외도연대마을입구,외도119안전센터,Y,2000,3.0,제주소방서,064-729-0172,2024-02-07,1661000,소방청
제주외도-040,1,제주특별자치도,제주시,50110,제주특별자치도 제주시 일주서로 7316,제주특별자치도 제주시 외도일동 401-8,33.49238621,126.4286535,그라벨호텔 동측,외도119안전센터,Y,2002,3.5,제주소방서,064-729-0172,2024-02-07,1661000,소방청
제주외도-039,1,제주특별자치도,제주시,50110,제주특별자치도 제주시 우정로4길 4,제주특별자치도 제주시 외도일동 418-6,33.49153595,126.4306005,백강수피아5차 앞,외도119안전센터,Y,2002,3.0,제주소방서,064-729-0172,2024-02-07,1661000,소방청
제주외도-038,1,제주특별자치도,제주시,50110,제주특별자치도 제주시 도근내길 8,제주특별자치도 제주시 외도일동 429-7,33.49263775,126.4321272,외도주민센터 뒤,외도119안전센터,Y,2002,3.1,제주소방서,064-729-0172,2024-02-07,1661000,소방청
제주외도-037,1,제주특별자치도,제주시,50110,제주특별자치도 제주시 도근내길 18,제주특별자치도 제주시 외도일동 430-9,33.4924459133,126.4329585417,,외도119안전센터,Y,2002,3.0,제주소방서,064-729-0172,2024-02-07,1661000,소방청
제주외도-036,1,제주특별자치도,제주시,50110,제주특별자치도 제주시 도근내길 32,제주특별자치도 제주시 외도일동 436-10,33.49213991,126.4343783,앙끄레빌아파트 남측,외도119안전센터,N,2002,3.1,제주소방서,064-729-0172,2024-02-07,1661000,소방청
제주외도-035,1,제주특별자치도,제주시,50110,제주특별자치도 제주시 일주서로 7368,제주특별자치도 제주시 외도이동 235-1,33.4924657656,126.4346988175,외도초 북서측 코너,외도119안전센터,Y,2000,3.0,제주소방서,064-729-0172,2024-02-07,1661000,소방청
제주외도-034,1,제주특별자치도,제주시,50110,제주특별자치도 제주시 월대6길 10,제주특별자치도 제주시 외도이동 250-22,33.49314895,126.4356396,외도바로아파트 북측 화단 내,외도119안전센터,Y,2002,3.1,제주소방서,064-729-0172,2024-02-07,1661000,소방청
제주외도-033,1,제주특별자치도,제주시,50110,제주특별자치도 제주시 일주서로 7378,제주특별자치도 제주시 외도이동 250-1,33.49379554,126.4352641,올리브치킨 앞,외도119안전센터,Y,2002,3.0,제주소방서,064-729-0172,2024-02-07,1661000,소방청
제주외도-032,1,제주특별자치도,제주시,50110,제주특별자치도 제주시 도평동길 23,제주특별자치도 제주시 도평동 805-1,33.47889851,126.4503621,,외도119안전센터,N,1990,3.0,제주소방서,064-729-0172,2024-02-07,1661000,소방청
제주외도-031,1,제주특별자치도,제주시,50110,제주특별자치도 제주시 고래소길 2,제주특별자치도 제주시 도평동 933-5,33.4776372658,126.4501574677,도평동 전원빌라앞,외도119안전센터,Y,2003,3.2,제주소방서,064-729-0172,2024-02-07,1661000,소방청
제주외도-030,1,제주특별자치도,제주시,50110,제주특별자치도 제주시 도평길 17,제주특별자치도 제주시 도평동 866,33.4808292568,126.4467735824,우평로 도평초등학교 신호등 사거리,외도119안전센터,Y,2017,3.0,제주소방서,064-729-0172,2024-02-07,1661000,소방청
제주외도-029,1,제주특별자치도,제주시,50110,제주특별자치도 제주시 대통길 93,제주특별자치도 제주시 도평동 1398-5,33.4859652761,126.4464146957,에코그린빌 13차 주차장 울타리,외도119안전센터,N,2006,3.5,제주소방서,064-729-0172,2024-02-07,1661000,소방청
제주외도-028,1,제주특별자치도,제주시,50110,제주특별자치도 제주시 대통길 1,제주특별자치도 제주시 내도동 310-2,33.4928837916,126.4421702833,성창카센터 북측 울타리 화단,외도119안전센터,Y,2000,3.0,제주소방서,064-729-0172,2024-02-07,1661000,소방청
제주외도-027,1,제주특별자치도,제주시,50110,제주특별자치도 제주시 신산마을길 65,제주특별자치도 제주시 도평동 595-1,33.48951017,126.4501257,신산마을 주차장(버스정류장) 옆,외도119안전센터,Y,2003,3.0,제주소방서,064-729-0172,2024-02-07,1661000,소방청
제주외도-026,1,제주특별자치도,제주시,50110,제주특별자치도 제주시 현사길 18,제주특별자치도 제주시 이호일동 1770-1,33.4963312823,126.4499543107,노리터서핑스쿨 옆,외도119안전센터,Y,2002,3.5,제주소방서,064-729-0172,2024-02-07,1661000,소방청
제주외도-025,1,제주특별자치도,제주시,50110,제주특별자치도 제주시 오광로 16,제주특별자치도 제주시 이호이동 1539,33.49406511,126.4554123,슈퍼키즈 성장센터 앞 인도,외도119안전센터,Y,2012,2.5,제주소방서,064-729-0172,2024-02-07,1661000,소방청
제주외도-024,1,제주특별자치도,제주시,50110,제주특별자치도 제주시 오광로 75,제주특별자치도 제주시 이호이동 1051,33.48920913,126.4589958,슈퍼마켓협동조합 맞은편 인도,외도119안전센터,Y,2008,3.0,제주소방서,064-729-0172,2024-02-07,1661000,소방청
제주외도-023,1,제주특별자치도,제주시,50110,제주특별자치도 제주시 오도9길 4,제주특별자치도 제주시 이호이동 1085-2,33.49127775,126.4596191,이호2동 월운정자 앞,외도119안전센터,Y,2002,3.0,제주소방서,064-729-0172,2024-02-07,1661000,소방청
제주외도-022,1,제주특별자치도,제주시,50110,제주특별자치도 제주시 오도길 27,제주특별자치도 제주시 이호이동 935-1,33.49292081,126.4602814,성산포IS 앞 인도,외도119안전센터,Y,2009,3.0,제주소방서,064-729-0172,2024-02-07,1661000,소방청
제주외도-021,1,제주특별자치도,제주시,50110,제주특별자치도 제주시 오도길 13 앞,제주특별자치도 제주시 이호이동 842-12,33.49398611,126.4601864848,대림마트 맞은편 인도,외도119안전센터,Y,2009,3.0,제주소방서,064-729-0172,2024-02-07,1661000,소방청
제주외도-020,1,제주특별자치도,제주시,50110,제주특별자치도 제주시 오도1길 5-9 앞,제주특별자치도 제주시 이호이동 781-3,33.4948220249,126.4605783263,이호주유소 남측 오도롱 입구,외도119안전센터,Y,2002,3.0,제주소방서,064-729-0172,2024-02-07,1661000,소방청
제주외도-019,1,제주특별자치도,제주시,50110,제주특별자치도 제주시 도리로 61 동측,제주특별자치도 제주시 이호일동 645-3,33.49928911,126.4586820549,연탄불석쇠구이 동측,외도119안전센터,Y,2002,3.0,제주소방서,064-729-0172,2024-02-07,1661000,소방청
제주외도-018,1,제주특별자치도,제주시,50110,제주특별자치도 제주시 서해안로 68,제주특별자치도 제주시 이호일동 367-1,33.50285431,126.4569705,이호해변길 진입로 앞,외도119안전센터,Y,2011,3.0,제주소방서,064-729-0172,2024-02-07,1661000,소방청
제주외도-017,1,제주특별자치도,제주시,50110,제주특별자치도 제주시 서해안로 149,제주특별자치도 제주시 도두일동 2623-11,33.50322323,126.4651379,좋은민박 앞,외도119안전센터,Y,2002,3.0,제주소방서,064-729-0172,2024-02-07,1661000,소방청
제주외도-016,1,제주특별자치도,제주시,50110,제주특별자치도 제주시 도공로 26,제주특별자치도 제주시 도두일동 2622-16,33.50403911,126.4655941,솜빡 매생이 갈비탕 식당 앞,외도119안전센터,Y,2002,3.0,제주소방서,064-729-0172,2024-02-07,1661000,소방청
제주외도-015,1,제주특별자치도,제주시,50110,제주특별자치도 제주시 도두항서5길 9,제주특별자치도 제주시 도두일동 2628-6,33.50460182,126.4645081,제주세관숙소 오름관 앞,외도119안전센터,Y,2016,3.0,제주소방서,064-729-0172,2024-02-07,1661000,소방청
제주외도-014,1,제주특별자치도,제주시,50110,제주특별자치도 제주시 도두항서7길3,제주특별자치도 제주시 도두일동 2628-4,33.5034656215,126.4638126866,무한정 주차장 진입로,외도119안전센터,Y,2002,3.0,제주소방서,064-729-0172,2024-02-07,1661000,소방청
제주외도-013,1,제주특별자치도,제주시,50110,제주특별자치도 제주시 도두항서길 41,제주특별자치도 제주시 도두일동 2614,33.5060196715,126.4641532736,블루파크시티 서측 인도상,외도119안전센터,Y,2002,3.0,제주소방서,064-729-0172,2024-02-07,1661000,소방청
제주외도-012,1,제주특별자치도,제주시,50110,제주특별자치도 제주시 도공로 2,제주특별자치도 제주시 도두일동 2614-5,33.50612757,126.4649824,더도두호텔 주차장 입구 남측,외도119안전센터,Y,2002,3.0,제주소방서,064-729-0172,2024-02-07,1661000,소방청
제주외도-011,1,제주특별자치도,제주시,50110,제주특별자치도 제주시 도두항서길 13,제주특별자치도 제주시 도두일동 2629-4,33.50557311,126.4662628,정서방해물뚝배기 앞,외도119안전센터,Y,2002,3.0,제주소방서,064-729-0172,2024-02-07,1661000,소방청
제주외도-010,1,제주특별자치도,제주시,50110,제주특별자치도 제주시 도공로 53,제주특별자치도 제주시 도두일동 2450-5,33.5018547665,126.4666661,로치아 로스터스 커피숍 북측 5m 인도상,외도119안전센터,Y,2018,3.0,제주소방서,064-729-0172,2024-02-07,1661000,소방청
제주외도-009,1,제주특별자치도,제주시,50110,제주특별자치도 제주시 도두1길 26,제주특별자치도 제주시 도두일동 2566,33.50410911,126.4678045273,도두 공동목욕장 오거리,외도119안전센터,Y,2002,3.0,제주소방서,064-729-0172,2024-02-07,1661000,소방청
제주외도-008,1,제주특별자치도,제주시,50110,제주특별자치도 제주시 도두항길 4 앞,제주특별자치도 제주시 도두일동 2589,33.5057623082,126.4674663825,도두동 어부의 밥상 뒷 골목,외도119안전센터,Y,2011,3.0,제주소방서,064-729-0172,2024-02-07,1661000,소방청
제주외도-007,1,제주특별자치도,제주시,50110,제주특별자치도 제주시 서해안로 248,제주특별자치도 제주시 도두일동 1688-9,33.5089326837,126.4722621,마니주 일반음식점 앞,외도119안전센터,Y,2002,3.0,제주소방서,064-729-0172,2024-02-07,1661000,소방청
제주외도-006,1,제주특별자치도,제주시,50110,제주특별자치도 제주시 다호북길113,제주특별자치도 제주시 도두이동 414-1,33.50296411,126.4861051,도두2동 로젠택배 동측 10m,외도119안전센터,Y,2014,3.0,제주소방서,064-729-0172,2024-02-07,1661000,소방청
제주외도-005,1,제주특별자치도,제주시,50110,제주특별자치도 제주시 다호5길3,제주특별자치도 제주시 도두이동 90-12,33.5014033741,126.4904654319,도두동 다호부락삼거리,외도119안전센터,Y,2002,3.0,제주소방서,064-729-0172,2024-02-07,1661000,소방청
제주외도-004,1,제주특별자치도,제주시,50110,제주특별자치도 제주시 오일장중길47,제주특별자치도 제주시 도두일동 2249-1,33.49645611,126.4729060569,축산물 매장 앞,외도119안전센터,Y,2008,5.5,제주소방서,064-729-0172,2024-02-07,1661000,소방청
제주외도-003,1,제주특별자치도,제주시,50110,제주특별자치도 제주시 오일장중길6,제주특별자치도 제주시 도두일동 2320,33.4948949885,126.4691434981,오일시장 도두입구,외도119안전센터,Y,2008,5.5,제주소방서,064-729-0172,2024-02-07,1661000,소방청
제주외도-002,1,제주특별자치도,제주시,50110,제주특별자치도 제주시 신성마을길26,제주특별자치도 제주시 도두이동 249-16,33.4962033303,126.4886634032,신성마을회관 사거리,외도119안전센터,Y,2002,3.0,제주소방서,064-729-0172,2024-02-07,1661000,소방청
제주외도-001,1,제주특별자치도,제주시,50110,제주특별자치도 제주시 일주서로 7907,제주특별자치도 제주시 도두이동 162-4,33.4939472204,126.4913875097,신광사거리 서측,외도119안전센터,Y,2002,3.5,제주소방서,064-729-0172,2024-02-07,1661000,소방청
제주노형-119,1,제주특별자치도,제주시,50110,제주특별자치도 제주시 노형로 255,제주특별자치도 제주시 노형동 3241-1,33.4765371466,126.4662878401,대경건축자재 앞 인도,노형119안전센터,Y,2021,4.0,제주소방서,064-729-0172,2024-02-07,1661000,소방청
제주노형-118,1,제주특별자치도,제주시,50110,제주특별자치도 제주시 우평로 15,제주특별자치도 제주시 노형동 3104-5,33.4790184331,126.4645353903,광평서길 골목길 전신주 앞,노형119안전센터,Y,2021,4.0,제주소방서,064-729-0172,2024-02-07,1661000,소방청
제주노형-117,1,제주특별자치도,제주시,50110,제주특별자치도 제주시 광평중길 23,제주특별자치도 제주시 노형동 2975-2,33.4833021813,126.4666089456,,노형119안전센터,Y,2021,4.0,제주소방서,064-729-0172,2024-02-07,1661000,소방청
제주노형-116,1,제주특별자치도,제주시,50110,제주특별자치도 제주시 광평길 24,제주특별자치도 제주시 노형동 2485-2,33.48146211,126.4691511,안빵카페 동측 도로상,노형119안전센터,Y,2021,4.0,제주소방서,064-729-0172,2024-02-07,1661000,소방청
제주노형-115,1,제주특별자치도,제주시,50110,제주특별자치도 제주시 월산남길 24,제주특별자치도 제주시 노형동 3286-1,33.471328236,126.4647501933,월산 엘로이빌 북서측 30m,노형119안전센터,N,2020,3.8,제주소방서,064-729-0172,2024-02-07,1661000,소방청
제주노형-114,1,제주특별자치도,제주시,50110,제주특별자치도 제주시 노형동 2661,제주특별자치도 제주시 노형동 2661,33.488478634,126.469319013,뜨란체아파트 211동 맞은편 인도,노형119안전센터,Y,2019,3.2,제주소방서,064-729-0172,2024-02-07,1661000,소방청
제주노형-113,1,제주특별자치도,제주시,50110,제주특별자치도 제주시 신비마을3길 6,제주특별자치도 제주시 해안동 48-17,33.4461487285,126.4754031,,노형119안전센터,Y,2003,3.2,제주소방서,064-729-0172,2024-02-07,1661000,소방청
제주노형-112,1,제주특별자치도,제주시,50110,제주특별자치도 제주시 신비마을길 71,제주특별자치도 제주시 해안동 22-22,33.4462423982,126.4802974921,,노형119안전센터,Y,2000,3.0,제주소방서,064-729-0172,2024-02-07,1661000,소방청
제주노형-111,1,제주특별자치도,제주시,50110,제주특별자치도 제주시 주르레길1,제주특별자치도 제주시 노형동 291-24,33.4500807816,126.486076228,말이랑흑도새기랑식당 앞,노형119안전센터,Y,2015,3.4,제주소방서,064-729-0172,2024-02-07,1661000,소방청
제주노형-110,1,제주특별자치도,제주시,50110,제주특별자치도 제주시 1100로 3164,제주특별자치도 제주시 노형동 115,33.4689316107,126.485704226,제주복돈 맞은편 인도,노형119안전센터,Y,2013,3.0,제주소방서,064-729-0172,2024-02-07,1661000,소방청
제주노형-109,1,제주특별자치도,제주시,50110,제주특별자치도 제주시 1100로 3212,제주특별자치도 제주시 노형동 71-3,33.47327124,126.4845291,삼화빌라 앞 인도,노형119안전센터,Y,2009,5.0,제주소방서,064-729-0172,2024-02-07,1661000,소방청
제주노형-108,1,제주특별자치도,제주시,50110,제주특별자치도 제주시 노형로 410,제주특별자치도 제주시 노형동 3779,33.48519004,126.4785192,대순진리회 건물 앞 인도,노형119안전센터,Y,2014,3.5,제주소방서,064-729-0172,2024-02-07,1661000,소방청
제주노형-107,1,제주특별자치도,제주시,50110,제주특별자치도 제주시 노형8길 2,제주특별자치도 제주시 노형동 3788,33.4843262448,126.4773461691,3factory안경집 앞,노형119안전센터,Y,2014,4.0,제주소방서,064-729-0172,2024-02-07,1661000,소방청
제주노형-106,1,제주특별자치도,제주시,50110,제주특별자치도 제주시 노형 8길 16,제주특별자치도 제주시 노형동 3786-2,33.4837424131,126.4785540901,서가앤쿡 맞은편 인도,노형119안전센터,Y,2014,3.5,제주소방서,064-729-0172,2024-02-07,1661000,소방청
제주노형-105,1,제주특별자치도,제주시,50110,제주특별자치도 제주시 노형 12길 24,제주특별자치도 제주시 노형동 3791-1,33.4829999833,126.4795911157,아이파크 202동 서측 주차장 앞 인도,노형119안전센터,Y,2014,4.0,제주소방서,064-729-0172,2024-02-07,1661000,소방청
제주노형-104,1,제주특별자치도,제주시,50110,제주특별자치도 제주시 노형12길 27,제주특별자치도 제주시 노형동 3784-10,33.48236392,126.4804756,그린온누리약국 앞 인도,노형119안전센터,Y,2014,3.5,제주소방서,064-729-0172,2024-02-07,1661000,소방청
제주노형-103,1,제주특별자치도,제주시,50110,제주특별자치도 제주시 노형9길 9-4,제주특별자치도 제주시 노형동 3793-1,33.482881573,126.4769921478,노형건강생활지원센터 앞 인도,노형119안전센터,Y,2014,3.5,제주소방서,064-729-0172,2024-02-07,1661000,소방청
제주노형-102,1,제주특별자치도,제주시,50110,제주특별자치도 제주시 노형로376,제주특별자치도 제주시 노형동 3788-12,33.48341472,126.4761263,최고이비인후과 앞,노형119안전센터,Y,2014,3.5,제주소방서,064-729-0172,2024-02-07,1661000,소방청
제주노형-101,1,제주특별자치도,제주시,50110,제주특별자치도 제주시 노형 4길 6,제주특별자치도 제주시 노형동 3803-1,33.48219511,126.475077119,건물 맞은편 인도,노형119안전센터,Y,2014,3.5,제주소방서,064-729-0172,2024-02-07,1661000,소방청
제주노형-100,1,제주특별자치도,제주시,50110,제주특별자치도 제주시 노형 7길 3-5,제주특별자치도 제주시 노형동 3799-7,33.48079511,126.477365891,건물 서측 공원 앞,노형119안전센터,Y,2014,4.0,제주소방서,064-729-0172,2024-02-07,1661000,소방청
제주노형-099,1,제주특별자치도,제주시,50110,제주특별자치도 제주시 노형4길 38,제주특별자치도 제주시 노형동 3798-1,33.4811218622,126.478193975,한샘리하우스 앞 인도,노형119안전센터,Y,2014,3.5,제주소방서,064-729-0172,2024-02-07,1661000,소방청
제주노형-098,1,제주특별자치도,제주시,50110,제주특별자치도 제주시 노형4길 38,제주특별자치도 제주시 노형동 3798-1,33.4811218622,126.478193975,한샘리하우스 맞은편 인도,노형119안전센터,Y,2002,7.5,제주소방서,064-729-0172,2024-02-07,1661000,소방청
제주노형-097,1,제주특별자치도,제주시,50110,제주특별자치도 제주시 1100로 3285,제주특별자치도 제주시 노형동 740,33.47955811,126.4817584,농협 앞,노형119안전센터,Y,2002,7.5,제주소방서,064-729-0172,2024-02-07,1661000,소방청
제주노형-096,1,제주특별자치도,제주시,50110,제주특별자치도 제주시 진군1길 25,제주특별자치도 제주시 노형동 735-8,33.47887031,126.4793502,일고 남측 공영주차장 앞,노형119안전센터,Y,2002,7.0,제주소방서,064-729-0172,2024-02-07,1661000,소방청
제주노형-095,1,제주특별자치도,제주시,50110,제주특별자치도 제주시 노형1길 43,제주특별자치도 제주시 노형동 3801-11,33.47970385,126.4775976,우나다 카페 앞,노형119안전센터,Y,2014,3.5,제주소방서,064-729-0172,2024-02-07,1661000,소방청
제주노형-094,1,제주특별자치도,제주시,50110,제주특별자치도 제주시 노형 1길 14,제주특별자치도 제주시 노형동 3809,33.4808185857,126.4748046321,건물 맞은편 인도,노형119안전센터,Y,2014,4.0,제주소방서,064-729-0172,2024-02-07,1661000,소방청
제주노형-093,1,제주특별자치도,제주시,50110,제주특별자치도 제주시 노형로 344,제주특별자치도 제주시 노형동 3806-10,33.4815460432,126.4737968401,그릇백화점 앞 인도,노형119안전센터,Y,2014,3.5,제주소방서,064-729-0172,2024-02-07,1661000,소방청
제주노형-092,1,제주특별자치도,제주시,50110,제주특별자치도 제주시 고사마루길 2,제주특별자치도 제주시 노형동 2319-1,33.48029087,126.4722341,파스구찌 카페 앞 인도,노형119안전센터,Y,1996,3.0,제주소방서,064-729-0172,2024-02-07,1661000,소방청
제주노형-091,1,제주특별자치도,제주시,50110,제주특별자치도 제주시 한라대학로 7,제주특별자치도 제주시 노형동 3806-10,33.48036511,126.4730965959,에스프레소라운지 앞 인도,노형119안전센터,Y,2014,4.0,제주소방서,064-729-0172,2024-02-07,1661000,소방청
제주노형-090,1,제주특별자치도,제주시,50110,제주특별자치도 제주시 노형 5길 44,제주특별자치도 제주시 노형동 3811-4,33.47946294,126.4740784,노형대기종합철물 앞,노형119안전센터,Y,2014,4.0,제주소방서,064-729-0172,2024-02-07,1661000,소방청
제주노형-089,1,제주특별자치도,제주시,50110,제주특별자치도 제주시 한라대학로37,제주특별자치도 제주시 노형동 3813-10,33.47823611,126.4754166,버스정류장 옆,노형119안전센터,Y,2014,4.0,제주소방서,064-729-0172,2024-02-07,1661000,소방청
제주노형-088,1,제주특별자치도,제주시,50110,제주특별자치도 제주시 정원로 49,제주특별자치도 제주시 노형동 755,33.47753811,126.4776929234,싱싱쌈촌 식당 맞은편 인도,노형119안전센터,Y,2014,3.5,제주소방서,064-729-0172,2024-02-07,1661000,소방청
제주노형-087,1,제주특별자치도,제주시,50110,제주특별자치도 제주시 정원로 49,제주특별자치도 제주시 노형동 755,33.47754511,126.4776381,싱싱쌈촌 식당 앞 인도,노형119안전센터,Y,2012,7.5,제주소방서,064-729-0172,2024-02-07,1661000,소방청
제주노형-086,1,제주특별자치도,제주시,50110,제주특별자치도 제주시 진군3길 9,제주특별자치도 제주시 노형동 752,33.4775084595,126.4799960942,놀이터 남측,노형119안전센터,Y,2002,3.0,제주소방서,064-729-0172,2024-02-07,1661000,소방청
제주노형-085,1,제주특별자치도,제주시,50110,제주특별자치도 제주시 한라대학로 89,제주특별자치도 제주시 노형동 762-2,33.4765207946,126.4798743978,새마을금고 한라대학로지점 앞 인도,노형119안전센터,Y,2002,3.0,제주소방서,064-729-0172,2024-02-07,1661000,소방청
제주노형-084,1,제주특별자치도,제주시,50110,제주특별자치도 제주시 한라대학로107,제주특별자치도 제주시 노형동 753-1,33.4773391411,126.4813088033,중흥S클래스105동 남측 도로변 인도,노형119안전센터,Y,2002,3.0,제주소방서,064-729-0172,2024-02-07,1661000,소방청
제주노형-083,1,제주특별자치도,제주시,50110,제주특별자치도 제주시 과원로 11,제주특별자치도 제주시 노형동 754-4,33.4765139735,126.4852811597,부영아파트2차 204동 서측 도로변 인도,노형119안전센터,N,2002,7.5,제주소방서,064-729-0172,2024-02-07,1661000,소방청
제주노형-082,1,제주특별자치도,제주시,50110,제주특별자치도 제주시 연화로 42,제주특별자치도 제주시 노형동 754-2,33.4778156956,126.4864334691,한라초등교 정문 앞 인도상,노형119안전센터,N,2002,7.7,제주소방서,064-729-0172,2024-02-07,1661000,소방청
제주노형-081,1,제주특별자치도,제주시,50110,제주특별자치도 제주시 과원북2길 18,제주특별자치도 제주시 노형동 754,33.4787844379,126.484019168,한라중학교 후문 입구,노형119안전센터,Y,2002,7.0,제주소방서,064-729-0172,2024-02-07,1661000,소방청
제주노형-080,1,제주특별자치도,제주시,50110,제주특별자치도 제주시 과원북2길 12,제주특별자치도 제주시 노형동 754,33.47866411,126.4841412457,연동부영5차 506동 서측 도로변 인도,노형119안전센터,N,2002,7.5,제주소방서,064-729-0172,2024-02-07,1661000,소방청
제주노형-079,1,제주특별자치도,제주시,50110,제주특별자치도 제주시 과원북4길 12,제주특별자치도 제주시 노형동 731,33.4808937019,126.4828696399,공원 서측 도로변 인도,노형119안전센터,N,2002,7.5,제주소방서,064-729-0172,2024-02-07,1661000,소방청
제주노형-078,1,제주특별자치도,제주시,50110,제주특별자치도 제주시 원노형로 93,제주특별자치도 제주시 노형동 732,33.4804132823,126.485543753,연동부영1차 105동 서측 인도,노형119안전센터,Y,2002,7.0,제주소방서,064-729-0172,2024-02-07,1661000,소방청
제주노형-077,1,제주특별자치도,제주시,50110,제주특별자치도 제주시 연화로 16,제주특별자치도 제주시 노형동 732-1,33.48080511,126.4862821995,해오름아파트 101동 동측 인도 파리바게트 사거리 북쪽,노형119안전센터,Y,2002,7.7,제주소방서,064-729-0172,2024-02-07,1661000,소방청
제주노형-076,1,제주특별자치도,제주시,50110,제주특별자치도 제주시 연북로 50,제주특별자치도 제주시 노형동 726-2,33.48159161,126.4866608,국민은행 연북로지점앞,노형119안전센터,Y,2002,7.5,제주소방서,064-729-0172,2024-02-07,1661000,소방청
제주노형-075,1,제주특별자치도,제주시,50110,제주특별자치도 제주시 연북로 34,제주특별자치도 제주시 노형동 725,33.48166837,126.4849441,LG U+매장 앞 도로변,노형119안전센터,Y,2002,7.5,제주소방서,064-729-0172,2024-02-07,1661000,소방청
제주노형-074,1,제주특별자치도,제주시,50110,제주특별자치도 제주시 연북로 20,제주특별자치도 제주시 노형동 719,33.48168967,126.4834781,에코퍼플 건물 앞 인도,노형119안전센터,Y,2002,7.0,제주소방서,064-729-0172,2024-02-07,1661000,소방청
제주노형-073,1,제주특별자치도,제주시,50110,제주특별자치도 제주시 연북로 1,제주특별자치도 제주시 노형동 708,33.4824421892,126.4818340007,롯데마트 서측 도로변 인도,노형119안전센터,N,2002,7.5,제주소방서,064-729-0172,2024-02-07,1661000,소방청
제주노형-072,1,제주특별자치도,제주시,50110,제주특별자치도 제주시 연북로 35,제주특별자치도 제주시 노형동 725,33.4816683662,126.4849520011,메르헨하우스 2차 앞,노형119안전센터,Y,2021,3.0,제주소방서,064-729-0172,2024-02-07,1661000,소방청
제주노형-071,1,제주특별자치도,제주시,50110,제주특별자치도 제주시 노형동 2897-1,제주특별자치도 제주시 노형동 2897-1,33.4847113039,126.465488806,자전거 및 보행자도로 표지판 옆,노형119안전센터,Y,2021,3.0,제주소방서,064-729-0172,2024-02-07,1661000,소방청
제주노형-070,2,제주특별자치도,제주시,50110,제주특별자치도 제주시 원노형남1길 38,제주특별자치도 제주시 노형동 937,33.48387411,126.4843071,상생 공인중개사 앞,노형119안전센터,N,2002,3.0,제주소방서,064-729-0172,2024-02-07,1661000,소방청
제주노형-069,1,제주특별자치도,제주시,50110,제주특별자치도 제주시 원노형로 47,제주특별자치도 제주시 노형동 942-1,33.48445813,126.4850746,궁전삼계탕 앞,노형119안전센터,Y,2011,3.0,제주소방서,064-729-0172,2024-02-07,1661000,소방청
제주노형-068,1,제주특별자치도,제주시,50110,제주특별자치도 제주시 원노형로 41,제주특별자치도 제주시 노형동 941-2,33.48504691,126.4850381,숙성도 앞,노형119안전센터,Y,2012,3.0,제주소방서,064-729-0172,2024-02-07,1661000,소방청
제주노형-067,1,제주특별자치도,제주시,50110,제주특별자치도 제주시 노연로 43,제주특별자치도 제주시 노형동 914-10,33.48623879,126.4846867,이삭토스트 앞 인도,노형119안전센터,Y,2003,3.0,제주소방서,064-729-0172,2024-02-07,1661000,소방청
제주노형-066,1,제주특별자치도,제주시,50110,제주특별자치도 제주시 원노형로 22,제주특별자치도 제주시 노형동 909-4,33.48678211,126.4847916,춘하추동 가게 맞은편 인도,노형119안전센터,Y,2012,3.0,제주소방서,064-729-0172,2024-02-07,1661000,소방청
제주노형-065,1,제주특별자치도,제주시,50110,제주특별자치도 제주시 원노형로 8,제주특별자치도 제주시 노형동 909,33.48779911,126.4838622,,노형119안전센터,Y,2012,3.0,제주소방서,064-729-0172,2024-02-07,1661000,소방청
제주노형-064,1,제주특별자치도,제주시,50110,제주특별자치도 제주시 원노형3길 29,제주특별자치도 제주시 노형동 913-12,33.4864980105,126.4828041,위너스 호텔 앞,노형119안전센터,Y,2002,3.0,제주소방서,064-729-0172,2024-02-07,1661000,소방청
제주노형-063,1,제주특별자치도,제주시,50110,제주특별자치도 제주시 도령로 15,제주특별자치도 제주시 노형동 1296-8,33.48704447,126.4808244,관광대 평생교육원 앞,노형119안전센터,Y,2002,3.0,제주소방서,064-729-0172,2024-02-07,1661000,소방청
제주노형-062,1,제주특별자치도,제주시,50110,제주특별자치도 제주시 도령로 27,제주특별자치도 제주시 노형동 1295-16,33.4878254153,126.4818556361,베스트웨스턴 호텔 앞,노형119안전센터,Y,2002,3.0,제주소방서,064-729-0172,2024-02-07,1661000,소방청
제주노형-061,1,제주특별자치도,제주시,50110,제주특별자치도 제주시 도령로 39,제주특별자치도 제주시 노형동 1294-1,33.4885903642,126.4828361647,K2 매장 앞,노형119안전센터,Y,2002,3.0,제주소방서,064-729-0172,2024-02-07,1661000,소방청
제주노형-060,1,제주특별자치도,제주시,50110,제주특별자치도 제주시 남녕로 11,제주특별자치도 제주시 노형동 1292-12,33.4890199989,126.4821300067,남녕마트 앞,노형119안전센터,Y,2002,3.0,제주소방서,064-729-0172,2024-02-07,1661000,소방청
제주노형-059,1,제주특별자치도,제주시,50110,제주특별자치도 제주시 월랑로4길 42,제주특별자치도 제주시 노형동 1273-2,33.48997611,126.4810511,효경 공방 앞,노형119안전센터,Y,2002,3.0,제주소방서,064-729-0172,2024-02-07,1661000,소방청
제주노형-058,1,제주특별자치도,제주시,50110,제주특별자치도 제주시 남녕로 43,제주특별자치도 제주시 노형동 1047-7,33.49118811,126.4800919,예민떡집 앞,노형119안전센터,Y,2002,3.0,제주소방서,064-729-0172,2024-02-07,1661000,소방청
제주노형-057,1,제주특별자치도,제주시,50110,제주특별자치도 제주시 월랑로10길 36,제주특별자치도 제주시 노형동 1048-3,33.49104907,126.4789441,노형막창고을 앞,노형119안전센터,Y,2002,3.0,제주소방서,064-729-0172,2024-02-07,1661000,소방청
제주노형-056,1,제주특별자치도,제주시,50110,제주특별자치도 제주시 월랑북길 34,제주특별자치도 제주시 노형동 1035-19,33.49228535,126.4771842,합기도 태무관 앞,노형119안전센터,Y,1995,3.0,제주소방서,064-729-0172,2024-02-07,1661000,소방청
제주노형-055,1,제주특별자치도,제주시,50110,제주특별자치도 제주시 월광로 168,제주특별자치도 제주시 노형동 1021-1,33.492822202,126.475402666,,노형119안전센터,Y,2021,3.0,제주소방서,064-729-0172,2024-02-07,1661000,소방청
제주노형-054,1,제주특별자치도,제주시,50110,제주특별자치도 제주시 월랑북길 18,제주특별자치도 제주시 노형동 1040-1,33.49111511,126.476087191,노형동 삼환3차A 지하주차장입구,노형119안전센터,Y,2017,3.0,제주소방서,064-729-0172,2024-02-07,1661000,소방청
제주노형-053,1,제주특별자치도,제주시,50110,제주특별자치도 제주시 월랑로10길 22,제주특별자치도 제주시 노형동 1051-1,33.49015883,126.4778194,돈자루 앞,노형119안전센터,Y,2002,3.0,제주소방서,064-729-0172,2024-02-07,1661000,소방청
제주노형-052,1,제주특별자치도,제주시,50110,제주특별자치도 제주시 월랑로6길 21,제주특별자치도 제주시 노형동 1052-27,33.48949328,126.4785051,,노형119안전센터,Y,2015,3.5,제주소방서,064-729-0172,2024-02-07,1661000,소방청
제주노형-051,1,제주특별자치도,제주시,50110,제주특별자치도 제주시 월광로 28,제주특별자치도 제주시 노형동 2973,33.48391511,126.4646929478,노형다담빌리지 2차 입구,노형119안전센터,Y,2021,3.0,제주소방서,064-729-0172,2024-02-07,1661000,소방청
제주노형-050,1,제주특별자치도,제주시,50110,제주특별자치도 제주시 다랑곶길 19,제주특별자치도 제주시 노형동 1277-5,33.4880165725,126.4800306786,노형디지털 현상소 맞은편,노형119안전센터,Y,2002,3.0,제주소방서,064-729-0172,2024-02-07,1661000,소방청
제주노형-049,1,제주특별자치도,제주시,50110,제주특별자치도 제주시 월랑로2길 1,제주특별자치도 제주시 노형동 1290-3,33.4872971756,126.4798118174,노형 제2공영주차장 서측,노형119안전센터,Y,2021,3.0,제주소방서,064-729-0172,2024-02-07,1661000,소방청
제주노형-048,1,제주특별자치도,제주시,50110,제주특별자치도 제주시 월랑로 8,제주특별자치도 제주시 노형동 1280-3,33.487141327,126.4784048181,진 참기름 앞,노형119안전센터,Y,2002,3.0,제주소방서,064-729-0172,2024-02-07,1661000,소방청
제주노형-047,1,제주특별자치도,제주시,50110,제주특별자치도 제주시 월랑로 20,제주특별자치도 제주시 노형동 1065-2,33.48790811,126.4775061,노형우체국 앞,노형119안전센터,Y,2002,3.0,제주소방서,064-729-0172,2024-02-07,1661000,소방청
제주노형-046,1,제주특별자치도,제주시,50110,제주특별자치도 제주시 월랑로 36,제주특별자치도 제주시 노형동 1054-5,33.48887489,126.4763531,늘조은흑돼지 앞,노형119안전센터,Y,2002,3.0,제주소방서,064-729-0172,2024-02-07,1661000,소방청
제주노형-045,1,제주특별자치도,제주시,50110,제주특별자치도 제주시 월랑로 58,제주특별자치도 제주시 노형동 1042-2,33.4903295344,126.4748398701,숲공방 매장 앞,노형119안전센터,Y,2002,3.0,제주소방서,064-729-0172,2024-02-07,1661000,소방청
제주노형-044,1,제주특별자치도,제주시,50110,제주특별자치도 제주시 노형로 351,제주특별자치도 제주시 노형동 2520-16,33.48243258,126.4740541,노형꿈틀도서관 앞 인도,노형119안전센터,Y,1998,3.0,제주소방서,064-729-0172,2024-02-07,1661000,소방청
제주노형-043,1,제주특별자치도,제주시,50110,제주특별자치도 제주시 노형로 379,제주특별자치도 제주시 노형동 2536-7,33.48405311,126.4759998,노형초등학교 남서측 GS편의점 앞,노형119안전센터,Y,2002,3.0,제주소방서,064-729-0172,2024-02-07,1661000,소방청
제주노형-042,1,제주특별자치도,제주시,50110,제주특별자치도 제주시 노형로 407,제주특별자치도 제주시 노형동 1288-5,33.48582141,126.4783011,노형타워 한국투자증권 앞 대도로변 인도,노형119안전센터,Y,2002,3.0,제주소방서,064-729-0172,2024-02-07,1661000,소방청
제주노형-041,1,제주특별자치도,제주시,50110,제주특별자치도 제주시 월랑로 83,제주특별자치도 제주시 노형동 2737,33.4918433108,126.4723367796,탑해장국 서쪽 인도,노형119안전센터,Y,2009,5.0,제주소방서,064-729-0172,2024-02-07,1661000,소방청
제주노형-040,1,제주특별자치도,제주시,50110,제주특별자치도 제주시 달마루길 20-9,제주특별자치도 제주시 노형동 2576-1,33.4903490018,126.4734147689,송이축산 정육식당 앞,노형119안전센터,Y,2002,3.0,제주소방서,064-729-0172,2024-02-07,1661000,소방청
제주노형-039,1,제주특별자치도,제주시,50110,제주특별자치도 제주시 달마루길 20,제주특별자치도 제주시 노형동 2573-2,33.48970184,126.4740111,정든마을 이화원 앞,노형119안전센터,Y,2002,3.0,제주소방서,064-729-0172,2024-02-07,1661000,소방청
제주노형-038,1,제주특별자치도,제주시,50110,제주특별자치도 제주시 수덕로 6,제주특별자치도 제주시 노형동 2580-1,33.488664923,126.4753072209,공영주차장 앞,노형119안전센터,Y,2002,3.0,제주소방서,064-729-0172,2024-02-07,1661000,소방청
제주노형-037,1,제주특별자치도,제주시,50110,제주특별자치도 제주시 수덕5길 13,제주특별자치도 제주시 노형동 1283-6,33.4866464353,126.4769269103,미듬리드빌 경비실 옆,노형119안전센터,N,2002,3.0,제주소방서,064-729-0172,2024-02-07,1661000,소방청
제주노형-036,1,제주특별자치도,제주시,50110,제주특별자치도 제주시 수덕로 25,제주특별자치도 제주시 노형동 1058-1,33.4873833001,126.4744110094,수선화 아파트 북측 횡단보도 앞,노형119안전센터,Y,2003,3.0,제주소방서,064-729-0172,2024-02-07,1661000,소방청
제주노형-035,1,제주특별자치도,제주시,50110,제주특별자치도 제주시 정존11길 54,제주특별자치도 제주시 노형동 2582-4,33.488735901,126.4744441,정든마을 102동 남측 놀이터입구,노형119안전센터,Y,2002,3.0,제주소방서,064-729-0172,2024-02-07,1661000,소방청
제주노형-034,1,제주특별자치도,제주시,50110,제주특별자치도 제주시 수덕로 44,제주특별자치도 제주시 노형동 2583-1,33.4871157588,126.4732126838,뜨란채아파트 206동 동측 인도,노형119안전센터,Y,2002,3.0,제주소방서,064-729-0172,2024-02-07,1661000,소방청
제주노형-033,1,제주특별자치도,제주시,50110,제주특별자치도 제주시 수덕로 29,제주특별자치도 제주시 노형동 2615-1,33.48690364,126.4736844,뜨란채아파트 202동 남측 새마을 금고 앞,노형119안전센터,Y,2002,3.0,제주소방서,064-729-0172,2024-02-07,1661000,소방청
제주노형-032,1,제주특별자치도,제주시,50110,제주특별자치도 제주시 정존11길 36,제주특별자치도 제주시 노형동 1059-5,33.4867359985,126.4746871,케이마트 앞,노형119안전센터,Y,2002,3.0,제주소방서,064-729-0172,2024-02-07,1661000,소방청
제주노형-031,1,제주특별자치도,제주시,50110,제주특별자치도 제주시 정존11길 23,제주특별자치도 제주시 노형동 2612-7,33.48561844,126.4751787,제이마트 앞,노형119안전센터,Y,2002,3.0,제주소방서,064-729-0172,2024-02-07,1661000,소방청
제주노형-030,1,제주특별자치도,제주시,50110,제주특별자치도 제주시 정존7길 17,제주특별자치도 제주시 노형동 2533-7,33.48448927,126.4745985,,노형119안전센터,Y,1996,3.0,제주소방서,064-729-0172,2024-02-07,1661000,소방청
제주노형-029,1,제주특별자치도,제주시,50110,제주특별자치도 제주시 수덕9길 44,제주특별자치도 제주시 노형동 2530-5,33.48555451,126.4733706,대원상록수 5차 남측 입구 앞,노형119안전센터,Y,1996,3.0,제주소방서,064-729-0172,2024-02-07,1661000,소방청
제주노형-028,1,제주특별자치도,제주시,50110,제주특별자치도 제주시 수덕로 37,제주특별자치도 제주시 노형동 2615-6,33.4863949382,126.4731918699,정존빌라 맞은편 도로변 인도,노형119안전센터,Y,2002,3.0,제주소방서,064-729-0172,2024-02-07,1661000,소방청
제주노형-027,1,제주특별자치도,제주시,50110,제주특별자치도 제주시 수덕로 44,제주특별자치도 제주시 노형동 2583-1,33.4871157588,126.4732126838,뜨란채아파트221동 남측 인도,노형119안전센터,Y,2005,3.0,제주소방서,064-729-0172,2024-02-07,1661000,소방청
제주노형-026,1,제주특별자치도,제주시,50110,제주특별자치도 제주시 정존5길 62,제주특별자치도 제주시 노형동 2583-2,33.487100776,126.470226694,백록초등학교 정문 남측 인도,노형119안전센터,Y,2005,3.0,제주소방서,064-729-0172,2024-02-07,1661000,소방청
제주노형-025,1,제주특별자치도,제주시,50110,제주특별자치도 제주시 수덕로 49,제주특별자치도 제주시 노형동 2529-4,33.48566211,126.4721681,제주은행 앞,노형119안전센터,Y,1996,3.0,제주소방서,064-729-0172,2024-02-07,1661000,소방청
제주노형-024,1,제주특별자치도,제주시,50110,제주특별자치도 제주시 정존5길 27,제주특별자치도 제주시 노형동 2525-6,33.4845691708,126.4726937808,지산11차위더스빌 동측 공원앞,노형119안전센터,Y,1996,3.0,제주소방서,064-729-0172,2024-02-07,1661000,소방청
제주노형-023,1,제주특별자치도,제주시,50110,제주특별자치도 제주시 수덕5길 54,제주특별자치도 제주시 노형동 2352-11,33.48432467,126.4733965,수덕아파트1층 sk텔레콤 매장 앞,노형119안전센터,Y,1996,3.0,제주소방서,064-729-0172,2024-02-07,1661000,소방청
제주노형-022,1,제주특별자치도,제주시,50110,제주특별자치도 제주시 정존5길 7,제주특별자치도 제주시 노형동 2524-5,33.4832916947,126.4741341364,무료주차장 입구,노형119안전센터,Y,1996,3.0,제주소방서,064-729-0172,2024-02-07,1661000,소방청
제주노형-021,1,제주특별자치도,제주시,50110,제주특별자치도 제주시 정존3길 23,제주특별자치도 제주시 노형동 2514-7,33.48355443,126.4721213,대보빌라 맞은편,노형119안전센터,Y,1996,3.0,제주소방서,064-729-0172,2024-02-07,1661000,소방청
제주노형-020,1,제주특별자치도,제주시,50110,제주특별자치도 제주시 정존3길 34,제주특별자치도 제주시 노형동 2527-5,33.48439394,126.4717493,세기7차 아파트 북서측 코너,노형119안전센터,Y,1996,3.0,제주소방서,064-729-0172,2024-02-07,1661000,소방청
제주노형-019,1,제주특별자치도,제주시,50110,제주특별자치도 제주시 수덕로 78,제주특별자치도 제주시 노형동 2585-2,33.485210706,126.4698532214,노형 e편한세상 107동 남측 도로변 인도,노형119안전센터,Y,2005,3.0,제주소방서,064-729-0172,2024-02-07,1661000,소방청
제주노형-018,1,제주특별자치도,제주시,50110,제주특별자치도 제주시 수덕로 75,제주특별자치도 제주시 노형동 2511-5,33.48405211,126.4701954,성림미래안아파트 1층 GS편의점 앞,노형119안전센터,Y,2002,3.0,제주소방서,064-729-0172,2024-02-07,1661000,소방청
제주노형-017,1,제주특별자치도,제주시,50110,제주특별자치도 제주시 정존1길 30,제주특별자치도 제주시 노형동 2513-1,33.4832411636,126.4710733929,베스트마트 주차장 입구,노형119안전센터,Y,1997,3.0,제주소방서,064-729-0172,2024-02-07,1661000,소방청
제주노형-016,1,제주특별자치도,제주시,50110,제주특별자치도 제주시 정존1길 10,제주특별자치도 제주시 노형동 2517-5,33.4820283856,126.4723738104,한라빌라 앞,노형119안전센터,Y,1996,3.0,제주소방서,064-729-0172,2024-02-07,1661000,소방청
제주노형-015,1,제주특별자치도,제주시,50110,제주특별자치도 제주시 노형동 2600-1,제주특별자치도 제주시 노형동 2600-1,33.4815819021,126.4723921,노형지구대 동측 공원,노형119안전센터,Y,2005,3.0,제주소방서,064-729-0172,2024-02-07,1661000,소방청
제주노형-014,1,제주특별자치도,제주시,50110,제주특별자치도 제주시 광평동로 2,제주특별자치도 제주시 노형동 2596-2,33.48109911,126.4722418,노형119센터 내,노형119안전센터,Y,2021,3.0,제주소방서,064-729-0172,2024-02-07,1661000,소방청
제주노형-013,1,제주특별자치도,제주시,50110,제주특별자치도 제주시 수덕5길 85-5,제주특별자치도 제주시 노형동 2594-5,33.4817790772,126.4714808006,GS25 노형광평점 맞은편 인도,노형119안전센터,Y,2005,3.0,제주소방서,064-729-0172,2024-02-07,1661000,소방청
제주노형-012,1,제주특별자치도,제주시,50110,제주특별자치도 제주시 광평동로 24,제주특별자치도 제주시 노형동 2590-4,33.48235509,126.4705049,추자도수산물직매장 앞,노형119안전센터,Y,2005,3.0,제주소방서,064-729-0172,2024-02-07,1661000,소방청
제주노형-011,1,제주특별자치도,제주시,50110,제주특별자치도 제주시 광평동로 36,제주특별자치도 제주시 노형동 2587-2,33.48312311,126.4696051,한끼국수 매장 앞,노형119안전센터,Y,2005,3.0,제주소방서,064-729-0172,2024-02-07,1661000,소방청
제주노형-010,1,제주특별자치도,제주시,50110,제주특별자치도 제주시 수덕로 78,제주특별자치도 제주시 노형동 2598-5,33.485210706,126.4698532214,노형 e편한세상 101동 서측 도로변 인도,노형119안전센터,Y,2005,3.0,제주소방서,064-729-0172,2024-02-07,1661000,소방청
제주노형-009,1,제주특별자치도,제주시,50110,제주특별자치도 제주시 광평동로 66,제주특별자치도 제주시 노형동 2598-5,33.4850651828,126.4675594036,중흥미리내 101동 서측 도로변 인도,노형119안전센터,Y,2005,3.0,제주소방서,064-729-0172,2024-02-07,1661000,소방청
제주노형-008,1,제주특별자치도,제주시,50110,제주특별자치도 제주시 광평동로 66,제주특별자치도 제주시 노형동 2598-5,33.4850651828,126.4675594036,중흥미리내 107동 서측 도로변 인도,노형119안전센터,Y,2005,3.0,제주소방서,064-729-0172,2024-02-07,1661000,소방청
제주노형-007,1,제주특별자치도,제주시,50110,제주특별자치도 제주시 오광로132,제주특별자치도 제주시 노형동 3742-3,33.48440718,126.4612381,명산콘테이너 앞,노형119안전센터,Y,2012,2.5,제주소방서,064-729-0172,2024-02-07,1661000,소방청
제주노형-006,1,제주특별자치도,제주시,50110,제주특별자치도 제주시 광평중길 84,제주특별자치도 제주시 노형동 3153-2,33.4787387205,126.4678128543,서울사우나 남서측 전신주 옆,노형119안전센터,Y,1996,3.0,제주소방서,064-729-0172,2024-02-07,1661000,소방청
제주노형-005,1,제주특별자치도,제주시,50110,제주특별자치도 제주시 노형로 202,제주특별자치도 제주시 노형동 3526-5,33.4726274312,126.4631032122,월산밥상 북동측,노형119안전센터,Y,2004,3.5,제주소방서,064-729-0172,2024-02-07,1661000,소방청
제주노형-004,1,제주특별자치도,제주시,50110,제주특별자치도 제주시 해안마을서4길39,제주특별자치도 제주시 해안동2442-1,33.4582633743,126.450662073,준그린펜션 앞 인도,노형119안전센터,Y,2017,3.0,제주소방서,064-729-0172,2024-02-07,1661000,소방청
제주노형-003,1,제주특별자치도,제주시,50110,제주특별자치도 제주시 노형로 44,제주특별자치도 제주시 해안동 2352,33.462728819,126.4521359946,무수천주유소 남측 해안동 표지석 앞,노형119안전센터,Y,2007,3.8,제주소방서,064-729-0172,2024-02-07,1661000,소방청
제주노형-002,1,제주특별자치도,제주시,50110,제주특별자치도 제주시 해안마을길 76,제주특별자치도 제주시 해안동 1948,33.4570333543,126.4545476358,해안초등학교 정문 옆,노형119안전센터,Y,2016,6.0,제주소방서,064-729-0172,2024-02-07,1661000,소방청
제주노형-001,1,제주특별자치도,제주시,50110,제주특별자치도 제주시 해안마을길 100,제주특별자치도 제주시 해안동 1829-9,33.45464411,126.4547949859,버스종점 공덕비 앞,노형119안전센터,Y,2004,3.0,제주소방서,064-729-0172,2024-02-07,1661000,소방청
제주항만-145,3,제주특별자치도,제주시,50110,제주특별자치도 제주시 동문로 10,제주특별자치도 제주시 일도일동 1145-16,33.5127625755,126.5277535,동문시장 입구(1번게이트 앞),항만119안전센터,N,1995,,제주소방서,064-729-0172,2024-02-07,1661000,소방청
제주항만-144,1,제주특별자치도,제주시,50110,제주특별자치도 제주시 신산로 50,제주특별자치도 제주시 일도이동 1032-18,33.50912559,126.5329219221,CU제주신산점 앞 인도변,항만119안전센터,Y,2020,3.1,제주소방서,064-729-0172,2024-02-07,1661000,소방청
제주항만-143,1,제주특별자치도,제주시,50110,제주특별자치도 제주시 연삼로 640,제주특별자치도 제주시 건입동 12-3,33.50684285,126.5560282685,E1충전소 입구 화단,항만119안전센터,Y,2017,4.1,제주소방서,064-729-0172,2024-02-07,1661000,소방청
제주항만-142,1,제주특별자치도,제주시,50110,제주특별자치도 제주시 일주동로 17,제주특별자치도 제주시 건입동 261,33.5137967055,126.547909557,국립제주박물관 입구 인도변,항만119안전센터,Y,2017,4.1,제주소방서,064-729-0172,2024-02-07,1661000,소방청
제주항만-141,1,제주특별자치도,제주시,50110,제주특별자치도 제주시 남광로 187,제주특별자치도 제주시 일도이동 113-8,33.50148712,126.5528881081,대유대림아파트 314동 입구,항만119안전센터,Y,2017,2.1,제주소방서,064-729-0172,2024-02-07,1661000,소방청
제주항만-140,1,제주특별자치도,제주시,50110,제주특별자치도 제주시 동문로 169,제주특별자치도 제주시 건입동 566,33.5137004451,126.5444281,사라봉축구장 정류소 서측,항만119안전센터,Y,2015,2.1,제주소방서,064-729-0172,2024-02-07,1661000,소방청
제주항만-139,1,제주특별자치도,제주시,50110,제주특별자치도 제주시 동문로2길 9,제주특별자치도 제주시 일도일동 1482-1,33.51221111,126.5268197,진미농수산 앞,항만119안전센터,Y,2015,4.1,제주소방서,064-729-0172,2024-02-07,1661000,소방청
제주항만-138,1,제주특별자치도,제주시,50110,제주특별자치도 제주시 동문로2길 15,제주특별자치도 제주시 일도일동 1483,33.5118325954,126.5266223148,유신유통 앞 인도상,항만119안전센터,Y,2015,2.2,제주소방서,064-729-0172,2024-02-07,1661000,소방청
제주항만-137,1,제주특별자치도,제주시,50110,제주특별자치도 제주시 중앙로13길 21,제주특별자치도 제주시 일도일동 1484-7,33.5115723025,126.5267393262,봉다방 앞 인도,항만119안전센터,Y,2015,2.1,제주소방서,064-729-0172,2024-02-07,1661000,소방청
제주항만-136,1,제주특별자치도,제주시,50110,제주특별자치도 제주시 신선길 6-16,제주특별자치도 제주시 일도이동 1029-80,33.50905416,126.5308179,,항만119안전센터,Y,2015,4.2,제주소방서,064-729-0172,2024-02-07,1661000,소방청
제주항만-135,1,제주특별자치도,제주시,50110,제주특별자치도 제주시 사라봉7길 14,제주특별자치도 제주시 건입동 672-2,33.51692034,126.5396187584,여궁미용실 맞은편 놀이터 앞,항만119안전센터,Y,2014,4.2,제주소방서,064-729-0172,2024-02-07,1661000,소방청
제주항만-134,1,제주특별자치도,제주시,50110,제주특별자치도 제주시 칠성로길 47-1,제주특별자치도 제주시 일도일동 1213,33.51409563,126.5276048939,산지천다리입구 화단 내,항만119안전센터,Y,2015,3.0,제주소방서,064-729-0172,2024-02-07,1661000,소방청
제주항만-133,1,제주특별자치도,제주시,50110,제주특별자치도 제주시 관덕로13길 13,제주특별자치도 제주시 일도일동 1342-4,33.5142114384,126.5259377321,해바라기분식 맞은편,항만119안전센터,Y,2015,3.5,제주소방서,064-729-0172,2024-02-07,1661000,소방청
제주항만-132,1,제주특별자치도,제주시,50110,제주특별자치도 제주시 관덕로15길 11-1,제주특별자치도 제주시 일도일동 1335-2,33.51425176,126.5265699695,지중해분식 앞,항만119안전센터,Y,2015,3.0,제주소방서,064-729-0172,2024-02-07,1661000,소방청
제주항만-131,1,제주특별자치도,제주시,50110,제주특별자치도 제주시 칠성로길 24,제주특별자치도 제주시 일도일동 1363-4,33.51426841,126.5253668774,크록스제주점 앞,항만119안전센터,Y,2015,2.0,제주소방서,064-729-0172,2024-02-07,1661000,소방청
제주항만-130,1,제주특별자치도,제주시,50110,제주특별자치도 제주시 칠성로길 1,제주특별자치도 제주시 일도일동 1412-1,33.5135027022,126.5234010572,감귤농협 중앙로지점 앞,항만119안전센터,Y,2015,3.5,제주소방서,064-729-0172,2024-02-07,1661000,소방청
제주항만-129,1,제주특별자치도,제주시,50110,제주특별자치도 제주시 천수동로 2,제주특별자치도 제주시 일도이동 371,33.5088569429,126.5437958,삼화아파트 입구 인도상,항만119안전센터,Y,2014,3.4,제주소방서,064-729-0172,2024-02-07,1661000,소방청
제주항만-128,1,제주특별자치도,제주시,50110,제주특별자치도 제주시 천수동로 62,제주특별자치도 제주시 일도이동 233-1,33.5057111947,126.5476531653,SK물류센터 북측 50m 인도상,항만119안전센터,Y,2013,4.2,제주소방서,064-729-0172,2024-02-07,1661000,소방청
제주항만-127,1,제주특별자치도,제주시,50110,제주특별자치도 제주시 서부두2길 18,제주특별자치도 제주시 건입동 1443-2,33.5173806716,126.5275093772,화이트비치호텔 동측 인도,항만119안전센터,Y,2012,4.5,제주소방서,064-729-0172,2024-02-07,1661000,소방청
제주항만-126,1,제주특별자치도,제주시,50110,제주특별자치도 제주시 연삼로 622,제주특별자치도 제주시 건입동 18-1,33.50600315,126.5547447085,연삼로 한국전련공사 제주지역본부 자재센터 앞,항만119안전센터,Y,2012,3.5,제주소방서,064-729-0172,2024-02-07,1661000,소방청
제주항만-125,1,제주특별자치도,제주시,50110,제주특별자치도 제주시 임항로 37-7,제주특별자치도 제주시 건입동 1439-1,33.5173886397,126.5307440292,수협 공판장 뒤,항만119안전센터,Y,2011,2.0,제주소방서,064-729-0172,2024-02-07,1661000,소방청
제주항만-124,1,제주특별자치도,제주시,50110,제주특별자치도 제주시 임항로 191,제주특별자치도 제주시 건입동 908-1,33.5219764039,126.5434403196,항운노조제주시지부회관 앞 화단,항만119안전센터,Y,2011,1.8,제주소방서,064-729-0172,2024-02-07,1661000,소방청
제주항만-123,1,제주특별자치도,제주시,50110,제주특별자치도 제주시 삼성로5길 36,제주특별자치도 제주시 일도이동 1093-3,33.5091317379,126.5280028002,남수각 오거리상,항만119안전센터,Y,2010,3.9,제주소방서,064-729-0172,2024-02-07,1661000,소방청
제주항만-122,1,제주특별자치도,제주시,50110,제주특별자치도 제주시 만덕로1길 1,제주특별자치도 제주시 건입동 1277-9,33.51594976,126.5321030375,금산수원지 남측 사거리 내리막길,항만119안전센터,Y,2006,1.8,제주소방서,064-729-0172,2024-02-07,1661000,소방청
제주항만-121,1,제주특별자치도,제주시,50110,제주특별자치도 제주시 만덕로3길 26,제주특별자치도 제주시 건입동 1427-32,33.5167340781,126.5352140193,현대아파트 101동 서측 차도변,항만119안전센터,Y,2005,1.8,제주소방서,064-729-0172,2024-02-07,1661000,소방청
제주항만-120,1,제주특별자치도,제주시,50110,제주특별자치도 제주시 임항로 146,제주특별자치도 제주시 건입동 902-2,33.5200945592,126.5390703337,항만119센터앞,항만119안전센터,Y,2009,1.1,제주소방서,064-729-0172,2024-02-07,1661000,소방청
제주항만-119,1,제주특별자치도,제주시,50110,제주특별자치도 제주시 사라봉동길 15,제주특별자치도 제주시 건입동 533-3,33.5140901343,126.5471089662,제주시 평생학습센터 앞 화단,항만119안전센터,Y,2008,3.9,제주소방서,064-729-0172,2024-02-07,1661000,소방청
제주항만-118,1,제주특별자치도,제주시,50110,제주특별자치도 제주시 임항로 277,제주특별자치도 제주시 건입동 673-11,33.5160667502,126.5387677138,출입국관리사무소 앞 인도변,항만119안전센터,Y,2007,4.4,제주소방서,064-729-0172,2024-02-07,1661000,소방청
제주항만-117,1,제주특별자치도,제주시,50110,제주특별자치도 제주시 동광로13길 1,제주특별자치도 제주시 일도이동 362-16,33.5049352425,126.5368316865,부기은치과 동측 30m인도변,항만119안전센터,Y,2006,1.9,제주소방서,064-729-0172,2024-02-07,1661000,소방청
제주항만-116,1,제주특별자치도,제주시,50110,제주특별자치도 제주시 동문로14길 16-1,제주특별자치도 제주시 일도이동 995-6,33.5121074913,126.5331561158,두멩이 복지회관 앞,항만119안전센터,Y,2006,1.8,제주소방서,064-729-0172,2024-02-07,1661000,소방청
제주항만-115,1,제주특별자치도,제주시,50110,제주특별자치도 제주시 신산로7길 53,제주특별자치도 제주시 일도이동 981-11,33.5125968447,126.536968,,항만119안전센터,Y,2005,2.2,제주소방서,064-729-0172,2024-02-07,1661000,소방청
제주항만-114,1,제주특별자치도,제주시,50110,제주특별자치도 제주시 산지로 21-4,제주특별자치도 제주시 건입동 1130-1,33.5147944329,126.5296736,건입동사무소 동측 차도변,항만119안전센터,Y,2003,1.7,제주소방서,064-729-0172,2024-02-07,1661000,소방청
제주항만-113,1,제주특별자치도,제주시,50110,제주특별자치도 제주시 삼성로9길 10,제주특별자치도 제주시 일도이동 1035-6,33.5082560893,126.5310116991,영진스카이빌 동측 30m도로변,항만119안전센터,Y,2003,1.7,제주소방서,064-729-0172,2024-02-07,1661000,소방청
제주항만-112,1,제주특별자치도,제주시,50110,제주특별자치도 제주시 성지로 57,제주특별자치도 제주시 일도일동 1108-18,33.51110138,126.5291951,정한아파트 동측 로고스상사 앞 인도변,항만119안전센터,Y,2003,1.7,제주소방서,064-729-0172,2024-02-07,1661000,소방청
제주항만-111,1,제주특별자치도,제주시,50110,제주특별자치도 제주시 성지로 42,제주특별자치도 제주시 일도일동 1097-6,33.5105628895,126.5278046358,오현빌라트 맞은편 인도변,항만119안전센터,Y,2002,1.9,제주소방서,064-729-0172,2024-02-07,1661000,소방청
제주항만-110,1,제주특별자치도,제주시,50110,제주특별자치도 제주시 남광로 187,제주특별자치도 제주시 일도이동 113-8,33.50148712,126.5528881081,대유대림아파트 대유상가 북동측 코너 인도변,항만119안전센터,Y,1995,1.8,제주소방서,064-729-0172,2024-02-07,1661000,소방청
제주항만-109,1,제주특별자치도,제주시,50110,제주특별자치도 제주시 남광로 181,제주특별자치도 제주시 일도이동 40,33.5031393915,126.5516189626,일도대림아파트 301동 남광로 인도변,항만119안전센터,Y,1995,1.8,제주소방서,064-729-0172,2024-02-07,1661000,소방청
제주항만-108,1,제주특별자치도,제주시,50110,제주특별자치도 제주시 태성로 39,제주특별자치도 제주시 일도이동 15-12,33.500253623,126.5500165953,일도대림2차아파트 203동 남측 앞 인도변,항만119안전센터,Y,1995,1.8,제주소방서,064-729-0172,2024-02-07,1661000,소방청
제주항만-107,1,제주특별자치도,제주시,50110,제주특별자치도 제주시 남광로 135,제주특별자치도 제주시 일도이동 111-7,33.4989571903,126.5484219005,우리동네PC방 앞 인도상,항만119안전센터,Y,1995,1.8,제주소방서,064-729-0172,2024-02-07,1661000,소방청
제주항만-106,1,제주특별자치도,제주시,50110,제주특별자치도 제주시 남광로 123,제주특별자치도 제주시 일도이동 110-9,33.49832748,126.5473566049,CU제주신설동점 맞은편 인도상,항만119안전센터,Y,1995,1.8,제주소방서,064-729-0172,2024-02-07,1661000,소방청
제주항만-105,1,제주특별자치도,제주시,50110,제주특별자치도 제주시 연삼로 511,제주특별자치도 제주시 일도이동 68-6,33.5011461692,126.5438925,제주은행 연삼로지점 앞 인도변,항만119안전센터,Y,1995,1.8,제주소방서,064-729-0172,2024-02-07,1661000,소방청
제주항만-104,1,제주특별자치도,제주시,50110,제주특별자치도 제주시 연삼로 535,제주특별자치도 제주시 일도이동 70,33.5021892906,126.5459490617,용은이네 솥뚜껑오겹살 앞 인도상,항만119안전센터,Y,1995,1.8,제주소방서,064-729-0172,2024-02-07,1661000,소방청
제주항만-103,1,제주특별자치도,제주시,50110,제주특별자치도 제주시 연삼로 524,제주특별자치도 제주시 일도이동 72,33.5012836551,126.5452892566,캐리어에어컨 태광유통 앞 인도변,항만119안전센터,Y,1995,1.8,제주소방서,064-729-0172,2024-02-07,1661000,소방청
제주항만-102,1,제주특별자치도,제주시,50110,제주특별자치도 제주시 연삼로 550,제주특별자치도 제주시 일도이동 113,33.5024631361,126.5477819846,세븐일레븐 제주동광점 북측 30m),항만119안전센터,Y,1995,1.8,제주소방서,064-729-0172,2024-02-07,1661000,소방청
제주항만-101,1,제주특별자치도,제주시,50110,제주특별자치도 제주시 연삼로 562,제주특별자치도 제주시 일도이동 113-1,33.5031084742,126.5486908076,수선화아파트 피아노학원 앞,항만119안전센터,Y,1995,1.8,제주소방서,064-729-0172,2024-02-07,1661000,소방청
제주항만-100,1,제주특별자치도,제주시,50110,제주특별자치도 제주시 남광로 223,제주특별자치도 제주시 일도이동 113-6,33.5040956321,126.5506266158,우성아파트사거리 인도변(건널목 앞),항만119안전센터,Y,1995,1.9,제주소방서,064-729-0172,2024-02-07,1661000,소방청
제주항만-099,1,제주특별자치도,제주시,50110,제주특별자치도 제주시 연수로 40,제주특별자치도 제주시 일도이동 46-1,33.5058545909,126.545101,서울빌라 맞은편 인도상,항만119안전센터,Y,1995,1.7,제주소방서,064-729-0172,2024-02-07,1661000,소방청
제주항만-098,1,제주특별자치도,제주시,50110,제주특별자치도 제주시 천수로 72,제주특별자치도 제주시 일도이동 419-4,33.5044775087,126.5447876166,동남1차아파트 맞은편 인도상,항만119안전센터,Y,1995,1.7,제주소방서,064-729-0172,2024-02-07,1661000,소방청
제주항만-097,1,제주특별자치도,제주시,50110,제주특별자치도 제주시 천수로8길 18,제주특별자치도 제주시 일도이동 47,33.50429811,126.5427921,그랑팰리스아파트 정면 맞은편 인도상,항만119안전센터,Y,1995,1.7,제주소방서,064-729-0172,2024-02-07,1661000,소방청
제주항만-096,1,제주특별자치도,제주시,50110,제주특별자치도 제주시 연신로 17,제주특별자치도 제주시 일도이동 85-3,33.4993593886,126.5450692381,GS25 제주동광점 남측 30m 인도변,항만119안전센터,Y,1995,1.9,제주소방서,064-729-0172,2024-02-07,1661000,소방청
제주항만-095,1,제주특별자치도,제주시,50110,제주특별자치도 제주시 연신로 39,제주특별자치도 제주시 일도이동 109-20,33.49776441,126.5462483363,한마음병원 사거리 북측 30m 인도변,항만119안전센터,Y,1995,1.9,제주소방서,064-729-0172,2024-02-07,1661000,소방청
제주항만-094,1,제주특별자치도,제주시,50110,제주특별자치도 제주시 고마로 143,제주특별자치도 제주시 일도이동 68-8,33.50194941,126.5432728336,일도주유소 남측 30m,항만119안전센터,Y,1995,1.9,제주소방서,064-729-0172,2024-02-07,1661000,소방청
제주항만-093,1,제주특별자치도,제주시,50110,제주특별자치도 제주시 천수로 72,제주특별자치도 제주시 일도이동 56,33.50447814,126.5447876166,신천지아파트110동 동측 인도변,항만119안전센터,Y,2021,93.0,제주소방서,064-729-0172,2024-02-07,1661000,소방청
제주항만-092,1,제주특별자치도,제주시,50110,제주특별자치도 제주시 태성로 22,제주특별자치도 제주시 일도이동 89-10,33.501073595,126.5484725753,파리바게뜨 제주대유대림점 앞 인도변,항만119안전센터,Y,1995,1.7,제주소방서,064-729-0172,2024-02-07,1661000,소방청
제주항만-091,1,제주특별자치도,제주시,50110,제주특별자치도 제주시 태성로4길 20,제주특별자치도 제주시 일도이동 105,33.4996390732,126.5470075,일도지구 동광공원 앞 차도변,항만119안전센터,Y,1995,1.8,제주소방서,064-729-0172,2024-02-07,1661000,소방청
제주항만-090,1,제주특별자치도,제주시,50110,제주특별자치도 제주시 태성로2길 10,제주특별자치도 제주시 일도이동 84-1,33.4998997985,126.5461742006,일도지구 동광교회 앞 인도변,항만119안전센터,Y,2020,1.7,제주소방서,064-729-0172,2024-02-07,1661000,소방청
제주항만-089,1,제주특별자치도,제주시,50110,제주특별자치도 제주시 연수로3길 15,제주특별자치도 제주시 일도이동 53-13,33.5030542634,126.544324019,일도주유소 동측 세은식당 옆 인도변,항만119안전센터,Y,2020,1.7,제주소방서,064-729-0172,2024-02-07,1661000,소방청
제주항만-088,1,제주특별자치도,제주시,50110,제주특별자치도 제주시 연수로 19,제주특별자치도 제주시 일도이동 57-7,33.50385075,126.5462221,동문성결교회 북측 인도상,항만119안전센터,Y,1990,1.7,제주소방서,064-729-0172,2024-02-07,1661000,소방청
제주항만-087,1,제주특별자치도,제주시,50110,제주특별자치도 제주시 천수동로 36,제주특별자치도 제주시 일도이동 401-12,33.50733857,126.5454858148,한진수학학원 앞 인도상,항만119안전센터,Y,1990,1.9,제주소방서,064-729-0172,2024-02-07,1661000,소방청
제주항만-086,1,제주특별자치도,제주시,50110,제주특별자치도 제주시 고마로17길 19,제주특별자치도 제주시 일도이동 394-21,33.5065749919,126.5427739,서진마트 옆 차도변,항만119안전센터,Y,2015,2.7,제주소방서,064-729-0172,2024-02-07,1661000,소방청
제주항만-085,1,제주특별자치도,제주시,50110,제주특별자치도 제주시 고마로 113,제주특별자치도 제주시 일도이동 416-9,33.5044853151,126.5418178897,뜨레주루 앞 인도상,항만119안전센터,Y,1990,1.9,제주소방서,064-729-0172,2024-02-07,1661000,소방청
제주항만-084,1,제주특별자치도,제주시,50110,제주특별자치도 제주시 고마로 99,제주특별자치도 제주시 일도이동 377-23,33.50564108,126.5413720165,경희한의원 앞 인도상,항만119안전센터,Y,1990,1.9,제주소방서,064-729-0172,2024-02-07,1661000,소방청
제주항만-083,1,제주특별자치도,제주시,50110,제주특별자치도 제주시 천수로13길 27,제주특별자치도 제주시 일도이동 394,33.5075687749,126.5428174,동남2차아파트 동측 50m 지점,항만119안전센터,Y,1990,1.5,제주소방서,064-729-0172,2024-02-07,1661000,소방청
제주항만-082,1,제주특별자치도,제주시,50110,제주특별자치도 제주시 동광로 124,제주특별자치도 제주시 일도이동 367,33.50694106,126.5402938854,인제사거리 삼성정형외과 지하주차장 앞 인도변,항만119안전센터,Y,2003,1.5,제주소방서,064-729-0172,2024-02-07,1661000,소방청
제주항만-081,1,제주특별자치도,제주시,50110,제주특별자치도 제주시 동광로16길 35,제주특별자치도 제주시 일도이동 414-9,33.5035060013,126.5408669583,동여중 북동측100m 가령골 슈퍼 앞,항만119안전센터,Y,2001,1.5,제주소방서,064-729-0172,2024-02-07,1661000,소방청
제주항만-080,1,제주특별자치도,제주시,50110,제주특별자치도 제주시 고마로16길 10,제주특별자치도 제주시 일도이동 379-10,33.5055183569,126.5400652033,청풍아트빌 서측 사거리 도로변,항만119안전센터,Y,2001,2.0,제주소방서,064-729-0172,2024-02-07,1661000,소방청
제주항만-079,1,제주특별자치도,제주시,50110,제주특별자치도 제주시 동광로 106,제주특별자치도 제주시 일도이동 365-3,33.5058059408,126.5388460431,제주은행 동광로지접 서측 인도변,항만119안전센터,Y,2000,1.8,제주소방서,064-729-0172,2024-02-07,1661000,소방청
제주항만-078,1,제주특별자치도,제주시,50110,제주특별자치도 제주시 신산로13길 19,제주특별자치도 제주시 일도이동 335-17,33.5071683378,126.5365402,인화동 놀이터 클린하우스 동쪽,항만119안전센터,Y,2021,1.8,제주소방서,064-729-0172,2024-02-07,1661000,소방청
제주항만-077,1,제주특별자치도,제주시,50110,제주특별자치도 제주시 동광로15길 41,제주특별자치도 제주시 일도이동 169,33.5081802971,126.5350625834,대영슈퍼 앞 사거리 차도변,항만119안전센터,Y,2000,1.8,제주소방서,064-729-0172,2024-02-07,1661000,소방청
제주항만-076,1,제주특별자치도,제주시,50110,제주특별자치도 제주시 신산로15길 35,제주특별자치도 제주시 일도이동 360-15,33.5069912171,126.5377690074,인화초등학교 정문 서측 인도변,항만119안전센터,Y,2000,2.1,제주소방서,064-729-0172,2024-02-07,1661000,소방청
제주항만-075,1,제주특별자치도,제주시,50110,제주특별자치도 제주시 신산로11길 33,제주특별자치도 제주시 일도이동 316-16,33.5088486332,126.5370330868,브이스터디학원 앞,항만119안전센터,Y,2013,2.3,제주소방서,064-729-0172,2024-02-07,1661000,소방청
제주항만-074,1,제주특별자치도,제주시,50110,제주특별자치도 제주시 고마로 60,제주특별자치도 제주시 일도이동 354,33.50887189,126.5394914202,일도이동 행복마트 앞 인도변,항만119안전센터,Y,2016,1.8,제주소방서,064-729-0172,2024-02-07,1661000,소방청
제주항만-073,1,제주특별자치도,제주시,50110,제주특별자치도 제주시 고마로 28,제주특별자치도 제주시 일도이동 161,33.5115045038,126.5381341984,일도2동사무소 앞 인도변,항만119안전센터,Y,2000,1.8,제주소방서,064-729-0172,2024-02-07,1661000,소방청
제주항만-072,1,제주특별자치도,제주시,50110,제주특별자치도 제주시 동광로 138,제주특별자치도 제주시 일도이동 369,33.5079509499,126.5414026,CU 제주인화점 앞 화단,항만119안전센터,Y,2000,1.4,제주소방서,064-729-0172,2024-02-07,1661000,소방청
제주항만-071,2,제주특별자치도,제주시,50110,제주특별자치도 제주시 고마로13길 17,제주특별자치도 제주시 일도이동 327-14,33.50920834,126.5412918,일도성지아파트 사거리 도로상,항만119안전센터,Y,2000,1.4,제주소방서,064-729-0172,2024-02-07,1661000,소방청
제주항만-070,1,제주특별자치도,제주시,50110,제주특별자치도 제주시 동광로 157,제주특별자치도 제주시 일도이동 356-4,33.5094476682,126.5424739851,LG전자베스트샵 일도점 동측 10m 화단,항만119안전센터,Y,2000,1.0,제주소방서,064-729-0172,2024-02-07,1661000,소방청
제주항만-069,2,제주특별자치도,제주시,50110,제주특별자치도 제주시 고마로13길 40,제주특별자치도 제주시 일도이동 323,33.51067042,126.5427676406,영락교회 후문 앞 사거리 도로상,항만119안전센터,Y,2000,1.8,제주소방서,064-729-0172,2024-02-07,1661000,소방청
제주항만-068,2,제주특별자치도,제주시,50110,제주특별자치도 제주시 동광로21길 31,제주특별자치도 제주시 일도이동 151-16,33.511956974,126.5414884,일도2동 미화맨션 앞 도로상,항만119안전센터,Y,2000,1.6,제주소방서,064-729-0172,2024-02-07,1661000,소방청
제주항만-067,2,제주특별자치도,제주시,50110,제주특별자치도 제주시 고마로5길 6,제주특별자치도 제주시 일도이동 160-12,33.5119566521,126.5391848,서반아파트 동측 50m지점 우정빌라앞 도로변,항만119안전센터,Y,2000,1.6,제주소방서,064-729-0172,2024-02-07,1661000,소방청
제주항만-066,1,제주특별자치도,제주시,50110,제주특별자치도 제주시 동광로19길 55,제주특별자치도 제주시 일도이동 133-9,33.5131708151,126.5403861433,전원2차아트빌 앞 도로상,항만119안전센터,Y,2000,1.6,제주소방서,064-729-0172,2024-02-07,1661000,소방청
제주항만-065,1,제주특별자치도,제주시,50110,제주특별자치도 제주시 동문로 144,제주특별자치도 제주시 일도이동 138-16,33.513186175,126.5417822575,진산해장국앞 인도상,항만119안전센터,Y,2000,1.6,제주소방서,064-729-0172,2024-02-07,1661000,소방청
제주항만-064,1,제주특별자치도,제주시,50110,제주특별자치도 제주시 동문로 108,제주특별자치도 제주시 일도이동 550-57,33.51397333,126.5381790981,사라봉오거리 이성세탁소 앞,항만119안전센터,Y,2020,1.6,제주소방서,064-729-0172,2024-02-07,1661000,소방청
제주항만-063,1,제주특별자치도,제주시,50110,제주특별자치도 제주시 고마로 16,제주특별자치도 제주시 일도이동 602-1,33.5124937925,126.5379334849,일도2동사무소 북측 코아루 오피스텔 앞 도로변,항만119안전센터,Y,2000,1.6,제주소방서,064-729-0172,2024-02-07,1661000,소방청
제주항만-062,1,제주특별자치도,제주시,50110,제주특별자치도 제주시 삼성로18길 23-1,제주특별자치도 제주시 일도이동 317,33.509696646,126.5368818751,신산미화아파트 동측 공원내,항만119안전센터,Y,2004,2.3,제주소방서,064-729-0172,2024-02-07,1661000,소방청
제주항만-061,1,제주특별자치도,제주시,50110,제주특별자치도 제주시 삼성로 105,제주특별자치도 제주시 일도이동 1012-6,33.509952087,126.5356348343,일도2동 효성전기 앞 인도변,항만119안전센터,Y,2000,1.7,제주소방서,064-729-0172,2024-02-07,1661000,소방청
제주항만-060,1,제주특별자치도,제주시,50110,제주특별자치도 제주시 삼성로 121,제주특별자치도 제주시 일도이동 986-30,33.5112688786,126.5369964,호남종합건재 앞 인도상,항만119안전센터,Y,2000,1.7,제주소방서,064-729-0172,2024-02-07,1661000,소방청
제주항만-059,1,제주특별자치도,제주시,50110,제주특별자치도 제주시 신산로 87,제주특별자치도 제주시 일도이동 338-22,33.50614487,126.5353187553,베스트드론 앞 인도상,항만119안전센터,Y,2000,1.7,제주소방서,064-729-0172,2024-02-07,1661000,소방청
제주항만-058,1,제주특별자치도,제주시,50110,제주특별자치도 제주시 삼성로 73,제주특별자치도 제주시 일도이동 1034-7,33.5083040681,126.5328290176,호남석재사 서측 50m지점 한양신산타워빌 앞,항만119안전센터,Y,1996,1.7,제주소방서,064-729-0172,2024-02-07,1661000,소방청
제주항만-057,1,제주특별자치도,제주시,50110,제주특별자치도 제주시 신산로 53,제주특별자치도 제주시 일도이동 1019-16,33.50885434,126.533510301,신산목욕탕 남측 30m,항만119안전센터,Y,2000,1.8,제주소방서,064-729-0172,2024-02-07,1661000,소방청
제주항만-056,1,제주특별자치도,제주시,50110,제주특별자치도 제주시 신산로 23,제주특별자치도 제주시 일도이동 1024-10,33.5111394336,126.5320438,화인퍼스트빌10차 앞 인도상,항만119안전센터,Y,2000,1.8,제주소방서,064-729-0172,2024-02-07,1661000,소방청
제주항만-055,1,제주특별자치도,제주시,50110,제주특별자치도 제주시 삼성로 39,제주특별자치도 제주시 일도이동 1046-11,33.5066831106,126.5298412,민속자연사 박물관 앞 인도상,항만119안전센터,Y,2000,1.7,제주소방서,064-729-0172,2024-02-07,1661000,소방청
제주항만-054,1,제주특별자치도,제주시,50110,제주특별자치도 제주시 신선동길 24,제주특별자치도 제주시 일도이동 1029-31,33.5104514021,126.5308049419,(동문성당 서측 10m 지점 앞 도로상),항만119안전센터,Y,2002,1.7,제주소방서,064-729-0172,2024-02-07,1661000,소방청
제주항만-053,1,제주특별자치도,제주시,50110,제주특별자치도 제주시 삼성로9길 28,제주특별자치도 제주시 일도이동 1029-85,33.50969084,126.5301034507,일도초등학교 정문 앞,항만119안전센터,Y,2000,1.7,제주소방서,064-729-0172,2024-02-07,1661000,소방청
제주항만-052,1,제주특별자치도,제주시,50110,제주특별자치도 제주시 신산로 11,제주특별자치도 제주시 일도이동 995-71,33.5120463555,126.5319115954,서울세탁앞,항만119안전센터,Y,2020,1.7,제주소방서,064-729-0172,2024-02-07,1661000,소방청
제주항만-051,1,제주특별자치도,제주시,50110,제주특별자치도 제주시 동문로16길 21,제주특별자치도 제주시 일도이동 990-14,33.51161611,126.5346177008,중앙병원 남측 200m지점 클린하우스 옆),항만119안전센터,Y,2013,3.2,제주소방서,064-729-0172,2024-02-07,1661000,소방청
제주항만-050,1,제주특별자치도,제주시,50110,제주특별자치도 제주시 동문로 64,제주특별자치도 제주시 일도이동 993-3,33.5132955333,126.5334594,동초등학교 맞은편 제주은행 앞,항만119안전센터,Y,1999,1.6,제주소방서,064-729-0172,2024-02-07,1661000,소방청
제주항만-049,1,제주특별자치도,제주시,50110,제주특별자치도 제주시 건화길 6,제주특별자치도 제주시 건입동 278-3,33.51326446,126.5508482,건화마을안 주차장 내,항만119안전센터,Y,2000,2.1,제주소방서,064-729-0172,2024-02-07,1661000,소방청
제주항만-048,1,제주특별자치도,제주시,50110,제주특별자치도 제주시 연무정동길 9,제주특별자치도 제주시 건입동 1075-10,33.51468283,126.5350239046,,항만119안전센터,Y,2020,2.5,제주소방서,064-729-0172,2024-02-07,1661000,소방청
제주항만-047,1,제주특별자치도,제주시,50110,제주특별자치도 제주시 사라봉13길 23,제주특별자치도 제주시 건입동 668-26,33.51594621,126.5409494135,,항만119안전센터,Y,2000,2.7,제주소방서,064-729-0172,2024-02-07,1661000,소방청
제주항만-046,1,제주특별자치도,제주시,50110,제주특별자치도 제주시 중앙로 45,제주특별자치도 제주시 일도일동 1291-1,33.5142306248,126.5248976806,신세계쥬얼리 앞 인도변,항만119안전센터,Y,1999,1.4,제주소방서,064-729-0172,2024-02-07,1661000,소방청
제주항만-045,2,제주특별자치도,제주시,50110,제주특별자치도 제주시 칠성로길 9-1,제주특별자치도 제주시 일도일동 1394,33.5138760496,126.5240573965,칠성로 SS패션 앞 인도변,항만119안전센터,Y,1999,1.4,제주소방서,064-729-0172,2024-02-07,1661000,소방청
제주항만-044,2,제주특별자치도,제주시,50110,제주특별자치도 제주시 칠성로길 35,제주특별자치도 제주시 일도일동 1309-1,33.5144308961,126.5267368,아날도바시니 제주칠성점 앞 인도변,항만119안전센터,Y,1999,1.8,제주소방서,064-729-0172,2024-02-07,1661000,소방청
제주항만-043,1,제주특별자치도,제주시,50110,제주특별자치도 제주시 동문로 81,제주특별자치도 제주시 건입동 1089-8,33.5138809563,126.5353959984,제주킹마트 맞은편 앞 인도변(훈민당 앞),항만119안전센터,Y,1999,3.7,제주소방서,064-729-0172,2024-02-07,1661000,소방청
제주항만-042,1,제주특별자치도,제주시,50110,제주특별자치도 제주시 동문로4길 9,제주특별자치도 제주시 일도일동 1103,33.5120874337,126.5282422659,동문공설시장 광명식당 앞,항만119안전센터,Y,1999,3.2,제주소방서,064-729-0172,2024-02-07,1661000,소방청
제주항만-041,1,제주특별자치도,제주시,50110,제주특별자치도 제주시 동문로6길 14,제주특별자치도 제주시 일도일동 1105-1,33.5116847586,126.5287095184,동문공설시장 동측 남안아파트 동측 도로상,항만119안전센터,Y,1999,3.3,제주소방서,064-729-0172,2024-02-07,1661000,소방청
제주항만-040,1,제주특별자치도,제주시,50110,제주특별자치도 제주시 신산로2길 21,제주특별자치도 제주시 일도일동 1112-4,33.51225134,126.5297600272,현명모던아파트 서측 도로상,항만119안전센터,Y,1995,3.0,제주소방서,064-729-0172,2024-02-07,1661000,소방청
제주항만-039,1,제주특별자치도,제주시,50110,제주특별자치도 제주시 동문로6길 3,제주특별자치도 제주시 일도일동 1129,33.512719235,126.5289109,부영이불 옆 도로상,항만119안전센터,Y,1995,3.0,제주소방서,064-729-0172,2024-02-07,1661000,소방청
제주항만-038,1,제주특별자치도,제주시,50110,제주특별자치도 제주시 만덕로3길 26,제주특별자치도 제주시 건입동 940-3,33.5167340781,126.5352140193,현대아파트 종합경비실 앞 인도상,항만119안전센터,Y,1998,1.5,제주소방서,064-729-0172,2024-02-07,1661000,소방청
제주항만-037,1,제주특별자치도,제주시,50110,제주특별자치도 제주시 중앙로 56,제주특별자치도 제주시 일도일동 1420-1,33.51342793,126.5242521353,중앙로사거리 우리은행 제주지점 앞 인도상,항만119안전센터,Y,2000,1.7,제주소방서,064-729-0172,2024-02-07,1661000,소방청
제주항만-036,2,제주특별자치도,제주시,50110,제주특별자치도 제주시 관덕로11길 16,제주특별자치도 제주시 일도일동 1301-1,33.5144874595,126.5256195705,뉴발란스 앞 도로상,항만119안전센터,Y,1999,1.8,제주소방서,064-729-0172,2024-02-07,1661000,소방청
제주항만-035,1,제주특별자치도,제주시,50110,제주특별자치도 제주시 관덕로11길 30,제주특별자치도 제주시 일도일동 1275-6,33.5156715761,126.5257054581,머렐제주점 옆 골목,항만119안전센터,Y,2016,1.8,제주소방서,064-729-0172,2024-02-07,1661000,소방청
제주항만-034,1,제주특별자치도,제주시,50110,제주특별자치도 제주시 중앙로3길 36,제주특별자치도 제주시 일도일동 1247,33.51519784,126.5283329652,산지천 녹수장 앞 도로상,항만119안전센터,Y,2003,1.8,제주소방서,064-729-0172,2024-02-07,1661000,소방청
제주항만-033,2,제주특별자치도,제주시,50110,제주특별자치도 제주시 칠성로길 43,제주특별자치도 제주시 일도일동 1320-2,33.51427861,126.5271983842,제일프라자 동측 보구패션 앞 인도상,항만119안전센터,Y,1999,3.5,제주소방서,064-729-0172,2024-02-07,1661000,소방청
제주항만-032,1,제주특별자치도,제주시,50110,제주특별자치도 제주시 중앙로7길 33-1,제주특별자치도 제주시 일도일동 1251,33.514902492,126.5280115052,산지천 자치경찰단 관리사무소 옆 도로상,항만119안전센터,Y,2000,1.8,제주소방서,064-729-0172,2024-02-07,1661000,소방청
제주항만-031,1,제주특별자치도,제주시,50110,제주특별자치도 제주시 산지로 33,제주특별자치도 제주시 일도일동 1185-8,33.5140597309,126.5287338825,파라제주 앞 인도상,항만119안전센터,Y,2000,1.8,제주소방서,064-729-0172,2024-02-07,1661000,소방청
제주항만-030,1,제주특별자치도,제주시,50110,제주특별자치도 제주시 관덕로15길 2,제주특별자치도 제주시 일도일동 1477-4,33.513516708,126.5270163,동문로터리 음악분수대 북서측 도로상,항만119안전센터,Y,2000,1.8,제주소방서,064-729-0172,2024-02-07,1661000,소방청
제주항만-029,1,제주특별자치도,제주시,50110,제주특별자치도 제주시 관덕로 62,제주특별자치도 제주시 일도일동 1476-7,33.5129535798,126.525877538,조일약국 맞은편 인도상,항만119안전센터,Y,1990,1.7,제주소방서,064-729-0172,2024-02-07,1661000,소방청
제주항만-028,1,제주특별자치도,제주시,50110,제주특별자치도 제주시 동문로 2,제주특별자치도 제주시 일도일동 1479-4,33.5128673261,126.5267810325,제주신협 본점 앞 화단내(4번게이트),항만119안전센터,Y,1990,1.9,제주소방서,064-729-0172,2024-02-07,1661000,소방청
제주항만-027,1,제주특별자치도,제주시,50110,제주특별자치도 제주시 동문로 8,제주특별자치도 제주시 일도일동 1145-16,33.51297111,126.5273951,동문로터리 서측 횡단보도 앞 인도상(2번게이트),항만119안전센터,Y,1995,2.5,제주소방서,064-729-0172,2024-02-07,1661000,소방청
제주항만-026,1,제주특별자치도,제주시,50110,제주특별자치도 제주시 동문로 6-6,제주특별자치도 제주시 일도일동 1482-2,33.51245382,126.5270543,동문시장내 구)제주신협 본점 앞 도로상,항만119안전센터,Y,2002,1.7,제주소방서,064-729-0172,2024-02-07,1661000,소방청
제주항만-025,1,제주특별자치도,제주시,50110,제주특별자치도 제주시 동문로4길 18-2,제주특별자치도 제주시 일도일동 1144-7,33.5122489043,126.5273423542,동문공설시장 제일기름집 남측 도로상,항만119안전센터,Y,2000,1.7,제주소방서,064-729-0172,2024-02-07,1661000,소방청
제주항만-024,1,제주특별자치도,제주시,50110,제주특별자치도 제주시 동문로 16,제주특별자치도 제주시 일도일동 1148-2,33.5127966491,126.5283196783,동문시장 1블럭 후문 서측 도로상),항만119안전센터,Y,2000,1.7,제주소방서,064-729-0172,2024-02-07,1661000,소방청
제주항만-023,1,제주특별자치도,제주시,50110,제주특별자치도 제주시 중앙로13길 35,제주특별자치도 제주시 일도일동 1100-10,33.5116774515,126.5279037,MG새마을금고 앞 도로상,항만119안전센터,Y,2000,1.8,제주소방서,064-729-0172,2024-02-07,1661000,소방청
제주항만-022,1,제주특별자치도,제주시,50110,제주특별자치도 제주시 성지로 67,제주특별자치도 제주시 일도일동 1048-6,33.5116446122,126.5303646472,봉해장국 앞 인도상,항만119안전센터,Y,2000,1.8,제주소방서,064-729-0172,2024-02-07,1661000,소방청
제주항만-021,1,제주특별자치도,제주시,50110,제주특별자치도 제주시 동문로 34,제주특별자치도 제주시 일도일동 1085-14,33.5127891,126.5302489,구)동문치안센터 앞 인도상,항만119안전센터,Y,2000,1.7,제주소방서,064-729-0172,2024-02-07,1661000,소방청
제주항만-020,1,제주특별자치도,제주시,50110,제주특별자치도 제주시 임항로 111,제주특별자치도 제주시 건입동 918-25,33.5200407358,126.5342261762,제주항 여객터미널 맞은편 인도상,항만119안전센터,Y,1995,1.9,제주소방서,064-729-0172,2024-02-07,1661000,소방청
제주항만-019,1,제주특별자치도,제주시,50110,제주특별자치도 제주시 임항로 76,제주특별자치도 제주시 건입동 984-6,33.5169541342,126.5328117,터미널낚시마트 앞 인도상,항만119안전센터,Y,2004,1.9,제주소방서,064-729-0172,2024-02-07,1661000,소방청
제주항만-018,1,제주특별자치도,제주시,50110,제주특별자치도 제주시 임항로 62,제주특별자치도 제주시 건입동 984-141,33.5167696317,126.5313695066,용진교 삼거리 동측 용천낚시 앞 인도상,항만119안전센터,Y,2013,2.2,제주소방서,064-729-0172,2024-02-07,1661000,소방청
제주항만-017,1,제주특별자치도,제주시,50110,제주특별자치도 제주시 임항로 60,제주특별자치도 제주시 건입동 1308,33.5163461176,126.5311452178,뽀글뽀글찌개 나야식당 후문 도로상,항만119안전센터,Y,2000,1.9,제주소방서,064-729-0172,2024-02-07,1661000,소방청
제주항만-016,1,제주특별자치도,제주시,50110,제주특별자치도 제주시 임항로 40,제주특별자치도 제주시 건입동 1319-19,33.516359945,126.529284,신현대수산 앞 인도상,항만119안전센터,Y,2012,1.9,제주소방서,064-729-0172,2024-02-07,1661000,소방청
제주항만-015,1,제주특별자치도,제주시,50110,제주특별자치도 제주시 중앙로 13,제주특별자치도 제주시 건입동 1441,33.5170046063,126.5254307079,버터 제주탑동점 앞 인도상(마트로탑동점),항만119안전센터,Y,2000,2.0,제주소방서,064-729-0172,2024-02-07,1661000,소방청
제주항만-014,1,제주특별자치도,제주시,50110,제주특별자치도 제주시 중앙로 22,제주특별자치도 제주시 건입동 1422,33.5164017854,126.5246848,탑동사거리 트렉스타 앞 인도상,항만119안전센터,Y,1996,1.9,제주소방서,064-729-0172,2024-02-07,1661000,소방청
제주항만-013,1,제주특별자치도,제주시,50110,제주특별자치도 제주시 중앙로1길 20,제주특별자치도 제주시 건입동 1391,33.51614627,126.5267208,사모아모텔 후문 동측 도로상,항만119안전센터,Y,2013,2.1,제주소방서,064-729-0172,2024-02-07,1661000,소방청
제주항만-012,1,제주특별자치도,제주시,50110,제주특별자치도 제주시 중앙로1길 42,제주특별자치도 제주시 건입동 1323-1,33.5162285,126.5291592,대성어구 앞 도로상,항만119안전센터,Y,2000,2.0,제주소방서,064-729-0172,2024-02-07,1661000,소방청
제주항만-011,1,제주특별자치도,제주시,50110,제주특별자치도 제주시 산지로 13-1,제주특별자치도 제주시 건입동 1158-1,33.5155445613,126.5299444677,산지천 화룡각 앞 인도상,항만119안전센터,Y,1996,2.0,제주소방서,064-729-0172,2024-02-07,1661000,소방청
제주항만-010,1,제주특별자치도,제주시,50110,제주특별자치도 제주시 만덕로4길 8,제주특별자치도 제주시 건입동 1189-7,33.51491705,126.531133,노동의원 서측 무료주차장 앞 인도상,항만119안전센터,Y,2002,3.0,제주소방서,064-729-0172,2024-02-07,1661000,소방청
제주항만-009,1,제주특별자치도,제주시,50110,제주특별자치도 제주시 동문로9길 10,제주특별자치도 제주시 건입동 1226-5,33.51370281,126.5303576575,제주지방기상청 정문 남측 도로상,항만119안전센터,Y,2000,2.0,제주소방서,064-729-0172,2024-02-07,1661000,소방청
제주항만-008,1,제주특별자치도,제주시,50110,제주특별자치도 제주시 만덕로 23,제주특별자치도 제주시 건입동 1106-15,33.51451519,126.5321516,건입동주민센터오거리 동측 인도상,항만119안전센터,Y,1995,2.1,제주소방서,064-729-0172,2024-02-07,1661000,소방청
제주항만-007,1,제주특별자치도,제주시,50110,제주특별자치도 제주시 연무정동2길 13,제주특별자치도 제주시 건입동 1077-28,33.51464382,126.5337735076,동초등학교 후문 앞(클린하우스) 인도상,항만119안전센터,Y,2000,2.1,제주소방서,064-729-0172,2024-02-07,1661000,소방청
제주항만-006,1,제주특별자치도,제주시,50110,제주특별자치도 제주시 연무정길 48,제주특별자치도 제주시 건입동 1068-10,33.5156149064,126.5341985533,인성이용원 맞은편 전신주 옆 도로상,항만119안전센터,Y,2022,2.1,제주소방서,064-729-0172,2024-02-07,1661000,소방청
제주항만-005,1,제주특별자치도,제주시,50110,제주특별자치도 제주시 임항로 286,제주특별자치도 제주시 건입동 1044-3,33.5153832179,126.5381287649,미듬하나로 아파트 앞 인도상,항만119안전센터,Y,2000,2.1,제주소방서,064-729-0172,2024-02-07,1661000,소방청
제주항만-004,1,제주특별자치도,제주시,50110,제주특별자치도 제주시 건입동 933,제주특별자치도 제주시 건입동 933,33.5183309854,126.5359692488,해운항만청아파트 뒤 도로상,항만119안전센터,Y,2000,2.3,제주소방서,064-729-0172,2024-02-07,1661000,소방청
제주항만-003,1,제주특별자치도,제주시,50110,제주특별자치도 제주시 동대3길 22,제주특별자치도 제주시 건입동 1034-6,33.51776498,126.5364709,항만아파트 옆길 도로상,항만119안전센터,Y,2003,1.7,제주소방서,064-729-0172,2024-02-07,1661000,소방청
제주항만-002,1,제주특별자치도,제주시,50110,제주특별자치도 제주시 사라봉7길 27,제주특별자치도 제주시 건입동 675-1,33.51581287,126.5398853,원빌라 북서측 코너,항만119안전센터,Y,2016,2.0,제주소방서,064-729-0172,2024-02-07,1661000,소방청
제주항만-001,1,제주특별자치도,제주시,50110,제주특별자치도 제주시 사라봉1길 20,제주특별자치도 제주시 건입동 668-4,33.5168890383,126.541303,한도맨면 남측 좋은생각빌라 앞 도로상,항만119안전센터,Y,2000,2.8,제주소방서,064-729-0172,2024-02-07,1661000,소방청
오라-68호,1,제주특별자치도,제주시,50110,제주특별자치도 제주시 연오로 61-10,제주특별자치도 제주시 오라삼동 2995-9,33.4872097381,126.5022514692,리치캐슬 동측 도로상,오라119안전센터,Y,2021,5.0,제주소방서,064-729-0172,2024-02-07,1661000,소방청
오라-67호,1,제주특별자치도,제주시,50110,제주특별자치도 제주시 연북로 187,제주특별자치도 제주시 오라이동 3158,33.48188251,126.5015611,동부두삼십년 해장국 집 앞,오라119안전센터,Y,2012,4.0,제주소방서,064-729-0172,2024-02-07,1661000,소방청
오라-66호,1,제주특별자치도,제주시,50110,제주특별자치도 제주시 연북로 188,제주특별자치도 제주시 오라이동 3160,33.48138287,126.5013491,한라사이클 앞,오라119안전센터,Y,2020,4.0,제주소방서,064-729-0172,2024-02-07,1661000,소방청
오라-65호,1,제주특별자치도,제주시,50110,제주특별자치도 제주시 연사길 120,제주특별자치도 제주시 오라이동 1949-1,33.48712811,126.5072481,오스터이빌라 앞,오라119안전센터,Y,2019,4.0,제주소방서,064-729-0172,2024-02-07,1661000,소방청
오라-64호,1,제주특별자치도,제주시,50110,제주특별자치도 제주시 연미3길 4,제주특별자치도 제주시 오라이동 2093-1,33.48962059,126.5066016,올레렌트카 맞은편,오라119안전센터,Y,2019,4.0,제주소방서,064-729-0172,2024-02-07,1661000,소방청
오라-63호,1,제주특별자치도,제주시,50110,제주특별자치도 제주시 오라2동 190,제주특별자치도 제주시 오라이동 190,33.4614409227,126.5124446027,애조로 오라교차로 남측 서쪽,오라119안전센터,Y,2018,4.0,제주소방서,064-729-0172,2024-02-07,1661000,소방청
오라-62호,1,제주특별자치도,제주시,50110,제주특별자치도 제주시 오라2동 43-10,제주특별자치도 제주시 오라이동 43-10,33.4669215802,126.5148194899,제주연구원 남측 맞은편 인도상,오라119안전센터,Y,2018,10.0,제주소방서,064-729-0172,2024-02-07,1661000,소방청
오라-61호,1,제주특별자치도,제주시,50110,제주특별자치도 제주시 야연로 180,제주특별자치도 제주시 오라이동 700-1,33.47032441,126.5090337,남현김치 앞 인도상,오라119안전센터,Y,2018,4.0,제주소방서,064-729-0172,2024-02-07,1661000,소방청
오라-60호,1,제주특별자치도,제주시,50110,제주특별자치도 제주시 오라2동 산100,제주특별자치도 제주시 오라이동 산 100-3,33.4248953384,126.5323828385,제주과학고등학교 입구,오라119안전센터,Y,2016,10.0,제주소방서,064-729-0172,2024-02-07,1661000,소방청
오라-59호,1,제주특별자치도,제주시,50110,제주특별자치도 제주시 오남로 221,제주특별자치도 제주시 오라이동 899-3,33.4762076291,126.5161964741,한라도서관 입구,오라119안전센터,Y,2015,10.0,제주소방서,064-729-0172,2024-02-07,1661000,소방청
오라-58호,1,제주특별자치도,제주시,50110,제주특별자치도 제주시 오남로 163,제주특별자치도 제주시 오라이동 1567-2,33.4812516124,126.5158068202,연북로 사거리 LPG충전소 남동측,오라119안전센터,Y,2015,4.0,제주소방서,064-729-0172,2024-02-07,1661000,소방청
오라-57호,1,제주특별자치도,제주시,50110,제주특별자치도 제주시 월구1길 73,제주특별자치도 제주시 오라삼동 2740,33.49386178,126.5016699924,제주춘강의원 앞,오라119안전센터,Y,2015,11.0,제주소방서,064-729-0172,2024-02-07,1661000,소방청
오라-56호,1,제주특별자치도,제주시,50110,제주특별자치도 제주시 연삼로113,제주특별자치도 제주시 오라삼동 2773-1,33.49381692,126.5048046,하나로마트 오라점 앞,오라119안전센터,Y,2015,11.0,제주소방서,064-729-0172,2024-02-07,1661000,소방청
오라-55호,1,제주특별자치도,제주시,50110,제주특별자치도 제주시 연사길99,제주특별자치도 제주시 오라이동 1841-2,33.4874642227,126.5089092341,버스정류소 옆,오라119안전센터,Y,2015,4.0,제주소방서,064-729-0172,2024-02-07,1661000,소방청
오라-54호,1,제주특별자치도,제주시,50110,제주특별자치도 제주시 아연로 186,제주특별자치도 제주시 오라이동 702-1,33.46971811,126.5092044,정실 어린이집 앞,오라119안전센터,Y,1994,1.8,제주소방서,064-729-0172,2024-02-07,1661000,소방청
오라-53호,1,제주특별자치도,제주시,50110,제주특별자치도 제주시 아연로 216-5,제주특별자치도 제주시 오라이동 656-2,33.46674565,126.5101122,월정사 앞,오라119안전센터,Y,1993,3.0,제주소방서,064-729-0172,2024-02-07,1661000,소방청
오라-52호,1,제주특별자치도,제주시,50110,제주특별자치도 제주시 오남로 339,제주특별자치도 제주시 오라이동138-5,33.4658416983,126.5140037583,제주교도소 입구 삼거리 남측,오라119안전센터,Y,1993,4.0,제주소방서,064-729-0172,2024-02-07,1661000,소방청
오라-51호,1,제주특별자치도,제주시,50110,제주특별자치도 제주시 오남로 263,제주특별자치도 제주시 오라이동 825-1,33.4719387188,126.5130788537,제주연구원 건물 서측 인도,오라119안전센터,Y,2012,7.0,제주소방서,064-729-0172,2024-02-07,1661000,소방청
오라-50호,1,제주특별자치도,제주시,50110,제주특별자치도 제주시 오남로 163,제주특별자치도 제주시 오라이동 1586,33.4812516124,126.5158068202,한라도서관 북측 연북로 사거리 버스정류소 앞,오라119안전센터,Y,2009,3.2,제주소방서,064-729-0172,2024-02-07,1661000,소방청
오라-49호,1,제주특별자치도,제주시,50110,제주특별자치도 제주시 야연로 180,제주특별자치도 제주시 오라이동 1567-1,33.4812516124,126.5158068202,오라2동 SK-충전소 남동측,오라119안전센터,Y,2012,4.0,제주소방서,064-729-0172,2024-02-07,1661000,소방청
오라-48호,1,제주특별자치도,제주시,50110,제주특별자치도 제주시 오남로 163,제주특별자치도 제주시 오라이동 1550-11,33.4812516124,126.5158068202,오라2동 SK-충전소 남측,오라119안전센터,Y,2012,4.0,제주소방서,064-729-0172,2024-02-07,1661000,소방청
오라-47호,1,제주특별자치도,제주시,50110,제주특별자치도 제주시 연사길 142,제주특별자치도 제주시 오라이동 3030-1,33.4868060006,126.505335295,연미마을회관 동측 50m지점,오라119안전센터,Y,2001,4.0,제주소방서,064-729-0172,2024-02-07,1661000,소방청
오라-46호,1,제주특별자치도,제주시,50110,제주특별자치도 제주시 연사2길 16-9,제주특별자치도 제주시 오라이동 1495-3,33.4872870778,126.5126135846,노란잠수함 어린이집 앞,오라119안전센터,Y,2009,5.5,제주소방서,064-729-0172,2024-02-07,1661000,소방청
오라-45호,1,제주특별자치도,제주시,50110,제주특별자치도 제주시 연사2길 79,제주특별자치도 제주시 오라이동 1531-1,33.4821418735,126.5125476124,송우수자인빌 101동 동측,오라119안전센터,Y,2009,5.5,제주소방서,064-729-0172,2024-02-07,1661000,소방청
오라-44호,1,제주특별자치도,제주시,50110,제주특별자치도 제주시 연사2길 2,제주특별자치도 제주시 오라이동 1385,33.48865877,126.5139694,오라초등학교 동남측 혜성슈퍼,오라119안전센터,Y,1990,1.9,제주소방서,064-729-0172,2024-02-07,1661000,소방청
오라-43호,1,제주특별자치도,제주시,50110,제주특별자치도 제주시 연사길 48,제주특별자치도 제주시 오라이동 1380,33.48926553,126.5138529,오라초등학교 동측 10m지점,오라119안전센터,Y,2009,6.0,제주소방서,064-729-0172,2024-02-07,1661000,소방청
오라-42호,1,제주특별자치도,제주시,50110,제주특별자치도 제주시 연사길 60,제주특별자치도 제주시 오라이동 1373-5,33.48925898,126.5126661,오라초등학교 서측 CU편의점 앞,오라119안전센터,Y,1997,2.0,제주소방서,064-729-0172,2024-02-07,1661000,소방청
오라-41호,1,제주특별자치도,제주시,50110,제주특별자치도 제주시 연삼로 180,제주특별자치도 제주시 오라이동 1204-1,33.49258541,126.5115875,연삼로 덕인당 빵집 앞,오라119안전센터,Y,2012,1.0,제주소방서,064-729-0172,2024-02-07,1661000,소방청
오라-40호,1,제주특별자치도,제주시,50110,제주특별자치도 제주시 연삼로 165,제주특별자치도 제주시 오라이동 2185-2,33.49313675,126.5102011,연삼로 성신주유소 동측,오라119안전센터,Y,2008,3.0,제주소방서,064-729-0172,2024-02-07,1661000,소방청
오라-39호,1,제주특별자치도,제주시,50110,제주특별자치도 제주시 동성길 35,제주특별자치도 제주시 오라이동 2222-9,33.49712481,126.5100286,금호타이어 북동측 100m 지점,오라119안전센터,Y,2000,1.8,제주소방서,064-729-0172,2024-02-07,1661000,소방청
오라-38호,1,제주특별자치도,제주시,50110,제주특별자치도 제주시 연삼로 104,제주특별자치도 제주시 오라삼동 2773-6,33.49308256,126.5035629,중고아지트 서측 10m지점 인도변,오라119안전센터,Y,2013,2.5,제주소방서,064-729-0172,2024-02-07,1661000,소방청
오라-37호,1,제주특별자치도,제주시,50110,제주특별자치도 제주시 모시길 40,제주특별자치도 제주시 오라삼동 2653-1,33.4963099607,126.5056526153,오라동 어린이집 110m 지점,오라119안전센터,Y,2011,3.0,제주소방서,064-729-0172,2024-02-07,1661000,소방청
오라-36호,1,제주특별자치도,제주시,50110,제주특별자치도 제주시 월구길 12,제주특별자치도 제주시 오라삼동 2611-14,33.49873211,126.5037741,오라3동 마을회관 건물 옆,오라119안전센터,Y,2002,5.0,제주소방서,064-729-0172,2024-02-07,1661000,소방청
오라-35호,1,제주특별자치도,제주시,50110,제주특별자치도 제주시 오라로 22,제주특별자치도 제주시 오라삼동 2319-17,33.4981861901,126.5069293713,제주명품 식품 앞,오라119안전센터,Y,2014,2.0,제주소방서,064-729-0172,2024-02-07,1661000,소방청
오라-34호,1,제주특별자치도,제주시,50110,제주특별자치도 제주시 서광로 94,제주특별자치도 제주시 오라삼동2337-2,33.50002705,126.5065139,올레렌트카 앞,오라119안전센터,Y,1996,2.0,제주소방서,064-729-0172,2024-02-07,1661000,소방청
오라-33호,1,제주특별자치도,제주시,50110,제주특별자치도 제주시 서광로 128,제주특별자치도 제주시 삼도일동 2401-10,33.49984521,126.5100364,서광로 주유소 맞은편,오라119안전센터,Y,2007,2.0,제주소방서,064-729-0172,2024-02-07,1661000,소방청
오라-32호,1,제주특별자치도,제주시,50110,제주특별자치도 제주시 서광로 199,제주특별자치도 제주시 삼도일동 519-6,33.50014705,126.5178954,한국병원 동측 나라장식 앞,오라119안전센터,Y,1995,1.9,제주소방서,064-729-0172,2024-02-07,1661000,소방청
오라-31호,1,제주특별자치도,제주시,50110,제주특별자치도 제주시 서광로 11길 14,제주특별자치도 제주시 삼도일동 516,33.50114003,126.5166383,백록떡집 앞,오라119안전센터,Y,1990,2.0,제주소방서,064-729-0172,2024-02-07,1661000,소방청
오라-30호,1,제주특별자치도,제주시,50110,제주특별자치도 제주시 서광로 13길 22,제주특별자치도 제주시 삼도일동523,33.50193911,126.5179311,도담치킨 옆,오라119안전센터,Y,2002,1.8,제주소방서,064-729-0172,2024-02-07,1661000,소방청
오라-29호,1,제주특별자치도,제주시,50110,제주특별자치도 제주시 서광로 11길 39,제주특별자치도 제주시 삼도일동502-13,33.5034679108,126.5164221732,중앙 초등학교 북동측 목성아파트 앞,오라119안전센터,Y,1990,1.7,제주소방서,064-729-0172,2024-02-07,1661000,소방청
오라-28호,1,제주특별자치도,제주시,50110,제주특별자치도 제주시 전농로 21,제주특별자치도 제주시 삼도일동 719-22,33.50460901,126.5154711,일광 세탁소 앞,오라119안전센터,Y,2016,1.8,제주소방서,064-729-0172,2024-02-07,1661000,소방청
오라-27호,1,제주특별자치도,제주시,50110,제주특별자치도 제주시 전농로 43,제주특별자치도 제주시 삼도일동 701-19,33.50457321,126.5177732,서사라 떡방앗간 옆 사거리,오라119안전센터,Y,2016,1.8,제주소방서,064-729-0172,2024-02-07,1661000,소방청
오라-26호,1,제주특별자치도,제주시,50110,제주특별자치도 제주시 전농로 1길 26,제주특별자치도 제주시 삼도일동 715-11,33.5065157408,126.5156609014,26-1집 앞 클린 하우스 옆,오라119안전센터,Y,2005,2.9,제주소방서,064-729-0172,2024-02-07,1661000,소방청
오라-25호,1,제주특별자치도,제주시,50110,제주특별자치도 제주시 전농로 7길 19-1,제주특별자치도 제주시 삼도일동 704-15,33.50622311,126.5177563,서사라 슈퍼 앞 사거리,오라119안전센터,Y,1997,2.0,제주소방서,064-729-0172,2024-02-07,1661000,소방청
오라-24호,1,제주특별자치도,제주시,50110,제주특별자치도 제주시 서사로6길 17,제주특별자치도 제주시 삼도일동 795-11,33.50799823,126.5180451,백조여관 앞 사거리,오라119안전센터,Y,2002,1.8,제주소방서,064-729-0172,2024-02-07,1661000,소방청
오라-23호,1,제주특별자치도,제주시,50110,제주특별자치도 제주시 남성로 117,제주특별자치도 제주시 삼도일동 710-8,33.50901729,126.5179493,G호텔 앞,오라119안전센터,Y,2004,1.8,제주소방서,064-729-0172,2024-02-07,1661000,소방청
오라-22호,1,제주특별자치도,제주시,50110,제주특별자치도 제주시 서사로 36,제주특별자치도 제주시 삼도일동 751-18,33.50924498,126.5196514,고원순 정형외과 앞 동측,오라119안전센터,Y,1995,1.8,제주소방서,064-729-0172,2024-02-07,1661000,소방청
오라-21호,1,제주특별자치도,제주시,50110,제주특별자치도 제주시 서사로 32,제주특별자치도 제주시 삼도일동 751-2,33.50945047,126.5195636,전자랜드 앞 인도상,오라119안전센터,Y,2010,3.0,제주소방서,064-729-0172,2024-02-07,1661000,소방청
오라-20호,1,제주특별자치도,제주시,50110,제주특별자치도 제주시 홍랑길 38-3,제주특별자치도 제주시 삼도일동 305-128,33.5033736296,126.523455935,한국토지공사 남서측 70m지점,오라119안전센터,Y,2005,1.5,제주소방서,064-729-0172,2024-02-07,1661000,소방청
오라-19호,1,제주특별자치도,제주시,50110,제주특별자치도 제주시 서사로 97,제주특별자치도 제주시 삼도일동 539-8,33.50366611,126.5201198,서사라호텔 북측 15m지점,오라119안전센터,Y,2003,1.8,제주소방서,064-729-0172,2024-02-07,1661000,소방청
오라-18호,1,제주특별자치도,제주시,50110,제주특별자치도 제주시 서광로21길 24,제주특별자치도 제주시 삼도일동 556-26,33.5018580329,126.5221395787,오토뱅크카센터 앞 공원 북측,오라119안전센터,Y,2019,2.5,제주소방서,064-729-0172,2024-02-07,1661000,소방청
오라-17호,1,제주특별자치도,제주시,50110,제주특별자치도 제주시 서사로 123,제주특별자치도 제주시 삼도일동 536-3,33.50130111,126.5200876,탐라안경 북측 한성베르트 앞,오라119안전센터,Y,2001,1.8,제주소방서,064-729-0172,2024-02-07,1661000,소방청
오라-16호,1,제주특별자치도,제주시,50110,제주특별자치도 제주시 서광로 239,제주특별자치도 제주시 삼도일동 553-4,33.5000231215,126.5220461,김성은 한의원 앞,오라119안전센터,Y,1996,1.8,제주소방서,064-729-0172,2024-02-07,1661000,소방청
오라-15호,1,제주특별자치도,제주시,50110,제주특별자치도 제주시 서광로 219,제주특별자치도 제주시 삼도일동 535-30,33.50011928,126.5201955,서사라 사거리 만당일식 앞,오라119안전센터,Y,1990,1.7,제주소방서,064-729-0172,2024-02-07,1661000,소방청
오라-14호,1,제주특별자치도,제주시,50110,제주특별자치도 제주시 서광로 262-1,제주특별자치도 제주시 삼도일동 5584-2,33.499683076,126.5246111,박경식 신경외과 맞은편,오라119안전센터,Y,1997,2.0,제주소방서,064-729-0172,2024-02-07,1661000,소방청
오라-13호,1,제주특별자치도,제주시,50110,제주특별자치도 제주시 서광로 250,제주특별자치도 제주시 삼도일동 580,33.4995085806,126.5231474913,제주올레관광호텔 서측 30M 지점,오라119안전센터,Y,1995,1.9,제주소방서,064-729-0172,2024-02-07,1661000,소방청
오라-12호,1,제주특별자치도,제주시,50110,제주특별자치도 제주시 서광로 220,제주특별자치도 제주시 삼도일동 570,33.49956589,126.5200809,농협 서광로지점 앞,오라119안전센터,Y,1990,1.8,제주소방서,064-729-0172,2024-02-07,1661000,소방청
오라-11호,1,제주특별자치도,제주시,50110,제주특별자치도 제주시 서광로14길 5,제주특별자치도 제주시 삼도일동 565,33.49943358,126.5179082,제주R호텔 앞,오라119안전센터,Y,2021,1.8,제주소방서,064-729-0172,2024-02-07,1661000,소방청
오라-10호,1,제주특별자치도,제주시,50110,제주특별자치도 제주시 서광로 186,제주특별자치도 제주시 삼도일동 560-1,33.4996960542,126.5162711789,한국병원 사거리 남측 제주노비아 웨딩 앞,오라119안전센터,Y,1990,1.8,제주소방서,064-729-0172,2024-02-07,1661000,소방청
오라-9호,1,제주특별자치도,제주시,50110,제주특별자치도 제주시 서광로 162,제주특별자치도 제주시 오라일동 2440-4,33.49983942,126.5136706,(버스터미널 서측 인도변,오라119안전센터,Y,1990,2.0,제주소방서,064-729-0172,2024-02-07,1661000,소방청
오라-8호,1,제주특별자치도,제주시,50110,제주특별자치도 제주시 서사로 155,제주특별자치도 제주시 삼도일동 571-1,33.49841411,126.5200436,한라일보 맞은편 건강한 약국 앞,오라119안전센터,Y,1990,1.9,제주소방서,064-729-0172,2024-02-07,1661000,소방청
오라-7호,1,제주특별자치도,제주시,50110,제주특별자치도 제주시 서사로23길 23,제주특별자치도 제주시 삼도일동 576-17,33.49794135,126.5219791,(대림2차 아파트 서남측 도로),오라119안전센터,Y,1990,1.8,제주소방서,064-729-0172,2024-02-07,1661000,소방청
오라-6호,1,제주특별자치도,제주시,50110,제주특별자치도 제주시 서사로 175,제주특별자치도 제주시 오라일동 2453-19,33.49656921,126.5199121,제주도학원 연합회 앞,오라119안전센터,Y,2021,1.8,제주소방서,064-729-0172,2024-02-07,1661000,소방청
오라-5호,1,제주특별자치도,제주시,50110,제주특별자치도 제주시 공설로 41,제주특별자치도 제주시 오라일동 2450-13,33.49676123,126.5183418,해맞이 해장국 앞,오라119안전센터,Y,1998,3.0,제주소방서,064-729-0172,2024-02-07,1661000,소방청
오라-4호,1,제주특별자치도,제주시,50110,제주특별자치도 제주시 신성로 7,제주특별자치도 제주시 오라일동 2454-25,33.4958378543,126.5204419652,새암세무회계컨설팅 앞,오라119안전센터,Y,1997,2.0,제주소방서,064-729-0172,2024-02-07,1661000,소방청
오라-3호,1,제주특별자치도,제주시,50110,제주특별자치도 제주시 오남로 42,제주특별자치도 제주시 도남동 909-4,33.4916408194,126.5194334963,제주시 보건소 서측 행복한집 앞,오라119안전센터,Y,2004,2.0,제주소방서,064-729-0172,2024-02-07,1661000,소방청
오라-2호,1,제주특별자치도,제주시,50110,제주특별자치도 제주시 서광로2길 24,제주특별자치도 제주시 오라일동 1165,33.49506215,126.5187974581,제주특별자치도 체육회관 앞),오라119안전센터,Y,2006,2.9,제주소방서,064-729-0172,2024-02-07,1661000,소방청
오라-1호,1,제주특별자치도,제주시,50110,제주특별자치도 제주시 서광로2길 24,제주특별자치도 제주시 오라일동 1165,33.49506215,126.5187974581,종합경기장 남측 동산교 앞,오라119안전센터,Y,2013,2.0,제주소방서,064-729-0172,2024-02-07,1661000,소방청
제주연동-074,1,제주특별자치도,제주시,50110,제주특별자치도 제주시 아연로 2,제주특별자치도 제주시 연동 422,33.481331362,126.496140847,KCTV 사거리 북측 서측변 인도상,연동119안전센터,Y,2015,3.0,제주소방서,064-729-0172,2024-02-07,1661000,소방청
제주연동-073,1,제주특별자치도,제주시,50110,제주특별자치도 제주시 성신북길 8-5,제주특별자치도 제주시 연동 1959-2,33.4913086762,126.4829475167,일품아파트 북동측 모퉁이,연동119안전센터,Y,2014,3.5,제주소방서,064-729-0172,2024-02-07,1661000,소방청
제주연동-072,1,제주특별자치도,제주시,50110,제주특별자치도 제주시 연삼로 25,제주특별자치도 제주시 연동 130-12,33.4938806174,126.4951857905,마리나사거리 서측 워터피아정수기 옆 인도,연동119안전센터,Y,2013,5.0,제주소방서,064-729-0172,2024-02-07,1661000,소방청
제주연동-071,1,제주특별자치도,제주시,50110,제주특별자치도 제주시 선덕로 13,제주특별자치도 제주시 연동 313-46,33.4858401531,126.4980381,연동 백록탕 앞 인도,연동119안전센터,Y,2012,3.5,제주소방서,064-729-0172,2024-02-07,1661000,소방청
제주연동-070,1,제주특별자치도,제주시,50110,제주특별자치도 제주시 아연로 37,제주특별자치도 제주시 연동 493-6,33.478577345,126.4987178242,KCTV남측 풍천만가 앞,연동119안전센터,Y,2011,7.0,제주소방서,064-729-0172,2024-02-07,1661000,소방청
제주연동-069,1,제주특별자치도,제주시,50110,제주특별자치도 제주시 신대로 6길 18,제주특별자치도 제주시 연동 290-20,33.4926002256,126.4946005285,더호텔 북측200m지점 굿모닝빌원룸 A동 앞,연동119안전센터,Y,2010,3.5,제주소방서,064-729-0172,2024-02-07,1661000,소방청
제주연동-068,1,제주특별자치도,제주시,50110,제주특별자치도 제주시 일주서로 7811,제주특별자치도 제주시 연동 2405,33.4947725346,126.4808860287,제주서중 앞 지하도 동측 입구,연동119안전센터,Y,2009,4.3,제주소방서,064-729-0172,2024-02-07,1661000,소방청
제주연동-067,1,제주특별자치도,제주시,50110,제주특별자치도 제주시 삼동길 41,제주특별자치도 제주시 연동 1452-1,33.4799395653,126.4950536378,제주특별자치도 보건환경연구원 앞,연동119안전센터,Y,2009,3.5,제주소방서,064-729-0172,2024-02-07,1661000,소방청
제주연동-066,1,제주특별자치도,제주시,50110,제주특별자치도 제주시 도령로 174-1,제주특별자치도 제주시 연동 2520,33.4958824316,126.4942377527,명주마을 입구 은창빌라 앞,연동119안전센터,Y,2008,4.1,제주소방서,064-729-0172,2024-02-07,1661000,소방청
제주연동-065,1,제주특별자치도,제주시,50110,제주특별자치도 제주시 연동 1507-1,제주특별자치도 제주시 연동 1507-1,33.479512922,126.4928421,연동 해군아파트 서북측,연동119안전센터,Y,2002,4.3,제주소방서,064-729-0172,2024-02-07,1661000,소방청
제주연동-064,1,제주특별자치도,제주시,50110,제주특별자치도 제주시 연동 1524-9,제주특별자치도 제주시 연동 1524-9,33.4783576235,126.4918758289,연동 신도시 주유소 맞은편,연동119안전센터,Y,2002,4.1,제주소방서,064-729-0172,2024-02-07,1661000,소방청
제주연동-063,1,제주특별자치도,제주시,50110,제주특별자치도 제주시 국기중길 18,제주특별자치도 제주시 연동 1503-3,33.4793785793,126.4911701197,연동 한라유치원 옆 놀이터 남측 울타리,연동119안전센터,N,2002,3.8,제주소방서,064-729-0172,2024-02-07,1661000,소방청
제주연동-062,1,제주특별자치도,제주시,50110,제주특별자치도 제주시 연북로 98,제주특별자치도 제주시 연동 1494-14,33.4814584467,126.4916710656,연동 에코블루 앞 사수2교 교각,연동119안전센터,N,2002,6.5,제주소방서,064-729-0172,2024-02-07,1661000,소방청
제주연동-061,1,제주특별자치도,제주시,50110,제주특별자치도 제주시 연북로 78,제주특별자치도 제주시 연동 1371-5,33.4815414689,126.4896273009,자연드림 우측(성남빌딩 앞),연동119안전센터,Y,2002,3.6,제주소방서,064-729-0172,2024-02-07,1661000,소방청
제주연동-060,1,제주특별자치도,제주시,50110,제주특별자치도 제주시 국기로 13-1,제주특별자치도 제주시 연동 1482-2,33.48049311,126.4900067593,연동대림e편한세상1단지 동측출구,연동119안전센터,Y,2002,4.0,제주소방서,064-729-0172,2024-02-07,1661000,소방청
제주연동-059,1,제주특별자치도,제주시,50110,제주특별자치도 제주시 국기로 36,제주특별자치도 제주시 연동 1516-3,33.4785197756,126.4900645066,지젤발레건물 앞,연동119안전센터,Y,2002,4.2,제주소방서,064-729-0172,2024-02-07,1661000,소방청
제주연동-058,1,제주특별자치도,제주시,50110,제주특별자치도 제주시 연동 1519-1,제주특별자치도 제주시 연동 1519-1,33.4776473981,126.4897216301,해사랑어린이집 맞은편,연동119안전센터,Y,2002,4.5,제주소방서,064-729-0172,2024-02-07,1661000,소방청
제주연동-057,1,제주특별자치도,제주시,50110,제주특별자치도 제주시 연동 1537-1,제주특별자치도 제주시 연동 1537-1,33.476709987,126.4905448468,부림랜드 입구 맞은편,연동119안전센터,Y,2002,4.5,제주소방서,064-729-0172,2024-02-07,1661000,소방청
제주연동-056,1,제주특별자치도,제주시,50110,제주특별자치도 제주시 연화로 4길 2,제주특별자치도 제주시 연동 1531-1,33.47651057,126.4875521,수목원 삼계탕식당 앞 인도상,연동119안전센터,Y,2002,4.1,제주소방서,064-729-0172,2024-02-07,1661000,소방청
제주연동-055,1,제주특별자치도,제주시,50110,제주특별자치도 제주시 연화로 33,제주특별자치도 제주시 연동 1495,33.4787188791,126.4874492623,한라초등학교 사거리 모닝글로리 앞,연동119안전센터,Y,2002,4.2,제주소방서,064-729-0172,2024-02-07,1661000,소방청
제주연동-054,1,제주특별자치도,제주시,50110,제주특별자치도 제주시 연북로 66,제주특별자치도 제주시 연동 1370-3,33.4815732906,126.4882691,연동 에코파인 주상복합 앞 인도상,연동119안전센터,Y,2006,8.0,제주소방서,064-729-0172,2024-02-07,1661000,소방청
제주연동-053,1,제주특별자치도,제주시,50110,제주특별자치도 제주시 연동6길 33,제주특별자치도 제주시 연동 268-10,33.4829681646,126.4893245573,연동 라자관광호텔 앞 놀이터,연동119안전센터,Y,2006,3.5,제주소방서,064-729-0172,2024-02-07,1661000,소방청
제주연동-052,1,제주특별자치도,제주시,50110,제주특별자치도 제주시 연동4길 28,제주특별자치도 제주시 연동 256-18,33.483542226,126.4877339551,그랜드호텔 남측 탐라빌라 옆(탐라슈퍼 앞),연동119안전센터,N,1990,3.3,제주소방서,064-729-0172,2024-02-07,1661000,소방청
제주연동-051,1,제주특별자치도,제주시,50110,제주특별자치도 제주시 신광로 82,제주특별자치도 제주시 연동 263-9,33.48490311,126.4896927287,청향빌딩 해성수산 앞,연동119안전센터,Y,1999,4.0,제주소방서,064-729-0172,2024-02-07,1661000,소방청
제주연동-050,1,제주특별자치도,제주시,50110,제주특별자치도 제주시 신광로 95,제주특별자치도 제주시 연동 276-1,33.48358711,126.4901063193,연동 보오메꾸뜨르호텔 앞,연동119안전센터,Y,1997,3.5,제주소방서,064-729-0172,2024-02-07,1661000,소방청
제주연동-049,1,제주특별자치도,제주시,50110,제주특별자치도 제주시 신광로 103,제주특별자치도 제주시 연동 276-9,33.4828707325,126.4900763479,하늘그린아파트 앞 인도상,연동119안전센터,Y,1995,4.0,제주소방서,064-729-0172,2024-02-07,1661000,소방청
제주연동-048,1,제주특별자치도,제주시,50110,제주특별자치도 제주시 신대로 20길 49,제주특별자치도 제주시 연동 277-1,33.4835637908,126.4908887139,연동 펄관광호텔 서측 모퉁이,연동119안전센터,Y,1995,3.5,제주소방서,064-729-0172,2024-02-07,1661000,소방청
제주연동-047,1,제주특별자치도,제주시,50110,제주특별자치도 제주시 사장3길 32,제주특별자치도 제주시 연동 279-3,33.4831366114,126.4914805053,연동 하와이호텔 남동측 모서리 도로변,연동119안전센터,Y,1995,3.5,제주소방서,064-729-0172,2024-02-07,1661000,소방청
제주연동-046,1,제주특별자치도,제주시,50110,제주특별자치도 제주시 연북로 111,제주특별자치도 제주시 연동 1375,33.4820951498,126.4933219071,연동 한국건강관리협회 제주지부 앞,연동119안전센터,Y,1990,6.0,제주소방서,064-729-0172,2024-02-07,1661000,소방청
제주연동-045,1,제주특별자치도,제주시,50110,제주특별자치도 제주시 사장3길 14,제주특별자치도 제주시 연동 296-6,33.482974964,126.4933757461,,연동119안전센터,Y,1995,4.2,제주소방서,064-729-0172,2024-02-07,1661000,소방청
제주연동-044,1,제주특별자치도,제주시,50110,제주특별자치도 제주시 신대로 170,제주특별자치도 제주시 연동 306-13,33.4824987134,126.4951139971,씨티호텔 남측 20m 지점 인도상,연동119안전센터,Y,2002,4.0,제주소방서,064-729-0172,2024-02-07,1661000,소방청
제주연동-043,1,제주특별자치도,제주시,50110,제주특별자치도 제주시 연북로 146,제주특별자치도 제주시 연동 427-1,33.4814699139,126.497111923,유리네 식당 앞,연동119안전센터,Y,1995,4.0,제주소방서,064-729-0172,2024-02-07,1661000,소방청
제주연동-042,1,제주특별자치도,제주시,50110,제주특별자치도 제주시 신대로 144,제주특별자치도 제주시 연동 304-11,33.4844701537,126.4960707048,코아호텔 앞 인도상,연동119안전센터,Y,1990,2.5,제주소방서,064-729-0172,2024-02-07,1661000,소방청
제주연동-041,1,제주특별자치도,제주시,50110,제주특별자치도 제주시 신대로 151,제주특별자치도 제주시 연동 309,33.48374911,126.4966719637,연동 남경하이빌 건물 앞,연동119안전센터,Y,1990,3.4,제주소방서,064-729-0172,2024-02-07,1661000,소방청
제주연동-040,1,제주특별자치도,제주시,50110,제주특별자치도 제주시 선덕로 6길 25,제주특별자치도 제주시 연동 327,33.4833733338,126.4998687877,일본영사관 차고 옆 모퉁이,연동119안전센터,Y,1995,4.1,제주소방서,064-729-0172,2024-02-07,1661000,소방청
제주연동-039,1,제주특별자치도,제주시,50110,제주특별자치도 제주시 선덕로 6길 36,제주특별자치도 제주시 연동 319-18,33.4825276507,126.4994249838,대광빌라 동측 모퉁이,연동119안전센터,N,1990,4.1,제주소방서,064-729-0172,2024-02-07,1661000,소방청
제주연동-038,1,제주특별자치도,제주시,50110,제주특별자치도 제주시 아연로 10,제주특별자치도 제주시 연동 528-4,33.4807501315,126.4966355804,서울뚝배기 식당 맞은편,연동119안전센터,Y,2016,8.0,제주소방서,064-729-0172,2024-02-07,1661000,소방청
제주연동-037,1,제주특별자치도,제주시,50110,제주특별자치도 제주시 선덕로 8길 29,제주특별자치도 제주시 연동 330-6,33.48295111,126.5010311,신제주초등학교 동측 삼다빌라C동 앞,연동119안전센터,Y,1995,3.5,제주소방서,064-729-0172,2024-02-07,1661000,소방청
제주연동-036,1,제주특별자치도,제주시,50110,제주특별자치도 제주시 선덕로 5길 37,제주특별자치도 제주시 연동 323-14,33.4867588609,126.5006625586,연동 중앙중학교 남측 인도상,연동119안전센터,Y,1990,4.1,제주소방서,064-729-0172,2024-02-07,1661000,소방청
제주연동-035,1,제주특별자치도,제주시,50110,제주특별자치도 제주시 신대로 13길 19,제주특별자치도 제주시 연동 312-32,33.4877845263,126.4985669771,,연동119안전센터,Y,1990,3.5,제주소방서,064-729-0172,2024-02-07,1661000,소방청
제주연동-034,1,제주특별자치도,제주시,50110,제주특별자치도 제주시 문송길 14,제주특별자치도 제주시 연동 302-5,33.4884783809,126.4971180094,연동119센터 앞,연동119안전센터,Y,2002,4.0,제주소방서,064-729-0172,2024-02-07,1661000,소방청
제주연동-033,1,제주특별자치도,제주시,50110,제주특별자치도 제주시 신대로 104,제주특별자치도 제주시 연동 302-3,33.4879646772,126.4961915298,ZZZ제주흙돼지 남측 사거리 인도상,연동119안전센터,Y,1990,3.5,제주소방서,064-729-0172,2024-02-07,1661000,소방청
제주연동-032,1,제주특별자치도,제주시,50110,제주특별자치도 제주시 신대로 109,제주특별자치도 제주시 연동 303-17,33.4869613489,126.4971149415,연동 우리마트 남측 인도상,연동119안전센터,Y,1999,4.0,제주소방서,064-729-0172,2024-02-07,1661000,소방청
제주연동-031,1,제주특별자치도,제주시,50110,제주특별자치도 제주시 신대로 128,제주특별자치도 제주시 연동 303-15,33.4858517995,126.4960595831,연동사거리 새한온누리약국 앞,연동119안전센터,Y,1998,4.1,제주소방서,064-729-0172,2024-02-07,1661000,소방청
제주연동-030,1,제주특별자치도,제주시,50110,제주특별자치도 제주시 노연로 121,제주특별자치도 제주시 연동 293-12,33.4859968582,126.493337924,뉴월드마트 맞은편 주차장 앞 인도상,연동119안전센터,Y,2002,2.8,제주소방서,064-729-0172,2024-02-07,1661000,소방청
제주연동-029,1,제주특별자치도,제주시,50110,제주특별자치도 제주시 신대로 16길 44,제주특별자치도 제주시 연동 273-34,33.4871244027,126.4916898293,"구, 신제주종합시장 동남측 모서리",연동119안전센터,Y,1995,3.1,제주소방서,064-729-0172,2024-02-07,1661000,소방청
제주연동-028,1,제주특별자치도,제주시,50110,제주특별자치도 제주시 노연로 93,제주특별자치도 제주시 연동 273-21,33.4860127292,126.4902571,그랜드호텔사거리 왕왕노래연습장 앞 인도상,연동119안전센터,Y,1997,4.0,제주소방서,064-729-0172,2024-02-07,1661000,소방청
제주연동-027,1,제주특별자치도,제주시,50110,제주특별자치도 제주시 신광로 46,제주특별자치도 제주시 연동 261-20,33.487996274,126.4897230804,제원아파트입구 일루이제주점 앞 인도상,연동119안전센터,Y,2012,4.0,제주소방서,064-729-0172,2024-02-07,1661000,소방청
제주연동-026,1,제주특별자치도,제주시,50110,제주특별자치도 제주시 신광로 6길 14,제주특별자치도 제주시 연동 261-44,33.4880435659,126.4889909076,제원2차아파트 바동 사거리 서측모퉁이,연동119안전센터,Y,1990,3.0,제주소방서,064-729-0172,2024-02-07,1661000,소방청
제주연동-025,1,제주특별자치도,제주시,50110,제주특별자치도 제주시 노연로 61,제주특별자치도 제주시 연동 252-14,33.4861786208,126.4867868536,노연로 61 남측 인도상,연동119안전센터,Y,1990,3.8,제주소방서,064-729-0172,2024-02-07,1661000,소방청
제주연동-024,1,제주특별자치도,제주시,50110,제주특별자치도 제주시 도령로 86,제주특별자치도 제주시 연동 250-8,33.4902287644,126.4873344412,기아자동차판매점 남측면 인도상,연동119안전센터,Y,1990,3.5,제주소방서,064-729-0172,2024-02-07,1661000,소방청
제주연동-023,1,제주특별자치도,제주시,50110,제주특별자치도 제주시 도령로 66,제주특별자치도 제주시 연동 251-29,33.4893098846,126.485621028,맨하탄호텔 앞 인도상,연동119안전센터,Y,1997,4.0,제주소방서,064-729-0172,2024-02-07,1661000,소방청
제주연동-022,1,제주특별자치도,제주시,50110,제주특별자치도 제주시 도령로 83,제주특별자치도 제주시 연동 2324-6,33.4906745183,126.4865181,연동 롯데시티호텔 남서측 인도상,연동119안전센터,N,1995,3.5,제주소방서,064-729-0172,2024-02-07,1661000,소방청
제주연동-021,1,제주특별자치도,제주시,50110,제주특별자치도 제주시 성신로 18-12,제주특별자치도 제주시 연동 2319-1,33.4918694335,126.4866018593,제주45호 어린이공원 북측 모퉁이,연동119안전센터,Y,1990,3.5,제주소방서,064-729-0172,2024-02-07,1661000,소방청
제주연동-020,1,제주특별자치도,제주시,50110,제주특별자치도 제주시 성신로 18,제주특별자치도 제주시 연동 2319-5,33.49140511,126.4855130433,신광초등학교 동측 인도상(대일아파트 관리실 옆),연동119안전센터,Y,1995,4.0,제주소방서,064-729-0172,2024-02-07,1661000,소방청
제주연동-019,1,제주특별자치도,제주시,50110,제주특별자치도 제주시 성신로 38,제주특별자치도 제주시 연동 2302-4,33.49290711,126.4844124094,금강빌라 라동 앞,연동119안전센터,Y,1995,3.5,제주소방서,064-729-0172,2024-02-07,1661000,소방청
제주연동-018,1,제주특별자치도,제주시,50110,제주특별자치도 제주시 일주서로 7856,제주특별자치도 제주시 연동 2303-1,33.49353468,126.4858781,일주서로 7856 북측,연동119안전센터,Y,1995,3.7,제주소방서,064-729-0172,2024-02-07,1661000,소방청
제주연동-017,1,제주특별자치도,제주시,50110,제주특별자치도 제주시 제성3길10,제주특별자치도 제주시 연동 2448-11,33.49467511,126.4838471,,연동119안전센터,Y,1999,3.2,제주소방서,064-729-0172,2024-02-07,1661000,소방청
제주연동-016,1,제주특별자치도,제주시,50110,제주특별자치도 제주시 제성5길8,제주특별자치도 제주시 연동 2005-7,33.494411091,126.4856217484,,연동119안전센터,N,1999,3.5,제주소방서,064-729-0172,2024-02-07,1661000,소방청
제주연동-015,1,제주특별자치도,제주시,50110,제주특별자치도 제주시 일주서로 7874,제주특별자치도 제주시 연동 2305-2,33.4935024689,126.4877986259,세원카서비스 앞,연동119안전센터,Y,1995,3.5,제주소방서,064-729-0172,2024-02-07,1661000,소방청
제주연동-014,1,제주특별자치도,제주시,50110,제주특별자치도 제주시 도령로 128,제주특별자치도 제주시 연동 280-15,33.4926887546,126.4911179979,삼무파크빌 건물 앞,연동119안전센터,Y,1995,3.0,제주소방서,064-729-0172,2024-02-07,1661000,소방청
제주연동-013,1,제주특별자치도,제주시,50110,제주특별자치도 제주시 도령로 95,제주특별자치도 제주시 연동 2325-6,33.4912118155,126.4879560868,연동 타워프로빌주상복합 앞,연동119안전센터,Y,1995,4.0,제주소방서,064-729-0172,2024-02-07,1661000,소방청
제주연동-012,1,제주특별자치도,제주시,50110,제주특별자치도 제주시 일주서로 7881,제주특별자치도 제주시 연동 1939,33.4942039239,126.4883701965,순복음중앙교회 동측(머릿돌 앞),연동119안전센터,Y,1998,4.0,제주소방서,064-729-0172,2024-02-07,1661000,소방청
제주연동-011,1,제주특별자치도,제주시,50110,제주특별자치도 제주시 일주서로 7888,제주특별자치도 제주시 연동 2307-1,33.4935780707,126.4892082613,신성마을 남측 버스정류장 앞 인도상(신성카크리닉 앞),연동119안전센터,N,1995,3.9,제주소방서,064-729-0172,2024-02-07,1661000,소방청
제주연동-010,1,제주특별자치도,제주시,50110,제주특별자치도 제주시 도령로 119,제주특별자치도 제주시 연동 2331-3,33.4925244956,126.4898488901,삼성디지털프라자 A/S센터 남측 모서리,연동119안전센터,Y,1995,3.9,제주소방서,064-729-0172,2024-02-07,1661000,소방청
제주연동-009,1,제주특별자치도,제주시,50110,제주특별자치도 제주시 신광로 21,제주특별자치도 제주시 연동 271-6,33.4901334899,126.4903346408,올리브영건물(신광로21) 앞,연동119안전센터,Y,1997,4.0,제주소방서,064-729-0172,2024-02-07,1661000,소방청
제주연동-008,1,제주특별자치도,제주시,50110,제주특별자치도 제주시 삼무로 39,제주특별자치도 제주시 연동 271-17,33.4903013947,126.4910281,풋마트 건물(삼무로39) 건물 앞,연동119안전센터,Y,2012,3.5,제주소방서,064-729-0172,2024-02-07,1661000,소방청
제주연동-007,1,제주특별자치도,제주시,50110,제주특별자치도 제주시 삼무로 61,제주특별자치도 제주시 연동 281-28,33.4900319792,126.493194557,피오레건물(삼무로61) 앞,연동119안전센터,N,1990,3.4,제주소방서,064-729-0172,2024-02-07,1661000,소방청
제주연동-006,1,제주특별자치도,제주시,50110,제주특별자치도 제주시 삼무로 83,제주특별자치도 제주시 연동 291-44,33.4899931238,126.4956261689,현대자동차빌딩(삼무로83) 우측(공원인도),연동119안전센터,Y,2012,3.5,제주소방서,064-729-0172,2024-02-07,1661000,소방청
제주연동-005,1,제주특별자치도,제주시,50110,제주특별자치도 제주시 신대로 72,제주특별자치도 제주시 연동 301-7,33.4909579046,126.4961992683,현일센트럴파크뷰아파트 앞,연동119안전센터,Y,2011,3.6,제주소방서,064-729-0172,2024-02-07,1661000,소방청
제주연동-004,1,제주특별자치도,제주시,50110,제주특별자치도 제주시 삼무로11길 9,제주특별자치도 제주시 연동 300-3,33.4926282554,126.4962587854,남해오네뜨 건물 북측 20m 지점,연동119안전센터,Y,2011,3.5,제주소방서,064-729-0172,2024-02-07,1661000,소방청
제주연동-003,1,제주특별자치도,제주시,50110,제주특별자치도 제주시 신대로7길 20,제주특별자치도 제주시 연동 311-15,33.4916543838,126.4985998739,새롬빌라 동측 어린이 놀이터 모퉁이,연동119안전센터,Y,1990,3.5,제주소방서,064-729-0172,2024-02-07,1661000,소방청
제주연동-002,1,제주특별자치도,제주시,50110,제주특별자치도 제주시 문연로 35,제주특별자치도 제주시 연동 321-22,33.4905581288,126.5014803815,MBC 방송국정문 동측,연동119안전센터,Y,1990,3.9,제주소방서,064-729-0172,2024-02-07,1661000,소방청
제주연동-001,1,제주특별자치도,제주시,50110,제주특별자치도 제주시 연삼로 64,제주특별자치도 제주시 연동 310-20,33.4932300818,126.4990199268,연동 세기아파트 A동앞 동측 모서리,연동119안전센터,Y,1990,4.0,제주소방서,064-729-0172,2024-02-07,1661000,소방청
제주-삼도113호,1,제주특별자치도,제주시,65001,제주특별자치도 제주시 흥운3길 3-3,제주특별자치도 제주시 용담이동 616-7,33.51018911,126.5090914988,골목안 건물 남측,삼도119안전센터,Y,2022,2.5,제주소방서,064-729-0134,2024-02-07,1661000,소방청
제주-삼도112호,1,제주특별자치도,제주시,65001,제주특별자치도 제주시 중앙로 26길 11,제주특별자치도 제주시 삼도이동 294-24,33.50551911,126.5242171,미듬수산 옆,삼도119안전센터,Y,2020,2.5,제주소방서,064-729-0134,2024-02-07,1661000,소방청
제주-삼도111호,1,제주특별자치도,제주시,65001,제주특별자치도 제주시 월성로2길 8,제주특별자치도 제주시 용담이동 744-25,33.50347211,126.5035111,,삼도119안전센터,Y,2019,3.0,제주소방서,064-729-0134,2024-02-07,1661000,소방청
제주-삼도110호,1,제주특별자치도,제주시,65001,제주특별자치도 제주시 서해안로 380,제주특별자치도 제주시 용담삼동 2572-4,33.5123994033,126.4845099571,화이트하우스 맞은편,삼도119안전센터,Y,2017,3.0,제주소방서,064-729-0134,2024-02-07,1661000,소방청
제주-삼도109호,1,제주특별자치도,제주시,65001,제주특별자치도 제주시 용해로 27,제주특별자치도 제주시 용담삼동 1015-1,33.51472311,126.5028486677,바다추억 입구,삼도119안전센터,Y,2015,3.0,제주소방서,064-729-0134,2024-02-07,1661000,소방청
제주-삼도108호,1,제주특별자치도,제주시,65001,제주특별자치도 제주시 흥운길 44,제주특별자치도 제주시 용담이동 359-81,33.5125686768,126.5126761,동해야 옆,삼도119안전센터,N,2015,3.0,제주소방서,064-729-0134,2024-02-07,1661000,소방청
제주-삼도107호,1,제주특별자치도,제주시,65001,제주특별자치도 제주시 용마로 1,제주특별자치도 제주시 용담삼동 932-9,33.51347111,126.5056002059,돈떵이 앞,삼도119안전센터,Y,2010,2.7,제주소방서,064-729-0134,2024-02-07,1661000,소방청
제주-삼도106호,1,제주특별자치도,제주시,65001,제주특별자치도 제주시 용마로3길 15,제주특별자치도 제주시 용담삼동 531-15,33.5149086621,126.5062337781,클린하우스 옆,삼도119안전센터,Y,2010,2.5,제주소방서,064-729-0134,2024-02-07,1661000,소방청
제주-삼도105호,1,제주특별자치도,제주시,65001,제주특별자치도 제주시 성화로 26,제주특별자치도 제주시 용담이동 930-8,33.51212111,126.5056410788,BHC치킨 앞,삼도119안전센터,Y,2010,2.5,제주소방서,064-729-0134,2024-02-07,1661000,소방청
제주-삼도104호,1,제주특별자치도,제주시,65001,제주특별자치도 제주시 용담로1길 5,제주특별자치도 제주시 용담삼동 586-37,33.51356211,126.5068286975,도고수산 앞,삼도119안전센터,Y,2010,2.7,제주소방서,064-729-0134,2024-02-07,1661000,소방청
제주-삼도103호,1,제주특별자치도,제주시,65001,제주특별자치도 제주시 용두암길 16,제주특별자치도 제주시 용담이동 481-25,33.5145423532,126.5122893519,CU편의점 앞,삼도119안전센터,Y,2015,3.0,제주소방서,064-729-0134,2024-02-07,1661000,소방청
제주-삼도102호,1,제주특별자치도,제주시,65001,제주특별자치도 제주시 남성로 148,제주특별자치도 제주시 삼도이동 811-6,33.50907991,126.5211286,남초등학교 정문 맞은편 도로상,삼도119안전센터,Y,2014,1.5,제주소방서,064-729-0134,2024-02-07,1661000,소방청
제주-삼도101호,1,제주특별자치도,제주시,65001,제주특별자치도 제주시 용해로 129,제주특별자치도 제주시 용담이동 751-38,33.5063687287,126.5061261,추억만들기펜션 앞,삼도119안전센터,Y,2013,2.5,제주소방서,064-729-0134,2024-02-07,1661000,소방청
제주-삼도100호,1,제주특별자치도,제주시,65001,제주특별자치도 제주시 용문로 20,제주특별자치도 제주시 용담이동 1524-12,33.5048924351,126.4983968813,덤장향토 앞,삼도119안전센터,Y,2012,,제주소방서,064-729-0134,2024-02-07,1661000,소방청
제주-삼도99호,1,제주특별자치도,제주시,65001,제주특별자치도 제주시 서해안로 580,제주특별자치도 제주시 용담삼동 1089,33.51823411,126.4994427477,레포츠공원 주자창 앞,삼도119안전센터,Y,2011,2.0,제주소방서,064-729-0134,2024-02-07,1661000,소방청
제주-삼도98호,1,제주특별자치도,제주시,65001,제주특별자치도 제주시 용담로5길 19,제주특별자치도 제주시 용담삼동 581-7,33.51466511,126.5081338207,큰기쁨교회 앞,삼도119안전센터,Y,2010,2.0,제주소방서,064-729-0134,2024-02-07,1661000,소방청
제주-삼도97호,1,제주특별자치도,제주시,65001,제주특별자치도 제주시 중앙로 132,제주특별자치도 제주시 삼도이동 1234-1,33.50687441,126.5246996,남문약국 북측 도로상,삼도119안전센터,Y,2010,2.0,제주소방서,064-729-0134,2024-02-07,1661000,소방청
제주-삼도96호,1,제주특별자치도,제주시,65001,제주특별자치도 제주시 용문로12길 29,제주특별자치도 제주시 용담이동 2690-15,33.50459411,126.5111271,도로 앞,삼도119안전센터,Y,2009,1.8,제주소방서,064-729-0134,2024-02-07,1661000,소방청
제주-삼도95호,1,제주특별자치도,제주시,65001,제주특별자치도 제주시 용화로9길 5,제주특별자치도 제주시 용담이동 616-127,33.51024811,126.5078714485,8997버거 앞,삼도119안전센터,Y,2009,1.8,제주소방서,064-729-0134,2024-02-07,1661000,소방청
제주-삼도94호,1,제주특별자치도,제주시,65001,제주특별자치도 제주시 용문로18길 35,제주특별자치도 제주시 용담이동 2688-26,33.50515311,126.5104571,남측 맞은편,삼도119안전센터,Y,2009,1.8,제주소방서,064-729-0134,2024-02-07,1661000,소방청
제주-삼도93호,1,제주특별자치도,제주시,65001,제주특별자치도 제주시 용문로 162,제주특별자치도 제주시 용담이동 2678-1,33.50881411,126.5107391,제주은행 앞,삼도119안전센터,Y,2009,1.8,제주소방서,064-729-0134,2024-02-07,1661000,소방청
제주-삼도92호,1,제주특별자치도,제주시,65001,제주특별자치도 제주시 무근성안길 15,제주특별자치도 제주시 삼도이동 1100-3,33.51488081,126.5203827137,무근성안길 정자 앞,삼도119안전센터,Y,2009,1.8,제주소방서,064-729-0134,2024-02-07,1661000,소방청
제주-삼도91호,1,제주특별자치도,제주시,65001,제주특별자치도 제주시 용연길 11,제주특별자치도 제주시 용담이동 475-13,33.51334111,126.5116111,용연길13빌 앞,삼도119안전센터,Y,2009,1.8,제주소방서,064-729-0134,2024-02-07,1661000,소방청
제주-삼도90호,1,제주특별자치도,제주시,65001,제주특별자치도 제주시 용문로20길 13,제주특별자치도 제주시 용담이동 2683-9,33.50789711,126.5109478527,제주은행 동남측,삼도119안전센터,Y,2009,1.8,제주소방서,064-729-0134,2024-02-07,1661000,소방청
제주-삼도89호,1,제주특별자치도,제주시,65001,제주특별자치도 제주시 용문로20길 5-2,제주특별자치도 제주시 용담이동 2685-1,33.50817611,126.5107661,제주은행 남측,삼도119안전센터,Y,2009,1.8,제주소방서,064-729-0134,2024-02-07,1661000,소방청
제주-삼도88호,1,제주특별자치도,제주시,65001,제주특별자치도 제주시 용담로4길 2,제주특별자치도 제주시 용담이동 606-2,33.5114127509,126.5077293381,골목입구 우측,삼도119안전센터,Y,2009,1.8,제주소방서,064-729-0134,2024-02-07,1661000,소방청
제주-삼도87호,1,제주특별자치도,제주시,65001,제주특별자치도 제주시 용담로4길 11,제주특별자치도 제주시 용담이동 593-23,33.5122746055,126.5075541866,교차로 남서측,삼도119안전센터,Y,2009,1.8,제주소방서,064-729-0134,2024-02-07,1661000,소방청
제주-삼도86호,1,제주특별자치도,제주시,65001,제주특별자치도 제주시 성화로 25,제주특별자치도 제주시 용담이동 930-11,33.51212111,126.5053482123,엄마뼈해장국 옆,삼도119안전센터,Y,2009,1.8,제주소방서,064-729-0134,2024-02-07,1661000,소방청
제주-삼도85호,1,제주특별자치도,제주시,65001,제주특별자치도 제주시 성화로1길 26,제주특별자치도 제주시 용담이동 938-5,33.51215511,126.5038721797,은하수음악학원 맞은편,삼도119안전센터,Y,2009,1.8,제주소방서,064-729-0134,2024-02-07,1661000,소방청
제주-삼도84호,1,제주특별자치도,제주시,65001,제주특별자치도 제주시 탑동해안로 66,제주특별자치도 제주시 삼도이동 1260,33.51836111,126.5223424,제주국제교육원 맞은편 도로상,삼도119안전센터,Y,2009,2.5,제주소방서,064-729-0134,2024-02-07,1661000,소방청
제주-삼도83호,1,제주특별자치도,제주시,65001,제주특별자치도 제주시 남성로 26길 12,제주특별자치도 제주시 삼도이동 248-178,33.5083974516,126.5230979898,탑동병원 주차장 출구 서측 50M,삼도119안전센터,Y,2009,2.5,제주소방서,064-729-0134,2024-02-07,1661000,소방청
제주-삼도82호,1,제주특별자치도,제주시,65001,제주특별자치도 제주시 비룡2길 11,제주특별자치도 제주시 용담일동 15,33.51372411,126.5173271,황우체육관 서측,삼도119안전센터,Y,2007,2.5,제주소방서,064-729-0134,2024-02-07,1661000,소방청
제주-삼도81호,1,제주특별자치도,제주시,65001,제주특별자치도 제주시 비룡1길 15,제주특별자치도 제주시 용담일동 90,33.51212111,126.5171681,장성빌라 동측,삼도119안전센터,Y,2007,2.5,제주소방서,064-729-0134,2024-02-07,1661000,소방청
제주-삼도80호,1,제주특별자치도,제주시,65001,제주특별자치도 제주시 서문로 67-1,제주특별자치도 제주시 용담일동 101-1,33.51213711,126.5181631,삼성상사 옆,삼도119안전센터,Y,2007,2.5,제주소방서,064-729-0134,2024-02-07,1661000,소방청
제주-삼도79호,1,제주특별자치도,제주시,65001,제주특별자치도 제주시 비룡길 5,제주특별자치도 제주시 용담일동 109,33.512582094,126.5183941,금화탕 동측,삼도119안전센터,Y,2007,1.8,제주소방서,064-729-0134,2024-02-07,1661000,소방청
제주-삼도78호,1,제주특별자치도,제주시,65001,제주특별자치도 제주시 용문로17길 26,제주특별자치도 제주시 용담이동 655-9,33.50791211,126.5068811,교차로 중앙,삼도119안전센터,Y,2007,2.0,제주소방서,064-729-0134,2024-02-07,1661000,소방청
제주-삼도77호,1,제주특별자치도,제주시,65001,제주특별자치도 제주시 용마로3길 10-2,제주특별자치도 제주시 용담삼동 531-40,33.51495411,126.5054728679,팔각정 앞,삼도119안전센터,Y,2006,2.0,제주소방서,064-729-0134,2024-02-07,1661000,소방청
제주-삼도76호,1,제주특별자치도,제주시,65001,제주특별자치도 제주시 서해안로 612,제주특별자치도 제주시 용담삼동 1026-9,33.5170754317,126.5024436579,해월정 앞,삼도119안전센터,Y,2005,2.0,제주소방서,064-729-0134,2024-02-07,1661000,소방청
제주-삼도75호,1,제주특별자치도,제주시,65001,제주특별자치도 제주시 용화로5길 14,제주특별자치도 제주시 용담이동 609-68,33.5111667261,126.5066009521,남양맨션 가동앞,삼도119안전센터,Y,2004,2.0,제주소방서,064-729-0134,2024-02-07,1661000,소방청
제주-삼도74호,1,제주특별자치도,제주시,65001,제주특별자치도 제주시 중앙로 22길 33-1,제주특별자치도 제주시 삼도이동 259-56,33.5077663395,126.5215083916,삼도이동 동우세탁소 서측 50M지점,삼도119안전센터,Y,2004,1.8,제주소방서,064-729-0134,2024-02-07,1661000,소방청
제주-삼도73호,1,제주특별자치도,제주시,65001,제주특별자치도 제주시 중앙로 22길 27,제주특별자치도 제주시 삼도이동 259-46,33.50732311,126.5218296,삼도이동 남성자치마을 동우세탁소앞,삼도119안전센터,Y,2004,1.8,제주소방서,064-729-0134,2024-02-07,1661000,소방청
제주-삼도72호,1,제주특별자치도,제주시,65001,제주특별자치도 제주시 서해안로 516,제주특별자치도 제주시 용담삼동 2292,33.5197893126,126.4941211582,CU편의점 옆,삼도119안전센터,Y,2003,1.8,제주소방서,064-729-0134,2024-02-07,1661000,소방청
제주-삼도71호,1,제주특별자치도,제주시,65001,제주특별자치도 제주시 명신1길 19,제주특별자치도 제주시 용담이동 707-6,33.50003611,126.5009151,명신부락 입구,삼도119안전센터,Y,2014,1.8,제주소방서,064-729-0134,2024-02-07,1661000,소방청
제주-삼도70호,1,제주특별자치도,제주시,65001,제주특별자치도 제주시 서문로 2길 22,제주특별자치도 제주시 용담일동 165-9,33.5101499481,126.5174344,금성탕 옆,삼도119안전센터,Y,2001,1.8,제주소방서,064-729-0134,2024-02-07,1661000,소방청
제주-삼도69호,1,제주특별자치도,제주시,65001,제주특별자치도 제주시 관덕로 26,제주특별자치도 제주시 삼도이동 57-2,33.51287051,126.5219573,관덕정 정문 맞은편 도로상,삼도119안전센터,Y,1900,1.8,제주소방서,064-729-0134,2024-02-07,1661000,소방청
제주-삼도68호,1,제주특별자치도,제주시,65001,제주특별자치도 제주시 관덕로 32-1,제주특별자치도 제주시 삼도이동 72-3,33.51307851,126.5227249,중앙지하상가 12번 게이트 뒷편 도로상,삼도119안전센터,Y,1999,2.1,제주소방서,064-729-0134,2024-02-07,1661000,소방청
제주-삼도67호,1,제주특별자치도,제주시,65001,제주특별자치도 제주시 관덕로 8길 14,제주특별자치도 제주시 삼도이동 114,33.5114980894,126.5229984286,천주교제주교구청 남측 클린하우스 옆,삼도119안전센터,Y,2018,1.8,제주소방서,064-729-0134,2024-02-07,1661000,소방청
제주-삼도66호,1,제주특별자치도,제주시,65001,제주특별자치도 제주시 관덕로 6길 14-1,제주특별자치도 제주시 삼도이동 63-2,33.51183511,126.5218661,삼도이동 동사무소 맞은편,삼도119안전센터,Y,1999,1.8,제주소방서,064-729-0134,2024-02-07,1661000,소방청
제주-삼도65호,1,제주특별자치도,제주시,65001,제주특별자치도 제주시 관덕로 2길 13,제주특별자치도 제주시 삼도이동 907-13,33.51181531,126.5207958462,제주성내교회 남측 10M,삼도119안전센터,Y,1989,1.9,제주소방서,064-729-0134,2024-02-07,1661000,소방청
제주-삼도64호,1,제주특별자치도,제주시,65001,제주특별자치도 제주시 중앙로 14길 20,제주특별자치도 제주시 삼도이동 108-14,33.51141471,126.5221904,제주대학교 창업보육센터 맞은편 도로상,삼도119안전센터,Y,2018,1.9,제주소방서,064-729-0134,2024-02-07,1661000,소방청
제주-삼도63호,1,제주특별자치도,제주시,65001,제주특별자치도 제주시 관덕로 8길 42,제주특별자치도 제주시 삼도이동 195-1,33.5098045381,126.5232551559,남문사거리 우무 앞 도로상,삼도119안전센터,Y,2016,1.8,제주소방서,064-729-0134,2024-02-07,1661000,소방청
제주-삼도62호,1,제주특별자치도,제주시,65001,제주특별자치도 제주시 남성로 23길 9,제주특별자치도 제주시 삼도이동 826-3,33.51003411,126.5216758,남초등학교 동측 도로상,삼도119안전센터,Y,1998,1.8,제주소방서,064-729-0134,2024-02-07,1661000,소방청
제주-삼도61호,1,제주특별자치도,제주시,65001,제주특별자치도 제주시 서사로 41,제주특별자치도 제주시 삼도이동 801-9,33.50876041,126.5201632,하나요양병원 맞은편 도로상,삼도119안전센터,Y,1998,1.8,제주소방서,064-729-0134,2024-02-07,1661000,소방청
제주-삼도60호,1,제주특별자치도,제주시,65001,제주특별자치도 제주시 남중서 2길 1,제주특별자치도 제주시 삼도이동 248-96,33.5070956669,126.5229486,남성마을방범초소 맞은편,삼도119안전센터,Y,1998,1.8,제주소방서,064-729-0134,2024-02-07,1661000,소방청
제주-삼도59호,1,제주특별자치도,제주시,65001,제주특별자치도 제주시 중앙로 26길 24,제주특별자치도 제주시 삼도이동 1240-6,33.50552791,126.5229831,미듬냉동수산 앞,삼도119안전센터,Y,2023,1.8,제주소방서,064-729-0134,2024-02-07,1661000,소방청
제주-삼도58호,1,제주특별자치도,제주시,65001,제주특별자치도 제주시 서사로 73,제주특별자치도 제주시 삼도이동 599-3,33.50593841,126.5201944,수미안아파트 앞 도로상,삼도119안전센터,Y,1997,1.7,제주소방서,064-729-0134,2024-02-07,1661000,소방청
제주-삼도57호,1,제주특별자치도,제주시,65001,제주특별자치도 제주시 서사로 87,제주특별자치도 제주시 삼도이동 595-7,33.50455031,126.5201026,제주중앙 여자중학교 버스정류장 남측 10M,삼도119안전센터,Y,2015,2.7,제주소방서,064-729-0134,2024-02-07,1661000,소방청
제주-삼도56호,1,제주특별자치도,제주시,65001,제주특별자치도 제주시 전농로 81,제주특별자치도 제주시 삼도이동 593-12,33.50451721,126.5219137,제주국제교육원 맞은편 도로상,삼도119안전센터,Y,1997,1.9,제주소방서,064-729-0134,2024-02-07,1661000,소방청
제주-삼도55호,1,제주특별자치도,제주시,65001,제주특별자치도 제주시 용문로18길 55,제주특별자치도 제주시 용담이동 2694-14,33.50347111,126.5105821,동산마을입구,삼도119안전센터,Y,2000,2.0,제주소방서,064-729-0134,2024-02-07,1661000,소방청
제주-삼도54호,1,제주특별자치도,제주시,65001,제주특별자치도 제주시 흥운길 63-4,제주특별자치도 제주시 용담이동 464-12,33.5144865005,126.5132341,게스트하우스 앞,삼도119안전센터,Y,2000,2.0,제주소방서,064-729-0134,2024-02-07,1661000,소방청
제주-삼도53호,1,제주특별자치도,제주시,65001,제주특별자치도 제주시 용해로 55,제주특별자치도 제주시 용담이동 924-5,33.51220311,126.5030936772,비바리농수산마트 앞,삼도119안전센터,Y,1999,2.5,제주소방서,064-729-0134,2024-02-07,1661000,소방청
제주-삼도52호,1,제주특별자치도,제주시,65001,제주특별자치도 제주시 용한로 56,제주특별자치도 제주시 용담일동 334,33.51296111,126.5156631,상우빌라 입구,삼도119안전센터,Y,1999,3.5,제주소방서,064-729-0134,2024-02-07,1661000,소방청
제주-삼도51호,1,제주특별자치도,제주시,65001,제주특별자치도 제주시 용담로 12,제주특별자치도 제주시 용담이동 935-21,33.51332811,126.5040360379,공항유리 앞,삼도119안전센터,Y,1997,1.8,제주소방서,064-729-0134,2024-02-07,1661000,소방청
제주-삼도50호,1,제주특별자치도,제주시,65001,제주특별자치도 제주시 용문로 131,제주특별자치도 제주시 용담이동 673-1,33.5066015125,126.5086831,현대주유소 앞,삼도119안전센터,Y,1988,1.8,제주소방서,064-729-0134,2024-02-07,1661000,소방청
제주-삼도49호,1,제주특별자치도,제주시,65001,제주특별자치도 제주시 용문로 147,제주특별자치도 제주시 용담이동 641-5,33.50807111,126.5094631,용담이동우편취급국 맞은편,삼도119안전센터,Y,1996,2.0,제주소방서,064-729-0134,2024-02-07,1661000,소방청
제주-삼도48호,1,제주특별자치도,제주시,65001,제주특별자치도 제주시 용문로 115-2,제주특별자치도 제주시 용담이동 675,33.5054538462,126.5079953249,삼화페인트 맞은편,삼도119안전센터,Y,1996,1.7,제주소방서,064-729-0134,2024-02-07,1661000,소방청
제주-삼도47호,1,제주특별자치도,제주시,65001,제주특별자치도 제주시 용원길 12,제주특별자치도 제주시 용담이동 2716-14,33.50416611,126.5082915264,원화부락 입구,삼도119안전센터,Y,1996,2.1,제주소방서,064-729-0134,2024-02-07,1661000,소방청
제주-삼도46호,1,제주특별자치도,제주시,65001,제주특별자치도 제주시 용화로 9,제주특별자치도 제주시 용담이동 885,33.51021611,126.5045313613,농림축산검역본부 앞,삼도119안전센터,Y,1995,2.5,제주소방서,064-729-0134,2024-02-07,1661000,소방청
제주-삼도45호,1,제주특별자치도,제주시,65001,제주특별자치도 제주시 용화로 44,제주특별자치도 제주시 용담이동 627,33.5093345732,126.5080351,용화로 정류장 앞,삼도119안전센터,Y,1995,1.8,제주소방서,064-729-0134,2024-02-07,1661000,소방청
제주-삼도44호,1,제주특별자치도,제주시,65001,제주특별자치도 제주시 용화로 64,제주특별자치도 제주시 용담이동 625-3,33.50914611,126.5100995044,창신이용원 앞,삼도119안전센터,Y,1995,2.0,제주소방서,064-729-0134,2024-02-07,1661000,소방청
제주-삼도43호,1,제주특별자치도,제주시,65001,제주특별자치도 제주시 용문로18길 44,제주특별자치도 제주시 용담이동 2702-8,33.50446111,126.5099691,오행생식원 서측,삼도119안전센터,Y,1994,2.0,제주소방서,064-729-0134,2024-02-07,1661000,소방청
제주-삼도42호,1,제주특별자치도,제주시,65001,제주특별자치도 제주시 성화로 20,제주특별자치도 제주시 용담이동 608-3,33.5116952078,126.5055871,용담어린이집 앞,삼도119안전센터,Y,1994,2.0,제주소방서,064-729-0134,2024-02-07,1661000,소방청
제주-삼도41호,1,제주특별자치도,제주시,65001,제주특별자치도 제주시 용담로 36,제주특별자치도 제주시 용담이동 592-7,33.51293311,126.5063891,미화빌라 앞,삼도119안전센터,Y,1994,2.0,제주소방서,064-729-0134,2024-02-07,1661000,소방청
제주-삼도40호,1,제주특별자치도,제주시,65001,제주특별자치도 제주시 용화로11길 17,제주특별자치도 제주시 용담이동 617-6,33.51107411,126.5091561,푸르넷교습소 앞,삼도119안전센터,Y,1993,2.0,제주소방서,064-729-0134,2024-02-07,1661000,소방청
제주-삼도39호,1,제주특별자치도,제주시,65001,제주특별자치도 제주시 용담로 62,제주특별자치도 제주시 용담이동 598-4,33.51261111,126.5093511,사대부고정문 앞,삼도119안전센터,Y,1993,2.1,제주소방서,064-729-0134,2024-02-07,1661000,소방청
제주-삼도38호,1,제주특별자치도,제주시,65001,제주특별자치도 제주시 용담로 89,제주특별자치도 제주시 용담이동 359-60,33.5123006773,126.5122591,GS25 편의점 앞,삼도119안전센터,Y,1988,1.8,제주소방서,064-729-0134,2024-02-07,1661000,소방청
제주-삼도37호,1,제주특별자치도,제주시,65001,제주특별자치도 제주시 서광로 53,제주특별자치도 제주시 용담이동 2786,33.4993894052,126.5021095644,명신부락 앞,삼도119안전센터,Y,1992,2.3,제주소방서,064-729-0134,2024-02-07,1661000,소방청
제주-삼도36호,1,제주특별자치도,제주시,65001,제주특별자치도 제주시 한천로 23,제주특별자치도 제주시 용담이동 2621-11,33.5016580157,126.5082797099,썬렌트카 앞,삼도119안전센터,Y,1992,1.9,제주소방서,064-729-0134,2024-02-07,1661000,소방청
제주-삼도35호,1,제주특별자치도,제주시,65001,제주특별자치도 제주시 월성로 17-1,제주특별자치도 제주시 용담이동 2743-25,33.50262811,126.5049961,팔도농수산 앞,삼도119안전센터,Y,1992,,제주소방서,064-729-0134,2024-02-07,1661000,소방청
제주-삼도34호,1,제주특별자치도,제주시,65001,제주특별자치도 제주시 서광로 151,제주특별자치도 제주시 용담일동 2651-6,33.50034711,126.5125991,한라민속관 옆,삼도119안전센터,Y,1988,2.0,제주소방서,064-729-0134,2024-02-07,1661000,소방청
제주-삼도33호,1,제주특별자치도,제주시,65001,제주특별자치도 제주시 전농로 2,제주특별자치도 제주시 용담일동 2814,33.50437811,126.5132372039,GS25 앞,삼도119안전센터,Y,1991,2.3,제주소방서,064-729-0134,2024-02-07,1661000,소방청
제주-삼도32호,1,제주특별자치도,제주시,65001,제주특별자치도 제주시 다호7길 28,제주특별자치도 제주시 용담이동 1942,33.5028807233,126.4929937719,레드캡랜터카 앞,삼도119안전센터,Y,2022,4.0,제주소방서,064-729-0134,2024-02-07,1661000,소방청
제주-삼도31호,1,제주특별자치도,제주시,65001,제주특별자치도 제주시 남성로 30,제주특별자치도 제주시 용담일동 2818-10,33.5026779366,126.5132448311,금호타이어 앞,삼도119안전센터,Y,1988,3.0,제주소방서,064-729-0134,2024-02-07,1661000,소방청
제주-삼도30호,1,제주특별자치도,제주시,65001,제주특별자치도 제주시 남성로11길 33,제주특별자치도 제주시 용담일동 258-14,33.50774811,126.5118971,대창빌라 앞,삼도119안전센터,Y,1991,2.0,제주소방서,064-729-0134,2024-02-07,1661000,소방청
제주-삼도29호,1,제주특별자치도,제주시,65001,제주특별자치도 제주시 서문로 4-1,제주특별자치도 제주시 용담일동 243-2,33.5092253986,126.5120810044,동아금속 앞,삼도119안전센터,Y,1991,2.0,제주소방서,064-729-0134,2024-02-07,1661000,소방청
제주-삼도28호,1,제주특별자치도,제주시,65001,제주특별차지도 제주시 용남3길 19-1,제주특별자치도 제주시 용담일동 257-16,33.50877411,126.5122961,수녀원서측,삼도119안전센터,Y,1987,2.0,제주소방서,064-729-0134,2024-02-07,1661000,소방청
제주-삼도27호,1,제주특별자치도,제주시,65001,제주특별자치도 제주시 용남1길 1,제주특별자치도 제주시 용담일동 237-1,33.50797311,126.5153825223,GS25 앞,삼도119안전센터,Y,1990,2.0,제주소방서,064-729-0134,2024-02-07,1661000,소방청
제주-삼도26호,1,제주특별자치도,제주시,65001,제주특별자치도 제주시 용담로 135,제주특별자치도 제주시 용담일동 228-24,33.50924311,126.5157411,용담주유소 앞,삼도119안전센터,Y,2016,2.0,제주소방서,064-729-0134,2024-02-07,1661000,소방청
제주-삼도25호,1,제주특별자치도,제주시,65001,제주특별자치도 제주시 용담로 113,제주특별자치도 제주시 용담일동 310-14,33.51072911,126.5140847765,GS25 앞,삼도119안전센터,Y,1999,2.0,제주소방서,064-729-0134,2024-02-07,1661000,소방청
제주-삼도24호,1,제주특별자치도,제주시,65001,제주특별자치도 제주시 서문로 50,제주특별자치도 제주시 용담일동 137-14,33.51095111,126.5165431,이조민속가구 앞,삼도119안전센터,N,2002,1.8,제주소방서,064-729-0134,2024-02-07,1661000,소방청
제주-삼도23호,1,제주특별자치도,제주시,65001,제주특별자치도 제주시 서문로4길 13-2,제주특별자치도 제주시 용담일동 135-9,33.51136511,126.5179251,희정한복점 앞,삼도119안전센터,N,2002,2.0,제주소방서,064-729-0134,2024-02-07,1661000,소방청
제주-삼도22호,1,제주특별자치도,제주시,65001,제주특별자치도 제주시 서문로6길 16,제주특별자치도 제주시 용담일동 162-1,33.5105695803,126.5184408449,진양식당 앞,삼도119안전센터,N,2002,2.0,제주소방서,064-729-0134,2024-02-07,1661000,소방청
제주-삼도21호,1,제주특별자치도,제주시,65001,제주특별자치도 제주시 서문로6길 10,제주특별자치도 제주시 용담일동 157-12,33.51104811,126.5184421,장안슈퍼 앞,삼도119안전센터,Y,2002,1.8,제주소방서,064-729-0134,2024-02-07,1661000,소방청
제주-삼도20호,1,제주특별자치도,제주시,65001,제주특별자치도 제주시 서문로 37,제주특별자치도 제주시 용담일동 299-14,33.51083911,126.5152181,스쿠터대여점 앞,삼도119안전센터,Y,2016,2.0,제주소방서,064-729-0134,2024-02-07,1661000,소방청
제주-삼도19호,1,제주특별자치도,제주시,65001,제주특별자치도 제주시 서문로 66-2,제주특별자치도 제주시 용담일동 135-1,33.51182611,126.5182311,영신약국 앞,삼도119안전센터,N,2002,1.8,제주소방서,064-729-0134,2024-02-07,1661000,소방청
제주-삼도18호,1,제주특별자치도,제주시,65001,제주특별자치도 제주시 비룡길 10,제주특별자치도 제주시 용담일동 37,33.51294611,126.5179911,금화탕 북측,삼도119안전센터,Y,2002,2.0,제주소방서,064-729-0134,2024-02-07,1661000,소방청
제주-삼도17호,1,제주특별자치도,제주시,65001,제주특별자치도 제주시 탑동로 2길 3,제주특별자치도 제주시 삼도이동 1261-6,33.51771671,126.5233204,해변공연장 서측,삼도119안전센터,Y,2002,1.9,제주소방서,064-729-0134,2024-02-07,1661000,소방청
제주-삼도16호,1,제주특별자치도,제주시,65001,제주특별자치도 제주시 탑동해안로 66,제주특별자치도 제주시 삼도이동 1260,33.51836111,126.5223424,이마트제주점 주차장 출구 앞,삼도119안전센터,Y,2003,1.9,제주소방서,064-729-0134,2024-02-07,1661000,소방청
제주-삼도15호,1,제주특별자치도,제주시,65001,제주특별자치도 제주시 탑동해안로 46,제주특별자치도 제주시 삼도이동 1256,33.51872511,126.5202034894,탑동해안로 도로변,삼도119안전센터,Y,1999,1.9,제주소방서,064-729-0134,2024-02-07,1661000,소방청
제주-삼도14호,1,제주특별자치도,제주시,65001,제주특별자치도 제주시 탑동로 66,제주특별자치도 제주시 삼도이동 1254,33.5188061398,126.5181384925,라마다프라자호텔 북측,삼도119안전센터,Y,2003,1.9,제주소방서,064-729-0134,2024-02-07,1661000,소방청
제주-삼도13호,1,제주특별자치도,제주시,65001,제주특별자치도 제주시 관덕로 33,제주특별자치도 제주시 삼도이동 54,33.51347741,126.5223486654,중아지하상가 9번 게이트 앞,삼도119안전센터,Y,1987,1.9,제주소방서,064-729-0134,2024-02-07,1661000,소방청
제주-삼도12호,1,제주특별자치도,제주시,65001,제주특별자치도 제주시 관덕로 15,제주특별자치도 제주시 삼도이동 995-1,33.51325891,126.5208707,관덕정 버스정류장 서측,삼도119안전센터,Y,2002,1.8,제주소방서,064-729-0134,2024-02-07,1661000,소방청
제주-삼도11호,1,제주특별자치도,제주시,65001,제주특별자치도 제주시 북성로 25,제주특별자치도 제주시 삼도이동 1112-21,33.51571661,126.5220483,우체국물류센터 맞은편,삼도119안전센터,Y,2015,1.8,제주소방서,064-729-0134,2024-02-07,1661000,소방청
제주-삼도10호,1,제주특별자치도,제주시,65001,제주특별자치도 제주시 관덕로 7길 13,제주특별자치도 제주시 삼도이동 30-1,33.51445991,126.5229723,북초등학교 정문 맞은편,삼도119안전센터,Y,2002,1.8,제주소방서,064-729-0134,2024-02-07,1661000,소방청
제주-삼도9호,1,제주특별자치도,제주시,65001,제주특별자치도 제주시 서해안로 470,제주특별자치도 제주시 용담삼동 2377,33.51873711,126.4893671,어영마을정류장 옆,삼도119안전센터,Y,2002,2.0,제주소방서,064-729-0134,2024-02-07,1661000,소방청
제주-삼도8호,1,제주특별자치도,제주시,65001,제주특별자치도 제주시 관덕로 9길 11,제주특별자치도 제주시 삼도이동 22-1,33.5147247767,126.5239066,북초등학교 정문 동측 50M 지점,삼도119안전센터,Y,2002,1.8,제주소방서,064-729-0134,2024-02-07,1661000,소방청
제주-삼도7호,1,제주특별자치도,제주시,65001,제주특별자치도 제주시 북성로 10,제주특별자치도 제주시 삼도이동 14-9,33.5157923237,126.5235581,삼도이동 중앙지구대 맞은편,삼도119안전센터,Y,2002,1.8,제주소방서,064-729-0134,2024-02-07,1661000,소방청
제주-삼도6호,1,제주특별자치도,제주시,65001,제주특별자치도 제주시 무근성길 41,제주특별자치도 제주시 삼도이동 1095-1,33.5145585645,126.5200769,삼도이동 동네슈퍼 서측,삼도119안전센터,Y,2003,1.2,제주소방서,064-729-0134,2024-02-07,1661000,소방청
제주-삼도5호,1,제주특별자치도,제주시,65001,제주특별자치도 제주시 북성로 43,제주특별자치도 제주시 삼도이동 1116-4,33.5154900635,126.5202915,삼도이동 말고기연구소 동측,삼도119안전센터,Y,2005,1.8,제주소방서,064-729-0134,2024-02-07,1661000,소방청
제주-삼도4호,1,제주특별자치도,제주시,65001,제주특별자치도 제주시 무근성길 28,제주특별자치도 제주시 삼도이동 1160-18,33.5156769399,126.5191687889,삼도이동 소망카센타 북측,삼도119안전센터,Y,2003,1.8,제주소방서,064-729-0134,2024-02-07,1661000,소방청
제주-삼도3호,1,제주특별자치도,제주시,65001,제주특별자치도 제주시 탑동로 121,제주특별자치도 제주시 삼도이동 1157-17,33.51439441,126.5181967,골목길 입구 전신주 옆,삼도119안전센터,Y,2002,1.8,제주소방서,064-729-0134,2024-02-07,1661000,소방청
제주-삼도2호,1,제주특별자치도,제주시,65001,제주특별자치도 제주시 탑동로 11길 2,제주특별자치도 제주시 삼도이동 1167-4,33.51668571,126.5169703,명물식당 옆 무료주차장 입구,삼도119안전센터,Y,2012,2.5,제주소방서,064-729-0134,2024-02-07,1661000,소방청
제주-삼도1호,1,제주특별자치도,제주시,65001,제주특별자치도 제주시 탑동로 101,제주특별자치도 제주시 삼도이동 1164-7,33.51588471,126.5171112,삼도119센터 앞,삼도119안전센터,N,2001,1.8,제주소방서,064-729-0134,2024-02-07,1661000,소방청
이도-161호,1,제주특별자치도,제주시,50110,제주특별자치도 제주시 원남6길 27,,33.4868035945,126.530203947,돈명가해장국 앞,이도119안전센터,Y,2020,2.8,제주소방서,064-756-1175,2024-02-07,1661000,소방청
이도-160호,1,제주특별자치도,제주시,50110,제주특별자치도 제주시 오등9길 27,,33.47541611,126.5242882452,아이빌어린이집 삼거리,이도119안전센터,Y,2018,2.8,제주소방서,064-756-1175,2024-02-07,1661000,소방청
이도-159호,1,제주특별자치도,제주시,50110,제주특별자치도 제주시 오현길81,,33.51206111,126.5249028365,동문수산시장상인회 주차장 앞 인도변,이도119안전센터,Y,2018,2.8,제주소방서,064-756-1175,2024-02-07,1661000,소방청
이도-158호,1,제주특별자치도,제주시,50110,제주특별자치도 제주시 연북로444,,33.4802172374,126.5290804287,제스코마트 앞 인도,이도119안전센터,Y,2017,3.0,제주소방서,064-756-1175,2024-02-07,1661000,소방청
이도-157호,1,제주특별자치도,제주시,50110,제주특별자치도 제주시 아연로 443,,33.4751819894,126.5275597458,오등동 마을회관 앞,이도119안전센터,Y,2015,2.8,제주소방서,064-756-1175,2024-02-07,1661000,소방청
이도-156호,1,제주특별자치도,제주시,50110,제주특별자치도 제주시 연신로 119,,33.4915536856,126.5508848845,막은내 수선화연립 서측,이도119안전센터,Y,2012,3.0,제주소방서,064-756-1175,2024-02-07,1661000,소방청
이도-155호,1,제주특별자치도,제주시,50110,제주특별자치도 제주시 서광로 283,,33.5005285656,126.5268991,제주시 서광로 283 CU앞,이도119안전센터,N,2012,1.5,제주소방서,064-756-1175,2024-02-07,1661000,소방청
이도-154호,1,제주특별자치도,제주시,50110,제주특별자치도 제주시 대원길 84,,33.4704316425,126.5340961,예다운어린이집 서측,이도119안전센터,Y,2011,2.6,제주소방서,064-756-1175,2024-02-07,1661000,소방청
이도-153호,1,제주특별자치도,제주시,50110,제주특별자치도 제주시 남광로2길 11-2,,33.4913295466,126.5380567941,,이도119안전센터,Y,2010,2.6,제주소방서,064-756-1175,2024-02-07,1661000,소방청
이도-152호,1,제주특별자치도,제주시,50110,제주특별자치도 제주시 남광로 4길15,,33.49208411,126.5397181,남광초교 서남측 사거리,이도119안전센터,Y,2010,2.7,제주소방서,064-756-1175,2024-02-07,1661000,소방청
이도-151호,1,제주특별자치도,제주시,50110,제주특별자치도 제주시 박성내서길8,,33.4922519597,126.5408687943,,이도119안전센터,Y,2010,2.6,제주소방서,064-756-1175,2024-02-07,1661000,소방청
이도-150호,1,제주특별자치도,제주시,50110,제주특별자치도 제주시 구남동5길 36,,33.4910793976,126.542003427,어반르토아 앞,이도119안전센터,N,2010,2.6,제주소방서,064-756-1175,2024-02-07,1661000,소방청
이도-149호,1,제주특별자치도,제주시,50110,제주특별자치도 제주시 박성내서길16-15,,33.4907206043,126.5408091,중앙여고 체육관 동측,이도119안전센터,Y,2010,2.6,제주소방서,064-756-1175,2024-02-07,1661000,소방청
이도-148호,1,제주특별자치도,제주시,50110,제주특별자치도 제주시 남광로2길39,,33.4896171589,126.5397671,중앙여고 정문 앞,이도119안전센터,Y,2010,2.6,제주소방서,064-756-1175,2024-02-07,1661000,소방청
이도-147호,1,제주특별자치도,제주시,50110,제주특별자치도 제주시 중앙로 379,,33.4885006416,126.5400032506,대산자동차공업사 동측 주차장,이도119안전센터,Y,2010,2.6,제주소방서,064-756-1175,2024-02-07,1661000,소방청
이도-146호,1,제주특별자치도,제주시,50110,제주특별자치도 제주시 남광로2길 86,,33.4898487874,126.5433406267,연북로해장국 앞,이도119안전센터,Y,2010,2.6,제주소방서,064-756-1175,2024-02-07,1661000,소방청
이도-145호,1,제주특별자치도,제주시,50110,제주특별자치도 제주시 연북로 593,,33.4888507374,126.5417328131,배비장 앞,이도119안전센터,Y,2010,2.6,제주소방서,064-756-1175,2024-02-07,1661000,소방청
이도-144호,1,제주특별자치도,제주시,50110,제주특별자치도 제주시 신설로 16,,33.4945665919,126.5431536948,,이도119안전센터,Y,2010,2.6,제주소방서,064-756-1175,2024-02-07,1661000,소방청
이도-143호,1,제주특별자치도,제주시,50110,제주특별자치도 제주시 신설로 28,,33.4933417095,126.5434046106,,이도119안전센터,Y,2010,2.6,제주소방서,064-756-1175,2024-02-07,1661000,소방청
이도-142호,1,제주특별자치도,제주시,50110,제주특별자치도 제주시 신설로 11길 31,,33.49310911,126.5460977664,한일베라체 102동 북측,이도119안전센터,Y,2010,2.7,제주소방서,064-756-1175,2024-02-07,1661000,소방청
이도-141호,1,제주특별자치도,제주시,50110,제주특별자치도 제주시 신설로7길 22,,33.4932645872,126.5446689653,동남한올레 동측,이도119안전센터,Y,2010,2.7,제주소방서,064-756-1175,2024-02-07,1661000,소방청
이도-140호,1,제주특별자치도,제주시,50110,제주특별자치도 제주시 신설로 11길 47,,33.493986648,126.5473195459,한일베리체 104동 북측 탐라마트 앞,이도119안전센터,Y,2010,2.6,제주소방서,064-756-1175,2024-02-07,1661000,소방청
이도-139호,1,제주특별자치도,제주시,50110,제주특별자치도 제주시 신설로 55,,33.4931973048,126.548135439,한일베라체 동북측,이도119안전센터,Y,2010,2.6,제주소방서,064-756-1175,2024-02-07,1661000,소방청
이도-138호,1,제주특별자치도,제주시,50110,제주특별자치도 제주시 연신로 67,,33.49559111,126.5479187365,제은자동차공업사 맞은편,이도119안전센터,Y,2010,2.7,제주소방서,064-756-1175,2024-02-07,1661000,소방청
이도-137호,1,제주특별자치도,제주시,50110,제주특별자치도 제주시 연신로 52,,33.4962868079,126.5462385717,한마음병원 북측사거리,이도119안전센터,Y,2010,2.6,제주소방서,064-756-1175,2024-02-07,1661000,소방청
이도-136호,1,제주특별자치도,제주시,50110,제주특별자치도 제주시 남광로 78,,33.4958230114,126.5433625312,남동주유소 서측사거리,이도119안전센터,Y,2010,2.7,제주소방서,064-756-1175,2024-02-07,1661000,소방청
이도-135호,1,제주특별자치도,제주시,50110,제주특별자치도 제주시 남광로 28,,33.493147597,126.539530713,남광초등교 정문 서측 사거리,이도119안전센터,Y,2010,2.5,제주소방서,064-756-1175,2024-02-07,1661000,소방청
이도-134호,1,제주특별자치도,제주시,50110,제주특별자치도 제주시 남광로10,,33.4922811849,126.5375990442,스트라이크볼링장 입구,이도119안전센터,Y,2010,2.7,제주소방서,064-756-1175,2024-02-07,1661000,소방청
이도-133호,1,제주특별자치도,제주시,50110,제주특별자치도 제주시 중앙로 335,,33.491759463,126.537341521,탐라LPG충전소 앞,이도119안전센터,Y,2010,2.5,제주소방서,064-756-1175,2024-02-07,1661000,소방청
이도-132호,1,제주특별자치도,제주시,50110,제주특별자치도 제주시 중앙로 363,,33.4896504715,126.5388459339,예다움치과 맞은편,이도119안전센터,Y,2010,2.6,제주소방서,064-756-1175,2024-02-07,1661000,소방청
이도-131호,1,제주특별자치도,제주시,50110,제주특별자치도 제주시 중앙로 383,,33.4883722996,126.5404042039,제주시농협 남광양지점 앞,이도119안전센터,Y,2010,2.6,제주소방서,064-756-1175,2024-02-07,1661000,소방청
이도-130호,1,제주특별자치도,제주시,50110,제주특별자치도 제주시 구남로2길 27,,33.4875210159,126.5343281,스토리마트 앞,이도119안전센터,Y,2010,2.5,제주소방서,064-756-1175,2024-02-07,1661000,소방청
이도-129호,1,제주특별자치도,제주시,50110,제주특별자치도 제주시 구남로2길 47,,33.48627511,126.5358253812,정원파인즈 8차 빌라 옆,이도119안전센터,Y,2010,2.5,제주소방서,064-756-1175,2024-02-07,1661000,소방청
이도-128호,1,제주특별자치도,제주시,50110,제주특별자치도 제주시 구남로6길 39,,33.4873337226,126.5366432781,그린빌라 북측,이도119안전센터,Y,2010,2.5,제주소방서,064-756-1175,2024-02-07,1661000,소방청
이도-127호,1,제주특별자치도,제주시,50110,제주특별자치도 제주시 구남동2길12,,33.49014111,126.5363282915,제주소방서 서측 공영주차장,이도119안전센터,Y,2010,2.5,제주소방서,064-756-1175,2024-02-07,1661000,소방청
이도-126호,1,제주특별자치도,제주시,50110,제주특별자치도 제주시 구남동2길 28,,33.4893345373,126.5350775596,민마트 나들가게 앞,이도119안전센터,Y,2010,2.5,제주소방서,064-756-1175,2024-02-07,1661000,소방청
이도-125호,1,제주특별자치도,제주시,50110,제주특별자치도 제주시 구남로8길1,,33.4912166755,126.5362111,유니클로 북측,이도119안전센터,Y,2010,2.5,제주소방서,064-756-1175,2024-02-07,1661000,소방청
이도-124호,1,제주특별자치도,제주시,50110,제주특별자치도 제주시 구남로,,33.49065811,126.5346991,이도주공 2단지입구 맞은편,이도119안전센터,Y,2010,2.5,제주소방서,064-756-1175,2024-02-07,1661000,소방청
이도-123호,1,제주특별자치도,제주시,50110,제주특별자치도 제주시 구남로 31,,33.4903602497,126.5331507159,이도주공 3단지입구 맞은편,이도119안전센터,Y,2010,2.5,제주소방서,064-756-1175,2024-02-07,1661000,소방청
이도-122호,1,제주특별자치도,제주시,50110,제주특별자치도 제주시 구남동2길 46,,33.48833311,126.5335111,셀프빨래방 앞,이도119안전센터,Y,2010,2.5,제주소방서,064-756-1175,2024-02-07,1661000,소방청
이도-121호,1,제주특별자치도,제주시,50110,제주특별자치도 제주시 구남로 2길 2,,33.4886659505,126.532379269,공단해장국이도점 앞,이도119안전센터,Y,2010,2.5,제주소방서,064-756-1175,2024-02-07,1661000,소방청
이도-120호,1,제주특별자치도,제주시,50110,제주특별자치도 제주시 구남동2길 58,,33.4878986712,126.5321344061,이도초교 정문 맞은편,이도119안전센터,Y,2010,2.5,제주소방서,064-756-1175,2024-02-07,1661000,소방청
이도-119호,1,제주특별자치도,제주시,50110,제주특별자치도 제주시 구남동6길 58-3,,33.4866417779,126.5336225817,신화종합상사 앞,이도119안전센터,Y,2010,2.5,제주소방서,064-756-1175,2024-02-07,1661000,소방청
이도-118호,1,제주특별자치도,제주시,50110,제주특별자치도 제주시 중앙로 372,,33.48872311,126.5389332919,남문주유소 남측,이도119안전센터,Y,2010,2.5,제주소방서,064-756-1175,2024-02-07,1661000,소방청
이도-117호,1,제주특별자치도,제주시,50110,제주특별자치도 제주시 중앙로 342,,33.4908890396,126.5366593145,제주소방서 남측,이도119안전센터,Y,2010,2.5,제주소방서,064-756-1175,2024-02-07,1661000,소방청
이도-116호,1,제주특별자치도,제주시,50110,제주특별자치도 제주시 중앙로 234,,33.4988404577,126.5301455024,(구)탐라도서 북측 모닝글로리 앞,이도119안전센터,Y,2008,4.0,제주소방서,064-756-1175,2024-02-07,1661000,소방청
이도-115호,1,제주특별자치도,제주시,50110,제주특별자치도 제주시 복지로 북길 29,,33.4891348174,126.5233962094,YR 오피스텔 앞,이도119안전센터,Y,2007,2.5,제주소방서,064-756-1175,2024-02-07,1661000,소방청
이도-114호,1,제주특별자치도,제주시,50110,제주특별자치도 제주시 복지로 북길 14,,33.4888432859,126.5217226703,제주지방청사 서남측 80M 지점 (바당수산 앞),이도119안전센터,Y,2007,2.5,제주소방서,064-756-1175,2024-02-07,1661000,소방청
이도-113호,1,제주특별자치도,제주시,50110,제주특별자치도 제주시 도남로 16길 15,,33.4915505225,126.5269427509,국민연금공단 북측10M 지점 (대원가 식당 앞),이도119안전센터,Y,2007,2.5,제주소방서,064-756-1175,2024-02-07,1661000,소방청
이도-112호,1,제주특별자치도,제주시,50110,제주특별자치도 제주시 청사로 85,,33.4902834818,126.5277382632,국민연금공단 동측25M 지점 (가시어멍마트 북측 20M),이도119안전센터,Y,2007,2.5,제주소방서,064-756-1175,2024-02-07,1661000,소방청
이도-111호,1,제주특별자치도,제주시,50110,제주특별자치도 제주시 복지로 9길 25,,33.4893660009,126.5272130888,국민연금공단 남측 52M 지점 인도 상 (청사 남측 공원 앞),이도119안전센터,Y,2007,2.5,제주소방서,064-756-1175,2024-02-07,1661000,소방청
이도-110호,1,제주특별자치도,제주시,50110,제주특별자치도 제주시 복지로 5길16,,33.488471719,126.5242236333,제주지방청사 남측 53M 지점 인도 상,이도119안전센터,N,2007,2.5,제주소방서,064-756-1175,2024-02-07,1661000,소방청
이도-109호,1,제주특별자치도,제주시,50110,제주특별자치도 제주시 복지로 1길 11,,33.4886399883,126.5203411,KBS 동측 입구 도로 맞은편,이도119안전센터,N,2007,2.5,제주소방서,064-756-1175,2024-02-07,1661000,소방청
이도-108호,1,제주특별자치도,제주시,50110,제주특별자치도 제주시 복지로 19,,33.4876865059,126.5197087353,무지개아파트 서남측 37M 지점 (병문천 3교 서측 10M),이도119안전센터,Y,2007,2.5,제주소방서,064-756-1175,2024-02-07,1661000,소방청
이도-107호,1,제주특별자치도,제주시,50110,제주특별자치도 제주시 복지로 3길,,33.48743211,126.5229051,제주지방청사 서남측 260M 지점 (병문천 3교 동측 20M),이도119안전센터,Y,2007,2.5,제주소방서,064-756-1175,2024-02-07,1661000,소방청
이도-106호,1,제주특별자치도,제주시,50110,제주특별자치도 제주시 청사로 67,,33.490133168,126.5262925739,제주지방청사 남측78M 지점 인도 상,이도119안전센터,Y,2007,2.5,제주소방서,064-756-1175,2024-02-07,1661000,소방청
이도-105호,1,제주특별자치도,제주시,50110,제주특별자치도 제주시 복지로 80,,33.487335429,126.5262446453,도남 아이진 건너편,이도119안전센터,Y,2007,2.5,제주소방서,064-756-1175,2024-02-07,1661000,소방청
이도-104호,1,제주특별자치도,제주시,50110,제주특별자치도 제주시 원남 6길 6,,33.48859211,126.5284009423,무지개아파트 서남측54M 지점 인도 상 회성푸르니 2차,이도119안전센터,Y,2007,2.5,제주소방서,064-756-1175,2024-02-07,1661000,소방청
이도-103호,1,제주특별자치도,제주시,50110,제주특별자치도 제주시 청사로 67,,33.490133168,126.5262925739,국민연금공단 남측 18M 지점 인도 상 (CU 앞),이도119안전센터,Y,1997,2.5,제주소방서,064-756-1175,2024-02-07,1661000,소방청
이도-102호,1,제주특별자치도,제주시,50110,제주특별자치도 제주시 청사로 38,,33.4895558783,126.523049038,서측 제주지방종합청사 서측 40M 지점 인도 상,이도119안전센터,Y,2007,2.5,제주소방서,064-756-1175,2024-02-07,1661000,소방청
이도-101호,1,제주특별자치도,제주시,50110,제주특별자치도 제주시 청사로13,,33.4900975488,126.5203311,CU편의점 앞,이도119안전센터,Y,2007,2.5,제주소방서,064-756-1175,2024-02-07,1661000,소방청
이도-100호,1,제주특별자치도,제주시,50110,제주특별자치도 제주시 한북로 186,,33.4615652074,126.5351058037,에이스골프연습장 앞,이도119안전센터,Y,2006,3.7,제주소방서,064-756-1175,2024-02-07,1661000,소방청
이도-99호,1,제주특별자치도,제주시,50110,제주특별자치도 제주시 천수로 21,,33.5028370466,126.5394409917,동여중 동인아파트 가동 앞,이도119안전센터,Y,2005,3.2,제주소방서,064-756-1175,2024-02-07,1661000,소방청
이도-98호,1,제주특별자치도,제주시,50110,제주특별자치도 제주시 동광로 55,,33.5034549627,126.5342940497,제주문화예술재단 앞,이도119안전센터,N,2004,2.8,제주소방서,064-756-1175,2024-02-07,1661000,소방청
이도-97호,1,제주특별자치도,제주시,50110,제주특별자치도 제주시 아연로310,,33.4662008277,126.5204690557,GM빌라 동측 앞,이도119안전센터,Y,2003,2.8,제주소방서,064-756-1175,2024-02-07,1661000,소방청
이도-96호,1,제주특별자치도,제주시,50110,제주특별자치도 제주시 동광로 5길 19-3,,33.50314611,126.5303331253,광양초등학교 후문,이도119안전센터,Y,2003,2.6,제주소방서,064-756-1175,2024-02-07,1661000,소방청
이도-95호,1,제주특별자치도,제주시,50110,제주특별자치도 제주시 중앙로 186-2,,33.5023057627,126.5275938843,누네띠네 스킨케어 앞,이도119안전센터,Y,2003,2.5,제주소방서,064-756-1175,2024-02-07,1661000,소방청
이도-94호,1,제주특별자치도,제주시,50110,제주특별자치도 제주시 동광로 1길 6,,33.5016721275,126.5294191771,광양초등학교 정문 앞,이도119안전센터,N,2000,2.6,제주소방서,064-756-1175,2024-02-07,1661000,소방청
이도-93호,1,제주특별자치도,제주시,50110,제주특별자치도 제주시 구남로 6길 23,,33.4885574781,126.5354929628,이도숯불갈비 앞,이도119안전센터,Y,2000,2.6,제주소방서,064-756-1175,2024-02-07,1661000,소방청
이도-92호,1,제주특별자치도,제주시,50110,제주특별자치도 제주시 광양13길 37,,33.50038211,126.5337897466,동광양 어린이놀이터 앞 화단 속,이도119안전센터,Y,2000,2.6,제주소방서,064-756-1175,2024-02-07,1661000,소방청
이도-91호,1,제주특별자치도,제주시,50110,제주특별자치도 제주시 광양9길 49,,33.5016963046,126.5344261,플러스투 주점 앞,이도119안전센터,Y,2000,2.6,제주소방서,064-756-1175,2024-02-07,1661000,소방청
이도-90호,1,제주특별자치도,제주시,50110,제주특별자치도 제주시 신설동길 52,,33.4944918334,126.5499244832,수선화아파트 D동103호 맞은편,이도119안전센터,Y,1998,2.7,제주소방서,064-756-1175,2024-02-07,1661000,소방청
이도-89호,1,제주특별자치도,제주시,50110,제주특별자치도 제주시 중앙로 99,,33.50939911,126.523853855,남문사거리 남동측 굿독애견미용클럽 앞,이도119안전센터,Y,1996,2.6,제주소방서,064-756-1175,2024-02-07,1661000,소방청
이도-88호,1,제주특별자치도,제주시,50110,제주특별자치도 제주시 동광로 13,,33.5015510587,126.5303341,삼다종합악기 앞,이도119안전센터,Y,1999,2.5,제주소방서,064-756-1175,2024-02-07,1661000,소방청
이도-87호,1,제주특별자치도,제주시,50110,제주특별자치도 제주시 도남서길22,,33.4933785117,126.5234624891,도남해모로리치힐 모퉁이,이도119안전센터,Y,1993,2.6,제주소방서,064-756-1175,2024-02-07,1661000,소방청
이도-86호,1,제주특별자치도,제주시,50110,제주특별자치도 제주시 고산동산3길28,,33.4983221698,126.5338314656,,이도119안전센터,Y,1993,2.6,제주소방서,064-756-1175,2024-02-07,1661000,소방청
이도-85호,1,제주특별자치도,제주시,50110,제주특별자치도 제주시 도남로 16길 17,,33.49120111,126.5270923953,무지개원룸 앞,이도119안전센터,Y,1993,2.7,제주소방서,064-756-1175,2024-02-07,1661000,소방청
이도-84호,1,제주특별자치도,제주시,50110,제주특별자치도 제주시 도남로13길 12,,33.4929285855,126.5295181318,수선화아파트 북측 맞은편,이도119안전센터,Y,1993,2.7,제주소방서,064-756-1175,2024-02-07,1661000,소방청
이도-83호,1,제주특별자치도,제주시,50110,제주특별자치도 제주시 신성로 10길 41,,33.493466493,126.5310686373,도남아델하임 남측 모퉁이,이도119안전센터,Y,2002,2.7,제주소방서,064-756-1175,2024-02-07,1661000,소방청
이도-82호,1,제주특별자치도,제주시,50110,제주특별자치도 제주시 고산동산 6길 10,,33.4947750799,126.5319547345,광림교회 입구 오른쪽,이도119안전센터,Y,1993,2.6,제주소방서,064-756-1175,2024-02-07,1661000,소방청
이도-81호,1,제주특별자치도,제주시,50110,제주특별자치도 제주시 중앙로 254-4,,33.49723611,126.5313911,태한인쇄 앞,이도119안전센터,Y,1993,2.9,제주소방서,064-756-1175,2024-02-07,1661000,소방청
이도-80호,1,제주특별자치도,제주시,50110,제주특별자치도 제주시 남광로 15,,33.492961425,126.5376971,열공독서실 앞,이도119안전센터,Y,1993,2.8,제주소방서,064-756-1175,2024-02-07,1661000,소방청
이도-79호,1,제주특별자치도,제주시,50110,제주특별자치도 제주시 남광북 5길10,,33.4932863249,126.5366481,법원정문 동측,이도119안전센터,Y,1996,2.6,제주소방서,064-756-1175,2024-02-07,1661000,소방청
이도-78호,1,제주특별자치도,제주시,50110,제주특별자치도 제주시 연삼로 422-1,,33.49644211,126.5362811,삼성디지털프라자 앞,이도119안전센터,Y,2001,2.5,제주소방서,064-756-1175,2024-02-07,1661000,소방청
이도-77호,1,제주특별자치도,제주시,50110,제주특별자치도 제주시 승천로22,,33.49597911,126.5393851,정무관 앞,이도119안전센터,N,1995,2.7,제주소방서,064-756-1175,2024-02-07,1661000,소방청
이도-76호,1,제주특별자치도,제주시,50110,제주특별자치도 제주시 도남로 8길 25-1,,33.49303111,126.5263224654,,이도119안전센터,Y,1993,2.6,제주소방서,064-756-1175,2024-02-07,1661000,소방청
이도-75호,1,제주특별자치도,제주시,50110,제주특별자치도 제주시 도남로 8길 3,,33.4948569383,126.5272978496,도남과일 직판장 앞,이도119안전센터,Y,1995,2.8,제주소방서,064-756-1175,2024-02-07,1661000,소방청
이도-74호,1,제주특별자치도,제주시,50110,제주특별자치도 제주시 도남로 121,,33.489946268,126.5291531,제주종합사회복지관 앞,이도119안전센터,Y,1995,2.7,제주소방서,064-756-1175,2024-02-07,1661000,소방청
이도-73호,1,제주특별자치도,제주시,50110,제주특별자치도 제주시 신성로 10길 9,,33.495959269,126.5300825112,대천암 앞,이도119안전센터,Y,1996,2.6,제주소방서,064-756-1175,2024-02-07,1661000,소방청
이도-72호,1,제주특별자치도,제주시,50110,제주특별자치도 제주시 고산동산3길 5,,33.4970910827,126.5326209777,,이도119안전센터,Y,2016,2.6,제주소방서,064-756-1175,2024-02-07,1661000,소방청
이도-71호,1,제주특별자치도,제주시,50110,제주특별자치도 제주시 가령로 72,,33.4978883317,126.5373216198,그린광고 맞은편,이도119안전센터,Y,1995,2.8,제주소방서,064-756-1175,2024-02-07,1661000,소방청
이도-70호,1,제주특별자치도,제주시,50110,제주특별자치도 제주시 독짓골 2길 19,,33.4907397291,126.5303824052,아산아파트 서측 화단 앞,이도119안전센터,Y,1996,2.4,제주소방서,064-756-1175,2024-02-07,1661000,소방청
이도-69호,1,제주특별자치도,제주시,50110,제주특별자치도 제주시 신성로 82-10,,33.49487311,126.5281204664,탐라사우나 맞은편,이도119안전센터,Y,1995,2.4,제주소방서,064-756-1175,2024-02-07,1661000,소방청
이도-68호,1,제주특별자치도,제주시,50110,제주특별자치도 제주시 신성로10길 28,,33.4944076094,126.5296975858,제주광염교회 앞,이도119안전센터,Y,1993,2.6,제주소방서,064-756-1175,2024-02-07,1661000,소방청
이도-67호,1,제주특별자치도,제주시,50110,제주특별자치도 제주시 중앙로 286,,33.4947573297,126.5329612934,김기수안과 앞,이도119안전센터,Y,2017,2.9,제주소방서,064-756-1175,2024-02-07,1661000,소방청
이도-66호,1,제주특별자치도,제주시,50110,제주특별자치도 제주시 도남로10길 36,,33.494892297,126.5244039508,해모루 106동 북서측 모퉁이,이도119안전센터,Y,1996,2.4,제주소방서,064-756-1175,2024-02-07,1661000,소방청
이도-65호,1,제주특별자치도,제주시,50110,제주특별자치도 제주시 연삼로 334,,33.4918785823,126.527998832,도남주유소 사거리 (백록아파트 방향),이도119안전센터,Y,2021,3.0,제주소방서,064-756-1175,2024-02-07,1661000,소방청
이도-64호,1,제주특별자치도,제주시,50110,제주특별자치도 제주시 연삼로 360,,33.4925188436,126.5308345378,연삼로 360 하이카 앞,이도119안전센터,Y,1996,2.6,제주소방서,064-756-1175,2024-02-07,1661000,소방청
이도-63호,1,제주특별자치도,제주시,50110,제주특별자치도 제주시 중앙로 327,,33.4921553158,126.5364711,제주소방서 사거리 세븐일레븐 앞,이도119안전센터,Y,1993,2.7,제주소방서,064-756-1175,2024-02-07,1661000,소방청
이도-62호,1,제주특별자치도,제주시,50110,제주특별자치도 제주시 중앙로 291,,33.494775632,126.5341348826,8호광장 사거리 복강빌딩 옆,이도119안전센터,Y,1993,2.6,제주소방서,064-756-1175,2024-02-07,1661000,소방청
이도-61호,1,제주특별자치도,제주시,50110,제주특별자치도 제주시 오복3길19,,33.49751611,126.5343482069,남북아파트 앞(오복3길19),이도119안전센터,Y,1993,2.6,제주소방서,064-756-1175,2024-02-07,1661000,소방청
이도-60호,1,제주특별자치도,제주시,50110,제주특별자치도 제주시 연삼로 417,,33.4963131651,126.5354920104,GS편의점 앞,이도119안전센터,Y,2004,2.9,제주소방서,064-756-1175,2024-02-07,1661000,소방청
이도-59호,1,제주특별자치도,제주시,50110,제주특별자치도 제주시 오복4길30,,33.49411311,126.5375532622,교육박물관 북측 하이퍼마켓 입구 앞,이도119안전센터,Y,2012,2.5,제주소방서,064-756-1175,2024-02-07,1661000,소방청
이도-58호,1,제주특별자치도,제주시,50110,제주특별자치도 제주시 가령로 74,,33.4977740908,126.5373916375,연삼로 상무정식당 사거리 북서측,이도119안전센터,Y,2017,2.9,제주소방서,064-756-1175,2024-02-07,1661000,소방청
이도-57호,1,제주특별자치도,제주시,50110,제주특별자치도 제주시 연신로 28,,33.4983939242,126.5451325069,한마음 사거리 북측 150m,이도119안전센터,Y,1993,2.6,제주소방서,064-756-1175,2024-02-07,1661000,소방청
이도-56호,1,제주특별자치도,제주시,50110,제주특별자치도 제주시 남광로 65,,33.4961581462,126.5420710611,해성무지개타운 앞,이도119안전센터,Y,1993,2.5,제주소방서,064-756-1175,2024-02-07,1661000,소방청
이도-55호,1,제주특별자치도,제주시,50110,제주특별자치도 제주시 승천로 27,,33.4964249027,126.5397282625,,이도119안전센터,Y,1993,2.7,제주소방서,064-756-1175,2024-02-07,1661000,소방청
이도-54호,1,제주특별자치도,제주시,50110,제주특별자치도 제주시 승천로 27,,33.4964249027,126.5397282625,,이도119안전센터,Y,2001,2.7,제주소방서,064-756-1175,2024-02-07,1661000,소방청
이도-53호,1,제주특별자치도,제주시,50110,제주특별자치도 제주시 연삼로 448,,33.4976523011,126.5384271,연삼로 빽풍해장국 앞,이도119안전센터,Y,2000,2.9,제주소방서,064-756-1175,2024-02-07,1661000,소방청
이도-52호,1,제주특별자치도,제주시,50110,제주특별자치도 제주시 연삼로 462,,33.498193444,126.5397460219,연삼로 삼무정 식당 동측 150m지점,이도119안전센터,Y,2000,2.8,제주소방서,064-756-1175,2024-02-07,1661000,소방청
이도-51호,1,제주특별자치도,제주시,50110,제주특별자치도 제주시 연삼로 476,,33.4989646275,126.5410581,중소기업센터 남측,이도119안전센터,Y,2000,2.8,제주소방서,064-756-1175,2024-02-07,1661000,소방청
이도-50호,1,제주특별자치도,제주시,50110,제주특별자치도 제주시 연삼로 506,,33.5003372115,126.5436311,선거관리위원회 건물 정문,이도119안전센터,Y,1993,2.7,제주소방서,064-756-1175,2024-02-07,1661000,소방청
이도-49호,1,제주특별자치도,제주시,50110,제주특별자치도 제주시 연삼로 495,,33.5003778989,126.5425481,학생문화원 입구 동측,이도119안전센터,Y,1993,2.9,제주소방서,064-756-1175,2024-02-07,1661000,소방청
이도-48호,1,제주특별자치도,제주시,50110,제주특별자치도 제주시 연삼로 465,,33.4990059534,126.539695771,중소기업지원센터 서측,이도119안전센터,Y,1993,2.6,제주소방서,064-756-1175,2024-02-07,1661000,소방청
이도-47호,1,제주특별자치도,제주시,50110,제주특별자치도 제주시 가령로73,,33.498142823,126.5378213113,정박사 냉면 앞,이도119안전센터,Y,1993,2.5,제주소방서,064-756-1175,2024-02-07,1661000,소방청
이도-46호,1,제주특별자치도,제주시,50110,제주특별자치도 제주시 가령로61,,33.4990587401,126.5369730734,그린광고 앞,이도119안전센터,Y,2002,2.5,제주소방서,064-756-1175,2024-02-07,1661000,소방청
이도-45호,1,제주특별자치도,제주시,50110,제주특별자치도 제주시 가령로35,,33.50097111,126.5369389364,경찰서 후문 남측 천지가든 맞은편,이도119안전센터,Y,1993,2.6,제주소방서,064-756-1175,2024-02-07,1661000,소방청
이도-44호,1,제주특별자치도,제주시,50110,제주특별자치도 제주시 가령로19,,33.50232511,126.5372834811,동부경찰서 후문 도로 맞은편,이도119안전센터,Y,1993,2.5,제주소방서,064-756-1175,2024-02-07,1661000,소방청
이도-43호,1,제주특별자치도,제주시,50110,제주특별자치도 제주시 고마로126,,33.5032109415,126.5419716122,동여중 동측 사거리,이도119안전센터,Y,1993,2.5,제주소방서,064-756-1175,2024-02-07,1661000,소방청
이도-42호,1,제주특별자치도,제주시,50110,제주특별자치도 제주시 정든로 50,,33.4981922552,126.5433421,구삼반점앞,이도119안전센터,Y,2004,2.5,제주소방서,064-756-1175,2024-02-07,1661000,소방청
이도-41호,1,제주특별자치도,제주시,50110,제주특별자치도 제주시 정든로29,,33.4972270545,126.5417239814,카맨샵 옆 인도상,이도119안전센터,Y,2015,2.4,제주소방서,064-756-1175,2024-02-07,1661000,소방청
이도-40호,1,제주특별자치도,제주시,50110,제주특별자치도 제주시 정든로20,,33.49717111,126.5405312885,,이도119안전센터,Y,2009,2.4,제주소방서,064-756-1175,2024-02-07,1661000,소방청
이도-39호,1,제주특별자치도,제주시,50110,제주특별자치도 제주시 청귤로 15,,33.4997342446,126.5382377175,선진인쇄사 앞,이도119안전센터,Y,2015,3.1,제주소방서,064-756-1175,2024-02-07,1661000,소방청
이도-38호,1,제주특별자치도,제주시,50110,제주특별자치도 제주시 청귤로3길11,,33.500768678,126.5383199322,샘물어린이집 서측 150M,이도119안전센터,Y,1993,2.7,제주소방서,064-756-1175,2024-02-07,1661000,소방청
이도-37호,1,제주특별자치도,제주시,50110,제주특별자치도 제주시 청귤로1길44,,33.5019029204,126.5388387611,수원공원 북측-샘물어린이집,이도119안전센터,Y,2019,2.5,제주소방서,064-756-1175,2024-02-07,1661000,소방청
이도-36호,1,제주특별자치도,제주시,50110,제주특별자치도 제주시 청귤로3길44,,33.50148411,126.5416887761,학생문화원 북측,이도119안전센터,Y,2017,2.5,제주소방서,064-756-1175,2024-02-07,1661000,소방청
이도-35호,1,제주특별자치도,제주시,50110,제주특별자치도 제주시 관덕로14길20,,33.51153411,126.5260182189,동문시장 고객지원센터 옆,이도119안전센터,N,2001,2.5,제주소방서,064-756-1175,2024-02-07,1661000,소방청
이도-34호,1,제주특별자치도,제주시,50110,제주특별자치도 제주시 중앙로342,,33.49083311,126.5366593,제주소방서내 구조대 옆,이도119안전센터,N,2005,2.5,제주소방서,064-756-1175,2024-02-07,1661000,소방청
이도-33호,1,제주특별자치도,제주시,50110,제주특별자치도 제주시 동광로12길30,,33.50077311,126.5354168242,동광양 현대빌라 앞,이도119안전센터,Y,1992,2.5,제주소방서,064-756-1175,2024-02-07,1661000,소방청
이도-32호,1,제주특별자치도,제주시,50110,제주특별자치도 제주시 신성로92,,33.49618911,126.5289664303,성환상가 맞은편 바둑교실 옆,이도119안전센터,Y,1992,2.5,제주소방서,064-756-1175,2024-02-07,1661000,소방청
이도-31호,1,제주특별자치도,제주시,50110,제주특별자치도 제주시 도남로 7길 22,,33.4982918801,126.5266741815,효성빌라 맞은편 남측 20M 지점,이도119안전센터,Y,2001,2.6,제주소방서,064-756-1175,2024-02-07,1661000,소방청
이도-30호,1,제주특별자치도,제주시,50110,제주특별자치도 제주시 삼성로17,,33.50563721,126.5277530385,삼성어린이집 앞,이도119안전센터,Y,2004,2.5,제주소방서,064-756-1175,2024-02-07,1661000,소방청
이도-29호,1,제주특별자치도,제주시,50110,제주특별자치도 제주시 중앙로 181,,33.5030820971,126.5276171,보성시장 입구 SK텔레콤 입구,이도119안전센터,Y,1993,2.8,제주소방서,064-756-1175,2024-02-07,1661000,소방청
이도-28호,1,제주특별자치도,제주시,50110,제주특별자치도 제주시 관덕로 14길 12,,33.51210714,126.5261539,동문시장 돌하루방 수산 내,이도119안전센터,N,2001,2.5,제주소방서,064-756-1175,2024-02-07,1661000,소방청
이도-27호,1,제주특별자치도,제주시,50110,제주특별자치도 제주시 아연로 457,,33.4754814185,126.5292208431,오등동버스정류소 서측 45M지점,이도119안전센터,Y,2021,2.5,제주소방서,064-756-1175,2024-02-07,1661000,소방청
이도-26호,1,제주특별자치도,제주시,50110,제주특별자치도 제주시 오현길 81,,33.51206311,126.5249028365,농협북측 만물상회 옆,이도119안전센터,N,2001,2.7,제주소방서,064-756-1175,2024-02-07,1661000,소방청
이도-25호,1,제주특별자치도,제주시,50110,제주특별자치도 제주시 관덕로 14길,,33.51245311,126.5266121,동문시장 대영축산물 종합할인매장 앞,이도119안전센터,N,2001,2.7,제주소방서,064-756-1175,2024-02-07,1661000,소방청
이도-24호,1,제주특별자치도,제주시,50110,제주특별자치도 제주시 중앙로 318,,33.49267111,126.5352723676,이도주공1단지 입구 주원약국 앞,이도119안전센터,Y,1995,2.8,제주소방서,064-756-1175,2024-02-07,1661000,소방청
이도-23호,1,제주특별자치도,제주시,50110,제주특별자치도 제주시 중앙로328,,33.49174111,126.5358734864,소방서사거리 서북측,이도119안전센터,Y,2004,2.6,제주소방서,064-756-1175,2024-02-07,1661000,소방청
이도-22호,2,제주특별자치도,제주시,50110,제주특별자치도 제주시 중앙로 213,,33.5006307636,126.5294601101,광양사거리 동남측 다이소 앞 인도,이도119안전센터,N,2001,2.8,제주소방서,064-756-1175,2024-02-07,1661000,소방청
이도-21호,1,제주특별자치도,제주시,50110,제주특별자치도 제주시 동고산로 40-2,,33.4989693214,126.5353051,물통삼거리 서측 우리집건강원 맞은편,이도119안전센터,N,2001,2.5,제주소방서,064-756-1175,2024-02-07,1661000,소방청
이도-20호,1,제주특별자치도,제주시,50110,제주특별자치도 제주시 가령로 1길 11,,33.5043286619,126.5381145251,허니루체하임 건물 앞,이도119안전센터,Y,2013,1.7,제주소방서,064-756-1175,2024-02-07,1661000,소방청
이도-19호,1,제주특별자치도,제주시,50110,제주특별자치도 제주시 가령로 1,,33.504074271,126.5367242399,동부경찰서 사거리 동남측코너,이도119안전센터,Y,2009,2.5,제주소방서,064-756-1175,2024-02-07,1661000,소방청
이도-18호,1,제주특별자치도,제주시,50110,제주특별자치도 제주시 도남로 22,,33.4980382067,126.5253869008,도남 송화아파트 입구,이도119안전센터,Y,1995,2.7,제주소방서,064-756-1175,2024-02-07,1661000,소방청
이도-17호,1,제주특별자치도,제주시,50110,제주특별자치도 제주시 도남로 54,,33.4955521303,126.5270546404,도남오거리 뚜레주르 앞,이도119안전센터,Y,2004,2.5,제주소방서,064-756-1175,2024-02-07,1661000,소방청
이도-16호,1,제주특별자치도,제주시,50110,제주특별자치도 제주시 중앙로 13길 9,,33.51142711,126.5255631,동문시장 11블럭 대길그릇 남측,이도119안전센터,N,1996,3.0,제주소방서,064-756-1175,2024-02-07,1661000,소방청
이도-15호,1,제주특별자치도,제주시,50110,제주특별자치도 제주시 서광로 32길 19,,33.4990778333,126.5287886072,학사로 마드리드 앞,이도119안전센터,Y,1996,2.3,제주소방서,064-756-1175,2024-02-07,1661000,소방청
이도-14호,1,제주특별자치도,제주시,50110,제주특별자치도 제주시 광양2길 10,,33.50142663,126.5278331,오렌지장 북측 하이힐유흥주점 앞,이도119안전센터,Y,1999,2.5,제주소방서,064-756-1175,2024-02-07,1661000,소방청
이도-13호,1,제주특별자치도,제주시,50110,제주특별자치도 제주시 서광로 29길 35,,33.503460525,126.5248832445,KT와 삼성초교 경계벽,이도119안전센터,Y,2001,2.5,제주소방서,064-756-1175,2024-02-07,1661000,소방청
이도-12호,1,제주특별자치도,제주시,50110,제주특별자치도 제주시 동광로 5길 32,,33.5042164619,126.530309311,삼성혈 남측 300m 삼흥상사 앞,이도119안전센터,Y,1994,2.8,제주소방서,064-756-1175,2024-02-07,1661000,소방청
이도-11호,1,제주특별자치도,제주시,50110,제주특별자치도 제주시 동광로 42,,33.5022745418,126.5333206178,호텔샬롬 후문 동측,이도119안전센터,Y,1996,2.7,제주소방서,064-756-1175,2024-02-07,1661000,소방청
이도-10호,1,제주특별자치도,제주시,50110,제주특별자치도 제주시 중앙로25길17,,33.5068653918,126.5267223295,이도일동 주민센터 입구 서측,이도119안전센터,Y,2017,2.5,제주소방서,064-756-1175,2024-02-07,1661000,소방청
이도-9호,1,제주특별자치도,제주시,50110,제주특별자치도 제주시 오현길 56,,33.51001594,126.5266591,남수각 떡집 맞은 편,이도119안전센터,Y,2004,2.5,제주소방서,064-756-1175,2024-02-07,1661000,소방청
이도-8호,1,제주특별자치도,제주시,50110,제주특별자치도 제주시 동고산로 28,,33.49881711,126.5338421,"고산로 구, 보건소 입구",이도119안전센터,N,2004,2.5,제주소방서,064-756-1175,2024-02-07,1661000,소방청
이도-7호,1,제주특별자치도,제주시,50110,제주특별자치도 제주시 서광로274,,33.49993441,126.5259218379,극동주유소 남측(다리 옆),이도119안전센터,Y,1999,3.2,제주소방서,064-756-1175,2024-02-07,1661000,소방청
이도-6호,1,제주특별자치도,제주시,50110,제주특별자치도 제주시 동광로24,,33.5017034095,126.5317743178,한화생명빌딩 서측 대양전파사 앞,이도119안전센터,Y,2004,2.5,제주소방서,064-756-1175,2024-02-07,1661000,소방청
이도-5호,2,제주특별자치도,제주시,50110,제주특별자치도 제주시 서광로 300,,33.5003271754,126.5284345629,광양사거리 서남측 100세약국 앞,이도119안전센터,N,2002,2.8,제주소방서,064-756-1175,2024-02-07,1661000,소방청
이도-4호,1,제주특별자치도,제주시,50110,제주특별자치도 제주시 중앙로61,,33.5126642987,126.5248053917,중앙로 사거리 이테리안경 앞,이도119안전센터,N,1995,3.0,제주소방서,064-756-1175,2024-02-07,1661000,소방청
이도-3호,1,제주특별자치도,제주시,50110,제주특별자치도 제주시 중앙로76,,33.5115143079,126.5242384444,중앙로 현대약국 맞은편 티파니보석점 앞,이도119안전센터,Y,2009,2.8,제주소방서,064-756-1175,2024-02-07,1661000,소방청
이도-2호,1,제주특별자치도,제주시,50110,제주특별자치도 제주시 중앙로 21길 4,,33.5078471486,126.5247476672,시민회관 맞은편 부자돼지식당 앞,이도119안전센터,Y,2002,2.8,제주소방서,064-756-1175,2024-02-07,1661000,소방청
이도-1호,2,제주특별자치도,제주시,50110,제주특별자치도 제주시 중앙로 148,,33.50547161,126.5254666511,칼호텔 맞은편,이도119안전센터,N,2001,2.8,제주소방서,064-756-1175,2024-02-07,1661000,소방청
